{
  "sequence_features": [
    {
      "sample_index": 208,
      "baseline_prediction": [
        0.9554936289787292,
        0.019398996606469154,
        0.02510746568441391
      ],
      "predicted_class": "Immunogenic",
      "actual_class": "Immunogenic",
      "confidence": 0.9554936289787292,
      "peptide_length": 23,
      "receptor_length": 612,
      "length_ratio": 0.03758169934640523,
      "peptide_hydrophobic_pct": 30.434782608695656,
      "receptor_hydrophobic_pct": 42.48366013071895,
      "peptide_charged_pct": 13.043478260869565,
      "receptor_charged_pct": 15.032679738562091,
      "peptide_polar_pct": 52.17391304347826,
      "receptor_polar_pct": 31.699346405228756,
      "peptide_avg_hydrophobicity": 0.7208695652173914,
      "receptor_avg_hydrophobicity": 0.9709967320261438,
      "peptide_avg_charge": -0.03913043478260869,
      "receptor_avg_charge": -0.01029411764705882,
      "peptide_avg_bulkiness": 13.704347826086956,
      "receptor_avg_bulkiness": 15.558006535947715,
      "hydrophobicity_match": 0,
      "charge_complementarity": 0,
      "bulkiness_match": 0,
      "peptide_entropy": 3.4642346527265664,
      "receptor_entropy": 3.8738547574964537
    },
    {
      "sample_index": 113,
      "baseline_prediction": [
        0.9467968940734863,
        0.008226297795772552,
        0.04497677460312843
      ],
      "predicted_class": "Immunogenic",
      "actual_class": "Immunogenic",
      "confidence": 0.9467968940734863,
      "peptide_length": 13,
      "receptor_length": 568,
      "length_ratio": 0.022887323943661973,
      "peptide_hydrophobic_pct": 23.076923076923077,
      "receptor_hydrophobic_pct": 37.5,
      "peptide_charged_pct": 38.46153846153847,
      "receptor_charged_pct": 17.6056338028169,
      "peptide_polar_pct": 30.76923076923077,
      "receptor_polar_pct": 30.809859154929576,
      "peptide_avg_hydrophobicity": 0.5446153846153846,
      "receptor_avg_hydrophobicity": 0.9065845070422536,
      "peptide_avg_charge": 0.38461538461538464,
      "receptor_avg_charge": -0.03380281690140845,
      "peptide_avg_bulkiness": 14.126153846153844,
      "receptor_avg_bulkiness": 15.2106161971831,
      "hydrophobicity_match": 0,
      "charge_complementarity": 0,
      "bulkiness_match": 0,
      "peptide_entropy": 2.4996981431844145,
      "receptor_entropy": 3.9360097529277107
    },
    {
      "sample_index": 160,
      "baseline_prediction": [
        0.7821455001831055,
        0.03298560157418251,
        0.18486887216567993
      ],
      "predicted_class": "Immunogenic",
      "actual_class": "Immunogenic",
      "confidence": 0.7821455001831055,
      "peptide_length": 11,
      "receptor_length": 568,
      "length_ratio": 0.01936619718309859,
      "peptide_hydrophobic_pct": 63.63636363636363,
      "receptor_hydrophobic_pct": 43.13380281690141,
      "peptide_charged_pct": 18.181818181818183,
      "receptor_charged_pct": 13.908450704225354,
      "peptide_polar_pct": 9.090909090909092,
      "receptor_polar_pct": 32.74647887323944,
      "peptide_avg_hydrophobicity": 0.9354545454545455,
      "receptor_avg_hydrophobicity": 0.942411971830986,
      "peptide_avg_charge": -0.18181818181818182,
      "receptor_avg_charge": -0.01602112676056338,
      "peptide_avg_bulkiness": 14.725454545454545,
      "receptor_avg_bulkiness": 15.51968309859155,
      "hydrophobicity_match": 0,
      "charge_complementarity": 0,
      "bulkiness_match": 0,
      "peptide_entropy": 2.7321588913645702,
      "receptor_entropy": 3.989212293435237
    },
    {
      "sample_index": 247,
      "baseline_prediction": [
        0.8662351369857788,
        0.0718756914138794,
        0.0618891604244709
      ],
      "predicted_class": "Immunogenic",
      "actual_class": "Immunogenic",
      "confidence": 0.8662351369857788,
      "peptide_length": 18,
      "receptor_length": 542,
      "length_ratio": 0.033210332103321034,
      "peptide_hydrophobic_pct": 22.22222222222222,
      "receptor_hydrophobic_pct": 42.25092250922509,
      "peptide_charged_pct": 33.33333333333333,
      "receptor_charged_pct": 14.022140221402212,
      "peptide_polar_pct": 27.77777777777778,
      "receptor_polar_pct": 30.073800738007378,
      "peptide_avg_hydrophobicity": 0.7333333333333334,
      "receptor_avg_hydrophobicity": 0.9142804428044281,
      "peptide_avg_charge": 0.11666666666666667,
      "receptor_avg_charge": 0.004797047970479705,
      "peptide_avg_bulkiness": 14.702222222222218,
      "receptor_avg_bulkiness": 14.897564575645756,
      "hydrophobicity_match": 0,
      "charge_complementarity": 0,
      "bulkiness_match": 0,
      "peptide_entropy": 3.461320140211008,
      "receptor_entropy": 3.919588564554858
    },
    {
      "sample_index": 165,
      "baseline_prediction": [
        0.8968286514282227,
        0.06453336775302887,
        0.03863794729113579
      ],
      "predicted_class": "Immunogenic",
      "actual_class": "Immunogenic",
      "confidence": 0.8968286514282227,
      "peptide_length": 16,
      "receptor_length": 568,
      "length_ratio": 0.028169014084507043,
      "peptide_hydrophobic_pct": 0.0,
      "receptor_hydrophobic_pct": 37.5,
      "peptide_charged_pct": 12.5,
      "receptor_charged_pct": 17.6056338028169,
      "peptide_polar_pct": 25.0,
      "receptor_polar_pct": 30.809859154929576,
      "peptide_avg_hydrophobicity": 0.7381249999999999,
      "receptor_avg_hydrophobicity": 0.9065845070422536,
      "peptide_avg_charge": 0.13125,
      "receptor_avg_charge": -0.03380281690140845,
      "peptide_avg_bulkiness": 8.295,
      "receptor_avg_bulkiness": 15.2106161971831,
      "hydrophobicity_match": 0,
      "charge_complementarity": 0,
      "bulkiness_match": 0,
      "peptide_entropy": 1.9528195311147831,
      "receptor_entropy": 3.9360097529277107
    },
    {
      "sample_index": 5,
      "baseline_prediction": [
        0.8867337703704834,
        0.014891917817294598,
        0.09837432205677032
      ],
      "predicted_class": "Immunogenic",
      "actual_class": "Non-Immunogenic",
      "confidence": 0.8867337703704834,
      "peptide_length": 11,
      "receptor_length": 567,
      "length_ratio": 0.019400352733686066,
      "peptide_hydrophobic_pct": 63.63636363636363,
      "receptor_hydrophobic_pct": 43.03350970017637,
      "peptide_charged_pct": 18.181818181818183,
      "receptor_charged_pct": 13.932980599647266,
      "peptide_polar_pct": 9.090909090909092,
      "receptor_polar_pct": 32.804232804232804,
      "peptide_avg_hydrophobicity": 0.9772727272727274,
      "receptor_avg_hydrophobicity": 0.9410229276895945,
      "peptide_avg_charge": -0.18181818181818182,
      "receptor_avg_charge": -0.01604938271604938,
      "peptide_avg_bulkiness": 14.903636363636364,
      "receptor_avg_bulkiness": 15.512751322751322,
      "hydrophobicity_match": 0,
      "charge_complementarity": 0,
      "bulkiness_match": 0,
      "peptide_entropy": 2.7321588913645702,
      "receptor_entropy": 3.9898640357892035
    },
    {
      "sample_index": 83,
      "baseline_prediction": [
        0.005451986100524664,
        0.9882059097290039,
        0.0063422080129384995
      ],
      "predicted_class": "Non-Immunogenic",
      "actual_class": "Non-Immunogenic",
      "confidence": 0.9882059097290039,
      "peptide_length": 22,
      "receptor_length": 712,
      "length_ratio": 0.03089887640449438,
      "peptide_hydrophobic_pct": 36.36363636363637,
      "receptor_hydrophobic_pct": 39.60674157303371,
      "peptide_charged_pct": 22.727272727272727,
      "receptor_charged_pct": 16.292134831460675,
      "peptide_polar_pct": 31.818181818181817,
      "receptor_polar_pct": 31.46067415730337,
      "peptide_avg_hydrophobicity": 0.73,
      "receptor_avg_hydrophobicity": 0.900449438202247,
      "peptide_avg_charge": 0.13636363636363635,
      "receptor_avg_charge": -0.017696629213483143,
      "peptide_avg_bulkiness": 14.028636363636364,