{"train_loss": 0.6277094483375549, "lr": 1.4122396545099138e-09, "train_ce": 0.6277094483375549, "train_acc": 0.7142857142857143, "train_f1_macro": 0.5166666666666667, "train_f1_weighted": 0.7714285714285715, "train_auroc": 0.0, "train_auprc_macro": 0.0, "train_auprc_class0": 0.0, "train_auprc_class1": 0.0, "train_auprc_class2": 0.0, "_timestamp": 1746893556, "_runtime": 38480, "_step": 2679, "_wandb": {"runtime": 39063}}