{"train_loss": 0.345819890499115, "lr": 1.4122396545099138e-09, "train_ce": 0.345819890499115, "train_acc": 0.8571428571428571, "train_f1_macro": 0.8857142857142857, "train_f1_weighted": 0.8530612244897959, "train_auroc": 0.0, "train_auprc_macro": 0.0, "train_auprc_class0": 0.0, "train_auprc_class1": 0.0, "train_auprc_class2": 0.0, "_timestamp": 1747320685, "_runtime": 39441, "_step": 2679, "_wandb": {"runtime": 40433}}