{"train_loss": 0.9257838129997253, "lr": 1.4122396545099138e-09, "train_ce": 0.9257838129997253, "train_acc": 0.7142857142857143, "train_f1_macro": 0.6666666666666666, "train_f1_weighted": 0.7142857142857143, "train_auroc": 0.0, "train_auprc_macro": 0.0, "train_auprc_class0": 0.0, "train_auprc_class1": 0.0, "train_auprc_class2": 0.0, "_timestamp": 1747176091, "_runtime": 23033, "_step": 2679, "_wandb": {"runtime": 23537}}