==============================================================
mamp-ml run log
==============================================================
date      : 2026-06-22 23:15:12
version   : mamp-ml 0.2.17
command   : mamp-ml predict Zinfandel_filtered_RLKs.xlsx --device cuda
python    : 3.10.16
platform  : Linux-4.18.0-553.126.1.el8_10.x86_64-x86_64-with-glibc2.28
input     : Zinfandel_filtered_RLKs.xlsx
device    : cuda
gpu       : Tesla V100-SXM2-32GB, CC 7.0, driver CUDA 13.0
pytorch   : 2.12.0
structure : colabfold
out_dir   : intermediate_files/Zinfandel_filtered_RLKs_job35155813_99f5
--------------------------------------------------------------
▶ Receptor FASTA  (est. <5s)
  ✓ Receptor FASTA · 62 unique receptor record(s) · 1.1s
     → intermediate_files/Zinfandel_filtered_RLKs_job35155813_99f5/receptor_full_length.fasta
  truncating 1/62 receptor(s) longer than 1300 aa to their N-terminal 1300 residues for folding (LRR ectodomain is N-terminal); full-length FASTA preserved at intermediate_files/Zinfandel_filtered_RLKs_job35155813_99f5/receptor_full_length.fasta
▶ Fold receptors · ColabFold (auto-detected)  (est. ~2–10 min/receptor on GPU × 62)
  running the discovered colabfold_batch automatically:
    ↳ /global/scratch/users/dmstev/localcolabfold/colabfold-conda/bin/colabfold_batch  (on $PATH)
  full ColabFold output is being written to intermediate_files/Zinfandel_filtered_RLKs_job35155813_99f5/mamp-ml-run.log
WARNING: All log messages before absl::InitializeLog() is called are written to STDERR
E0000 00:00:1782195375.271759  274230 cuda_dnn.cc:8579] Unable to register cuDNN factory: Attempting to register factory for plugin cuDNN when one has already been registered
E0000 00:00:1782195375.765965  274230 cuda_blas.cc:1407] Unable to register cuBLAS factory: Attempting to register factory for plugin cuBLAS when one has already been registered
W0000 00:00:1782195377.817167  274230 computation_placer.cc:177] computation placer already registered. Please check linkage and avoid linking the same target more than once.
W0000 00:00:1782195377.817204  274230 computation_placer.cc:177] computation placer already registered. Please check linkage and avoid linking the same target more than once.
W0000 00:00:1782195377.817207  274230 computation_placer.cc:177] computation placer already registered. Please check linkage and avoid linking the same target more than once.
W0000 00:00:1782195377.817209  274230 computation_placer.cc:177] computation placer already registered. Please check linkage and avoid linking the same target more than once.

WARNING: You are welcome to use the default MSA server, however keep in mind that it's a
limited shared resource only capable of processing a few thousand MSAs per day. Please
submit jobs only from a single IP address. We reserve the right to limit access to the
server case-by-case when usage exceeds fair use. If you require more MSAs: You can 
precompute all MSAs with `colabfold_search` or host your own API and pass it to `--host-url`

2026-06-22 23:18:30,389 Running colabfold 1.5.5 (bfc0e83d3b87730f6903f6c385b08c426d1e791e)
2026-06-22 23:18:40,265 Running on GPU
2026-06-22 23:18:46,982 Found 5 citations for tools or databases
2026-06-22 23:18:46,983 Query 1/62: Vitis_vinifera_g170000.p01_VCORE (length 320)
    folding 1/62 · Vitis_vinifera_g170000.p01_VCORE (320 aa)

  0%|          | 0/150 [elapsed: 00:00 remaining: ?]
SUBMIT:   0%|          | 0/150 [elapsed: 00:00 remaining: ?]
PENDING:   0%|          | 0/150 [elapsed: 00:00 remaining: ?]
                                                             

PENDING:   0%|          | 0/150 [elapsed: 00:00 remaining: ?]
PENDING:   0%|          | 0/150 [elapsed: 00:06 remaining: ?]
                                                             

PENDING:   0%|          | 0/150 [elapsed: 00:06 remaining: ?]
PENDING:   0%|          | 0/150 [elapsed: 00:16 remaining: ?]
                                                             

PENDING:   0%|          | 0/150 [elapsed: 00:16 remaining: ?]
PENDING:   0%|          | 0/150 [elapsed: 00:24 remaining: ?]
                                                             

PENDING:   0%|          | 0/150 [elapsed: 00:24 remaining: ?]
PENDING:   0%|          | 0/150 [elapsed: 00:32 remaining: ?]
                                                             

PENDING:   0%|          | 0/150 [elapsed: 00:32 remaining: ?]
PENDING:   0%|          | 0/150 [elapsed: 00:40 remaining: ?]
                                                             

PENDING:   0%|          | 0/150 [elapsed: 00:40 remaining: ?]
PENDING:   0%|          | 0/150 [elapsed: 00:46 remaining: ?]
                                                             

PENDING:   0%|          | 0/150 [elapsed: 00:46 remaining: ?]
PENDING:   0%|          | 0/150 [elapsed: 00:55 remaining: ?]
                                                             

PENDING:   0%|          | 0/150 [elapsed: 00:55 remaining: ?]
RUNNING:   0%|          | 0/150 [elapsed: 01:04 remaining: ?]
RUNNING:   5%|▌         | 8/150 [elapsed: 01:04 remaining: 19:03]
                                                                 

RUNNING:   5%|▌         | 8/150 [elapsed: 01:04 remaining: 19:03]
RUNNING:   5%|▌         | 8/150 [elapsed: 01:14 remaining: 19:03]
RUNNING:  11%|█▏        | 17/150 [elapsed: 01:14 remaining: 08:18]
                                                                  

RUNNING:  11%|█▏        | 17/150 [elapsed: 01:14 remaining: 08:18]
RUNNING:  11%|█▏        | 17/150 [elapsed: 01:24 remaining: 08:18]
RUNNING:  18%|█▊        | 27/150 [elapsed: 01:24 remaining: 04:56]
                                                                  

RUNNING:  18%|█▊        | 27/150 [elapsed: 01:24 remaining: 04:56]
RUNNING:  18%|█▊        | 27/150 [elapsed: 01:31 remaining: 04:56]
RUNNING:  22%|██▏       | 33/150 [elapsed: 01:31 remaining: 03:56]
                                                                  

RUNNING:  22%|██▏       | 33/150 [elapsed: 01:31 remaining: 03:56]
RUNNING:  22%|██▏       | 33/150 [elapsed: 01:38 remaining: 03:56]
RUNNING:  27%|██▋       | 40/150 [elapsed: 01:38 remaining: 03:07]
                                                                  

RUNNING:  27%|██▋       | 40/150 [elapsed: 01:38 remaining: 03:07]
RUNNING:  27%|██▋       | 40/150 [elapsed: 01:47 remaining: 03:07]
RUNNING:  32%|███▏      | 48/150 [elapsed: 01:47 remaining: 02:30]
                                                                  

RUNNING:  32%|███▏      | 48/150 [elapsed: 01:47 remaining: 02:30]
RUNNING:  32%|███▏      | 48/150 [elapsed: 01:54 remaining: 02:30]
RUNNING:  37%|███▋      | 55/150 [elapsed: 01:54 remaining: 02:08]
                                                                  

RUNNING:  37%|███▋      | 55/150 [elapsed: 01:54 remaining: 02:08]
RUNNING:  37%|███▋      | 55/150 [elapsed: 01:59 remaining: 02:08]
RUNNING:  40%|████      | 60/150 [elapsed: 01:59 remaining: 01:56]
                                                                  

RUNNING:  40%|████      | 60/150 [elapsed: 01:59 remaining: 01:56]
RUNNING:  40%|████      | 60/150 [elapsed: 02:09 remaining: 01:56]
RUNNING:  46%|████▌     | 69/150 [elapsed: 02:09 remaining: 01:37]
                                                                  

RUNNING:  46%|████▌     | 69/150 [elapsed: 02:09 remaining: 01:37]
RUNNING:  46%|████▌     | 69/150 [elapsed: 02:19 remaining: 01:37]
RUNNING:  53%|█████▎    | 79/150 [elapsed: 02:19 remaining: 01:21]
                                                                  

RUNNING:  53%|█████▎    | 79/150 [elapsed: 02:19 remaining: 01:21]
RUNNING:  53%|█████▎    | 79/150 [elapsed: 02:30 remaining: 01:21]
RUNNING:  59%|█████▉    | 89/150 [elapsed: 02:30 remaining: 01:07]
                                                                  

RUNNING:  59%|█████▉    | 89/150 [elapsed: 02:30 remaining: 01:07]
RUNNING:  59%|█████▉    | 89/150 [elapsed: 02:39 remaining: 01:07]
RUNNING:  65%|██████▌   | 98/150 [elapsed: 02:39 remaining: 00:56]
                                                                  

RUNNING:  65%|██████▌   | 98/150 [elapsed: 02:39 remaining: 00:56]
RUNNING:  65%|██████▌   | 98/150 [elapsed: 02:49 remaining: 00:56]
RUNNING:  71%|███████▏  | 107/150 [elapsed: 02:49 remaining: 00:46]
                                                                   

RUNNING:  71%|███████▏  | 107/150 [elapsed: 02:49 remaining: 00:46]
RUNNING:  71%|███████▏  | 107/150 [elapsed: 02:54 remaining: 00:46]
RUNNING:  75%|███████▍  | 112/150 [elapsed: 02:54 remaining: 00:41]
                                                                   

RUNNING:  75%|███████▍  | 112/150 [elapsed: 02:54 remaining: 00:41]
RUNNING:  75%|███████▍  | 112/150 [elapsed: 03:03 remaining: 00:41]
RUNNING:  80%|████████  | 120/150 [elapsed: 03:03 remaining: 00:32]
                                                                   

RUNNING:  80%|████████  | 120/150 [elapsed: 03:03 remaining: 00:32]
COMPLETE:  80%|████████  | 120/150 [elapsed: 03:11 remaining: 00:32]
COMPLETE: 100%|██████████| 150/150 [elapsed: 03:11 remaining: 00:00]
COMPLETE: 100%|██████████| 150/150 [elapsed: 03:13 remaining: 00:00]
WARNING: All log messages before absl::InitializeLog() is called are written to STDERR
I0000 00:00:1782195751.712957  274230 mlir_graph_optimization_pass.cc:425] MLIR V1 optimization pass is not enabled
2026-06-22 23:18:47,493 Sleeping for 6s. Reason: PENDING
2026-06-22 23:18:53,975 Sleeping for 9s. Reason: PENDING
2026-06-22 23:19:03,481 Sleeping for 8s. Reason: PENDING
2026-06-22 23:19:11,958 Sleeping for 7s. Reason: PENDING
2026-06-22 23:19:19,460 Sleeping for 8s. Reason: PENDING
2026-06-22 23:19:27,968 Sleeping for 5s. Reason: PENDING
2026-06-22 23:19:33,465 Sleeping for 9s. Reason: PENDING
2026-06-22 23:19:42,969 Sleeping for 8s. Reason: PENDING
2026-06-22 23:19:51,430 Sleeping for 9s. Reason: RUNNING
2026-06-22 23:20:00,993 Sleeping for 10s. Reason: RUNNING
2026-06-22 23:20:11,507 Sleeping for 6s. Reason: RUNNING
2026-06-22 23:20:18,022 Sleeping for 7s. Reason: RUNNING
2026-06-22 23:20:25,513 Sleeping for 8s. Reason: RUNNING
2026-06-22 23:20:33,994 Sleeping for 7s. Reason: RUNNING
2026-06-22 23:20:41,465 Sleeping for 5s. Reason: RUNNING
2026-06-22 23:20:46,948 Sleeping for 9s. Reason: RUNNING
2026-06-22 23:20:56,440 Sleeping for 10s. Reason: RUNNING
2026-06-22 23:21:06,929 Sleeping for 10s. Reason: RUNNING
2026-06-22 23:21:17,418 Sleeping for 9s. Reason: RUNNING
2026-06-22 23:21:26,915 Sleeping for 9s. Reason: RUNNING
2026-06-22 23:21:36,427 Sleeping for 5s. Reason: RUNNING
2026-06-22 23:21:41,936 Sleeping for 8s. Reason: RUNNING
2026-06-22 23:21:50,437 Sleeping for 8s. Reason: RUNNING
2026-06-22 23:22:37,260 Padding length to 330
2026-06-22 23:23:15,775 alphafold2_ptm_model_1_seed_000 recycle=0 pLDDT=85.4 pTM=0.621
2026-06-22 23:23:28,916 alphafold2_ptm_model_1_seed_000 recycle=1 pLDDT=85.8 pTM=0.631 tol=9
2026-06-22 23:23:28,916 alphafold2_ptm_model_1_seed_000 took 51.7s (1 recycles)
2026-06-22 23:23:29,053 reranking models by 'plddt' metric
2026-06-22 23:23:29,053 rank_001_alphafold2_ptm_model_1_seed_000 pLDDT=85.8 pTM=0.631
2026-06-22 23:23:29,606 Query 2/62: Vitis_vinifera_g066660.p01_VCORE (length 400)
    folding 2/62 · Vitis_vinifera_g066660.p01_VCORE (400 aa)

  0%|          | 0/150 [elapsed: 00:00 remaining: ?]
SUBMIT:   0%|          | 0/150 [elapsed: 00:00 remaining: ?]
PENDING:   0%|          | 0/150 [elapsed: 00:00 remaining: ?]
                                                             

PENDING:   0%|          | 0/150 [elapsed: 00:00 remaining: ?]
RUNNING:   0%|          | 0/150 [elapsed: 00:11 remaining: ?]
RUNNING:   7%|▋         | 10/150 [elapsed: 00:11 remaining: 02:34]
                                                                  

RUNNING:   7%|▋         | 10/150 [elapsed: 00:11 remaining: 02:34]
RUNNING:   7%|▋         | 10/150 [elapsed: 00:18 remaining: 02:34]
RUNNING:  11%|█▏        | 17/150 [elapsed: 00:18 remaining: 02:24]
                                                                  

RUNNING:  11%|█▏        | 17/150 [elapsed: 00:18 remaining: 02:24]
RUNNING:  11%|█▏        | 17/150 [elapsed: 00:29 remaining: 02:24]
RUNNING:  18%|█▊        | 27/150 [elapsed: 00:29 remaining: 02:12]
                                                                  

RUNNING:  18%|█▊        | 27/150 [elapsed: 00:29 remaining: 02:12]
RUNNING:  18%|█▊        | 27/150 [elapsed: 00:39 remaining: 02:12]
RUNNING:  25%|██▍       | 37/150 [elapsed: 00:39 remaining: 02:00]
                                                                  

RUNNING:  25%|██▍       | 37/150 [elapsed: 00:39 remaining: 02:00]
RUNNING:  25%|██▍       | 37/150 [elapsed: 00:50 remaining: 02:00]
RUNNING:  31%|███▏      | 47/150 [elapsed: 00:50 remaining: 01:49]
                                                                  

RUNNING:  31%|███▏      | 47/150 [elapsed: 00:50 remaining: 01:49]
RUNNING:  31%|███▏      | 47/150 [elapsed: 00:57 remaining: 01:49]
RUNNING:  36%|███▌      | 54/150 [elapsed: 00:57 remaining: 01:42]
                                                                  

RUNNING:  36%|███▌      | 54/150 [elapsed: 00:57 remaining: 01:42]
RUNNING:  36%|███▌      | 54/150 [elapsed: 01:06 remaining: 01:42]
RUNNING:  41%|████▏     | 62/150 [elapsed: 01:06 remaining: 01:33]
                                                                  

RUNNING:  41%|████▏     | 62/150 [elapsed: 01:06 remaining: 01:33]
RUNNING:  41%|████▏     | 62/150 [elapsed: 01:12 remaining: 01:33]
RUNNING:  45%|████▌     | 68/150 [elapsed: 01:12 remaining: 01:27]
                                                                  

RUNNING:  45%|████▌     | 68/150 [elapsed: 01:12 remaining: 01:27]
RUNNING:  45%|████▌     | 68/150 [elapsed: 01:18 remaining: 01:27]
RUNNING:  49%|████▊     | 73/150 [elapsed: 01:18 remaining: 01:22]
                                                                  

RUNNING:  49%|████▊     | 73/150 [elapsed: 01:18 remaining: 01:22]
RUNNING:  49%|████▊     | 73/150 [elapsed: 01:28 remaining: 01:22]
RUNNING:  55%|█████▌    | 83/150 [elapsed: 01:28 remaining: 01:11]
                                                                  

RUNNING:  55%|█████▌    | 83/150 [elapsed: 01:28 remaining: 01:11]
RUNNING:  55%|█████▌    | 83/150 [elapsed: 01:34 remaining: 01:11]
RUNNING:  59%|█████▊    | 88/150 [elapsed: 01:34 remaining: 01:06]
                                                                  

RUNNING:  59%|█████▊    | 88/150 [elapsed: 01:34 remaining: 01:06]
RUNNING:  59%|█████▊    | 88/150 [elapsed: 01:41 remaining: 01:06]
RUNNING:  63%|██████▎   | 95/150 [elapsed: 01:41 remaining: 00:58]
                                                                  

RUNNING:  63%|██████▎   | 95/150 [elapsed: 01:41 remaining: 00:58]
RUNNING:  63%|██████▎   | 95/150 [elapsed: 01:49 remaining: 00:58]
RUNNING:  68%|██████▊   | 102/150 [elapsed: 01:49 remaining: 00:51]
                                                                   

RUNNING:  68%|██████▊   | 102/150 [elapsed: 01:49 remaining: 00:51]
RUNNING:  68%|██████▊   | 102/150 [elapsed: 01:57 remaining: 00:51]
RUNNING:  73%|███████▎  | 109/150 [elapsed: 01:57 remaining: 00:44]
                                                                   

RUNNING:  73%|███████▎  | 109/150 [elapsed: 01:57 remaining: 00:44]
RUNNING:  73%|███████▎  | 109/150 [elapsed: 02:07 remaining: 00:44]
RUNNING:  79%|███████▉  | 119/150 [elapsed: 02:07 remaining: 00:33]
                                                                   

RUNNING:  79%|███████▉  | 119/150 [elapsed: 02:07 remaining: 00:33]
RUNNING:  79%|███████▉  | 119/150 [elapsed: 02:13 remaining: 00:33]
RUNNING:  83%|████████▎ | 124/150 [elapsed: 02:13 remaining: 00:28]
                                                                   

RUNNING:  83%|████████▎ | 124/150 [elapsed: 02:13 remaining: 00:28]
RUNNING:  83%|████████▎ | 124/150 [elapsed: 02:18 remaining: 00:28]
RUNNING:  86%|████████▌ | 129/150 [elapsed: 02:18 remaining: 00:22]
                                                                   

RUNNING:  86%|████████▌ | 129/150 [elapsed: 02:18 remaining: 00:22]
RUNNING:  86%|████████▌ | 129/150 [elapsed: 02:25 remaining: 00:22]
RUNNING:  90%|█████████ | 135/150 [elapsed: 02:25 remaining: 00:16]
                                                                   

RUNNING:  90%|█████████ | 135/150 [elapsed: 02:25 remaining: 00:16]
RUNNING:  90%|█████████ | 135/150 [elapsed: 02:30 remaining: 00:16]
RUNNING:  93%|█████████▎| 140/150 [elapsed: 02:30 remaining: 00:10]
                                                                   

RUNNING:  93%|█████████▎| 140/150 [elapsed: 02:30 remaining: 00:10]
RUNNING:  93%|█████████▎| 140/150 [elapsed: 02:38 remaining: 00:10]
RUNNING:  98%|█████████▊| 147/150 [elapsed: 02:38 remaining: 00:03]
                                                                   

RUNNING:  98%|█████████▊| 147/150 [elapsed: 02:38 remaining: 00:03]
COMPLETE:  98%|█████████▊| 147/150 [elapsed: 02:44 remaining: 00:03]
COMPLETE: 100%|██████████| 150/150 [elapsed: 02:44 remaining: 00:00]
COMPLETE: 100%|██████████| 150/150 [elapsed: 02:46 remaining: 00:00]
2026-06-22 23:23:30,115 Sleeping for 10s. Reason: PENDING
2026-06-22 23:23:40,633 Sleeping for 7s. Reason: RUNNING
2026-06-22 23:23:48,134 Sleeping for 10s. Reason: RUNNING
2026-06-22 23:23:58,758 Sleeping for 10s. Reason: RUNNING
2026-06-22 23:24:09,322 Sleeping for 10s. Reason: RUNNING
2026-06-22 23:24:19,898 Sleeping for 7s. Reason: RUNNING
2026-06-22 23:24:27,364 Sleeping for 8s. Reason: RUNNING
2026-06-22 23:24:35,849 Sleeping for 6s. Reason: RUNNING
2026-06-22 23:24:42,339 Sleeping for 5s. Reason: RUNNING
2026-06-22 23:24:47,802 Sleeping for 10s. Reason: RUNNING
2026-06-22 23:24:58,322 Sleeping for 5s. Reason: RUNNING
2026-06-22 23:25:03,804 Sleeping for 7s. Reason: RUNNING
2026-06-22 23:25:11,302 Sleeping for 7s. Reason: RUNNING
2026-06-22 23:25:18,779 Sleeping for 7s. Reason: RUNNING
2026-06-22 23:25:26,617 Sleeping for 10s. Reason: RUNNING
2026-06-22 23:25:37,130 Sleeping for 5s. Reason: RUNNING
2026-06-22 23:25:42,609 Sleeping for 5s. Reason: RUNNING
2026-06-22 23:25:48,106 Sleeping for 6s. Reason: RUNNING
2026-06-22 23:25:54,620 Sleeping for 5s. Reason: RUNNING
2026-06-22 23:26:00,107 Sleeping for 7s. Reason: RUNNING
2026-06-22 23:26:07,649 Sleeping for 6s. Reason: RUNNING
2026-06-22 23:26:24,226 Padding length to 410
2026-06-22 23:26:57,004 alphafold2_ptm_model_1_seed_000 recycle=0 pLDDT=68.3 pTM=0.571
2026-06-22 23:27:13,989 alphafold2_ptm_model_1_seed_000 recycle=1 pLDDT=71 pTM=0.604 tol=2.16
2026-06-22 23:27:13,991 alphafold2_ptm_model_1_seed_000 took 49.8s (1 recycles)
2026-06-22 23:27:14,195 reranking models by 'plddt' metric
2026-06-22 23:27:14,195 rank_001_alphafold2_ptm_model_1_seed_000 pLDDT=71 pTM=0.604
2026-06-22 23:27:15,087 Query 3/62: Vitis_vinifera_g481500.p01_VCORE (length 413)
    folding 3/62 · Vitis_vinifera_g481500.p01_VCORE (413 aa)

  0%|          | 0/150 [elapsed: 00:00 remaining: ?]
SUBMIT:   0%|          | 0/150 [elapsed: 00:00 remaining: ?]
PENDING:   0%|          | 0/150 [elapsed: 00:00 remaining: ?]
                                                             

PENDING:   0%|          | 0/150 [elapsed: 00:00 remaining: ?]
PENDING:   0%|          | 0/150 [elapsed: 00:07 remaining: ?]
                                                             

PENDING:   0%|          | 0/150 [elapsed: 00:07 remaining: ?]
PENDING:   0%|          | 0/150 [elapsed: 00:13 remaining: ?]
                                                             

PENDING:   0%|          | 0/150 [elapsed: 00:13 remaining: ?]
RUNNING:   0%|          | 0/150 [elapsed: 00:22 remaining: ?]
RUNNING:   5%|▌         | 8/150 [elapsed: 00:22 remaining: 06:30]
                                                                 

RUNNING:   5%|▌         | 8/150 [elapsed: 00:22 remaining: 06:30]
RUNNING:   5%|▌         | 8/150 [elapsed: 00:28 remaining: 06:30]
RUNNING:   9%|▉         | 14/150 [elapsed: 00:28 remaining: 04:16]
                                                                  

RUNNING:   9%|▉         | 14/150 [elapsed: 00:28 remaining: 04:16]
RUNNING:   9%|▉         | 14/150 [elapsed: 00:34 remaining: 04:16]
RUNNING:  13%|█▎        | 19/150 [elapsed: 00:34 remaining: 03:27]
                                                                  

RUNNING:  13%|█▎        | 19/150 [elapsed: 00:34 remaining: 03:27]
RUNNING:  13%|█▎        | 19/150 [elapsed: 00:40 remaining: 03:27]
RUNNING:  17%|█▋        | 25/150 [elapsed: 00:40 remaining: 02:53]
                                                                  

RUNNING:  17%|█▋        | 25/150 [elapsed: 00:40 remaining: 02:53]
RUNNING:  17%|█▋        | 25/150 [elapsed: 00:48 remaining: 02:53]
RUNNING:  21%|██▏       | 32/150 [elapsed: 00:48 remaining: 02:29]
                                                                  

RUNNING:  21%|██▏       | 32/150 [elapsed: 00:48 remaining: 02:29]
RUNNING:  21%|██▏       | 32/150 [elapsed: 00:58 remaining: 02:29]
RUNNING:  28%|██▊       | 42/150 [elapsed: 00:58 remaining: 02:05]
                                                                  

RUNNING:  28%|██▊       | 42/150 [elapsed: 00:58 remaining: 02:05]
RUNNING:  28%|██▊       | 42/150 [elapsed: 01:08 remaining: 02:05]
RUNNING:  35%|███▍      | 52/150 [elapsed: 01:08 remaining: 01:49]
                                                                  

RUNNING:  35%|███▍      | 52/150 [elapsed: 01:08 remaining: 01:49]
RUNNING:  35%|███▍      | 52/150 [elapsed: 01:19 remaining: 01:49]
RUNNING:  41%|████▏     | 62/150 [elapsed: 01:19 remaining: 01:36]
                                                                  

RUNNING:  41%|████▏     | 62/150 [elapsed: 01:19 remaining: 01:36]
RUNNING:  41%|████▏     | 62/150 [elapsed: 01:28 remaining: 01:36]
RUNNING:  47%|████▋     | 70/150 [elapsed: 01:28 remaining: 01:27]
                                                                  

RUNNING:  47%|████▋     | 70/150 [elapsed: 01:28 remaining: 01:27]
RUNNING:  47%|████▋     | 70/150 [elapsed: 01:35 remaining: 01:27]
RUNNING:  51%|█████▏    | 77/150 [elapsed: 01:35 remaining: 01:19]
                                                                  

RUNNING:  51%|█████▏    | 77/150 [elapsed: 01:35 remaining: 01:19]
RUNNING:  51%|█████▏    | 77/150 [elapsed: 01:44 remaining: 01:19]
RUNNING:  57%|█████▋    | 85/150 [elapsed: 01:44 remaining: 01:10]
                                                                  

RUNNING:  57%|█████▋    | 85/150 [elapsed: 01:44 remaining: 01:10]
RUNNING:  57%|█████▋    | 85/150 [elapsed: 01:54 remaining: 01:10]
RUNNING:  63%|██████▎   | 95/150 [elapsed: 01:54 remaining: 00:58]
                                                                  

RUNNING:  63%|██████▎   | 95/150 [elapsed: 01:54 remaining: 00:58]
RUNNING:  63%|██████▎   | 95/150 [elapsed: 02:02 remaining: 00:58]
RUNNING:  68%|██████▊   | 102/150 [elapsed: 02:02 remaining: 00:51]
                                                                   

RUNNING:  68%|██████▊   | 102/150 [elapsed: 02:02 remaining: 00:51]
RUNNING:  68%|██████▊   | 102/150 [elapsed: 02:07 remaining: 00:51]
RUNNING:  71%|███████▏  | 107/150 [elapsed: 02:07 remaining: 00:46]
                                                                   

RUNNING:  71%|███████▏  | 107/150 [elapsed: 02:07 remaining: 00:46]
RUNNING:  71%|███████▏  | 107/150 [elapsed: 02:18 remaining: 00:46]
RUNNING:  78%|███████▊  | 117/150 [elapsed: 02:18 remaining: 00:35]
                                                                   

RUNNING:  78%|███████▊  | 117/150 [elapsed: 02:18 remaining: 00:35]
RUNNING:  78%|███████▊  | 117/150 [elapsed: 02:28 remaining: 00:35]
RUNNING:  85%|████████▍ | 127/150 [elapsed: 02:28 remaining: 00:24]
                                                                   

RUNNING:  85%|████████▍ | 127/150 [elapsed: 02:28 remaining: 00:24]
RUNNING:  85%|████████▍ | 127/150 [elapsed: 02:37 remaining: 00:24]
RUNNING:  90%|█████████ | 135/150 [elapsed: 02:37 remaining: 00:15]
                                                                   

RUNNING:  90%|█████████ | 135/150 [elapsed: 02:37 remaining: 00:15]
RUNNING:  90%|█████████ | 135/150 [elapsed: 02:44 remaining: 00:15]
RUNNING:  95%|█████████▍| 142/150 [elapsed: 02:44 remaining: 00:08]
                                                                   

RUNNING:  95%|█████████▍| 142/150 [elapsed: 02:44 remaining: 00:08]
RUNNING:  95%|█████████▍| 142/150 [elapsed: 02:50 remaining: 00:08]
RUNNING:  98%|█████████▊| 147/150 [elapsed: 02:50 remaining: 00:03]
                                                                   

RUNNING:  98%|█████████▊| 147/150 [elapsed: 02:50 remaining: 00:03]
RUNNING:  98%|█████████▊| 147/150 [elapsed: 03:00 remaining: 00:03]
RUNNING: |          | 157/? [elapsed: 03:00 remaining: 00:00]      
                                                             

RUNNING: |          | 157/? [elapsed: 03:00 remaining: 00:00]
RUNNING: |          | 157/? [elapsed: 03:09 remaining: 00:00]
RUNNING: |          | 165/? [elapsed: 03:09 remaining: 00:00]
                                                             

RUNNING: |          | 165/? [elapsed: 03:09 remaining: 00:00]
RUNNING: |          | 165/? [elapsed: 03:14 remaining: 00:00]
RUNNING: |          | 170/? [elapsed: 03:14 remaining: 00:00]
                                                             

RUNNING: |          | 170/? [elapsed: 03:14 remaining: 00:00]
RUNNING: |          | 170/? [elapsed: 03:25 remaining: 00:00]
RUNNING: |          | 180/? [elapsed: 03:25 remaining: 00:00]
                                                             

RUNNING: |          | 180/? [elapsed: 03:25 remaining: 00:00]
RUNNING: |          | 180/? [elapsed: 03:35 remaining: 00:00]
RUNNING: |          | 190/? [elapsed: 03:35 remaining: 00:00]
                                                             

RUNNING: |          | 190/? [elapsed: 03:35 remaining: 00:00]
RUNNING: |          | 190/? [elapsed: 03:41 remaining: 00:00]
RUNNING: |          | 195/? [elapsed: 03:41 remaining: 00:00]
                                                             

RUNNING: |          | 195/? [elapsed: 03:41 remaining: 00:00]
RUNNING: |          | 195/? [elapsed: 03:48 remaining: 00:00]
RUNNING: |          | 202/? [elapsed: 03:48 remaining: 00:00]
                                                             

RUNNING: |          | 202/? [elapsed: 03:48 remaining: 00:00]
RUNNING: |          | 202/? [elapsed: 03:56 remaining: 00:00]
RUNNING: |          | 209/? [elapsed: 03:56 remaining: 00:00]
                                                             

RUNNING: |          | 209/? [elapsed: 03:56 remaining: 00:00]
RUNNING: |          | 209/? [elapsed: 04:03 remaining: 00:00]
RUNNING: |          | 216/? [elapsed: 04:03 remaining: 00:00]
                                                             

RUNNING: |          | 216/? [elapsed: 04:03 remaining: 00:00]
RUNNING: |          | 216/? [elapsed: 04:11 remaining: 00:00]
RUNNING: |          | 223/? [elapsed: 04:11 remaining: 00:00]
                                                             

RUNNING: |          | 223/? [elapsed: 04:11 remaining: 00:00]
RUNNING: |          | 223/? [elapsed: 04:19 remaining: 00:00]
RUNNING: |          | 231/? [elapsed: 04:19 remaining: 00:00]
                                                             

RUNNING: |          | 231/? [elapsed: 04:19 remaining: 00:00]
COMPLETE: |          | 231/? [elapsed: 04:27 remaining: 00:00]
COMPLETE: |          | 231/? [elapsed: 04:28 remaining: 00:00]
2026-06-22 23:27:15,628 Sleeping for 6s. Reason: PENDING
2026-06-22 23:27:22,127 Sleeping for 6s. Reason: PENDING
2026-06-22 23:27:28,616 Sleeping for 8s. Reason: PENDING
2026-06-22 23:27:37,130 Sleeping for 6s. Reason: RUNNING
2026-06-22 23:27:43,629 Sleeping for 5s. Reason: RUNNING
2026-06-22 23:27:49,114 Sleeping for 6s. Reason: RUNNING
2026-06-22 23:27:55,608 Sleeping for 7s. Reason: RUNNING
2026-06-22 23:28:03,122 Sleeping for 10s. Reason: RUNNING
2026-06-22 23:28:13,601 Sleeping for 10s. Reason: RUNNING
2026-06-22 23:28:24,090 Sleeping for 10s. Reason: RUNNING
2026-06-22 23:28:34,573 Sleeping for 8s. Reason: RUNNING
2026-06-22 23:28:43,170 Sleeping for 7s. Reason: RUNNING
2026-06-22 23:28:50,894 Sleeping for 8s. Reason: RUNNING
2026-06-22 23:28:59,397 Sleeping for 10s. Reason: RUNNING
2026-06-22 23:29:09,899 Sleeping for 7s. Reason: RUNNING
2026-06-22 23:29:17,381 Sleeping for 5s. Reason: RUNNING
2026-06-22 23:29:22,875 Sleeping for 10s. Reason: RUNNING
2026-06-22 23:29:33,395 Sleeping for 10s. Reason: RUNNING
2026-06-22 23:29:43,898 Sleeping for 8s. Reason: RUNNING
2026-06-22 23:29:52,430 Sleeping for 7s. Reason: RUNNING
2026-06-22 23:29:59,936 Sleeping for 5s. Reason: RUNNING
2026-06-22 23:30:05,420 Sleeping for 10s. Reason: RUNNING
2026-06-22 23:30:15,928 Sleeping for 8s. Reason: RUNNING
2026-06-22 23:30:24,429 Sleeping for 5s. Reason: RUNNING
2026-06-22 23:30:29,911 Sleeping for 10s. Reason: RUNNING
2026-06-22 23:30:40,377 Sleeping for 10s. Reason: RUNNING
2026-06-22 23:30:50,882 Sleeping for 5s. Reason: RUNNING
2026-06-22 23:30:56,372 Sleeping for 7s. Reason: RUNNING
2026-06-22 23:31:03,860 Sleeping for 7s. Reason: RUNNING
2026-06-22 23:31:11,342 Sleeping for 7s. Reason: RUNNING
2026-06-22 23:31:18,841 Sleeping for 7s. Reason: RUNNING
2026-06-22 23:31:26,376 Sleeping for 8s. Reason: RUNNING
2026-06-22 23:31:34,862 Sleeping for 7s. Reason: RUNNING
2026-06-22 23:32:04,311 Padding length to 423
2026-06-22 23:33:07,026 alphafold2_ptm_model_1_seed_000 recycle=0 pLDDT=81.9 pTM=0.527
2026-06-22 23:33:25,226 alphafold2_ptm_model_1_seed_000 recycle=1 pLDDT=82.8 pTM=0.542 tol=5.32
2026-06-22 23:33:25,288 alphafold2_ptm_model_1_seed_000 took 81.0s (1 recycles)
2026-06-22 23:33:26,112 reranking models by 'plddt' metric
2026-06-22 23:33:26,124 rank_001_alphafold2_ptm_model_1_seed_000 pLDDT=82.8 pTM=0.542
2026-06-22 23:33:27,986 Query 4/62: Vitis_vinifera_g194340.p01_VCORE (length 420)
    folding 4/62 · Vitis_vinifera_g194340.p01_VCORE (420 aa)

  0%|          | 0/150 [elapsed: 00:00 remaining: ?]
SUBMIT:   0%|          | 0/150 [elapsed: 00:00 remaining: ?]
PENDING:   0%|          | 0/150 [elapsed: 00:01 remaining: ?]
                                                             

PENDING:   0%|          | 0/150 [elapsed: 00:01 remaining: ?]
PENDING:   0%|          | 0/150 [elapsed: 00:10 remaining: ?]
                                                             

PENDING:   0%|          | 0/150 [elapsed: 00:10 remaining: ?]
PENDING:   0%|          | 0/150 [elapsed: 00:21 remaining: ?]
                                                             

PENDING:   0%|          | 0/150 [elapsed: 00:21 remaining: ?]
PENDING:   0%|          | 0/150 [elapsed: 00:30 remaining: ?]
                                                             

PENDING:   0%|          | 0/150 [elapsed: 00:30 remaining: ?]
PENDING:   0%|          | 0/150 [elapsed: 00:38 remaining: ?]
                                                             

PENDING:   0%|          | 0/150 [elapsed: 00:38 remaining: ?]
PENDING:   0%|          | 0/150 [elapsed: 00:44 remaining: ?]
                                                             

PENDING:   0%|          | 0/150 [elapsed: 00:44 remaining: ?]
RUNNING:   0%|          | 0/150 [elapsed: 00:52 remaining: ?]
RUNNING:   5%|▍         | 7/150 [elapsed: 00:52 remaining: 17:43]
                                                                 

RUNNING:   5%|▍         | 7/150 [elapsed: 00:52 remaining: 17:43]
RUNNING:   5%|▍         | 7/150 [elapsed: 01:01 remaining: 17:43]
RUNNING:  11%|█         | 16/150 [elapsed: 01:01 remaining: 07:23]
                                                                  

RUNNING:  11%|█         | 16/150 [elapsed: 01:01 remaining: 07:23]
RUNNING:  11%|█         | 16/150 [elapsed: 01:07 remaining: 07:23]
RUNNING:  14%|█▍        | 21/150 [elapsed: 01:07 remaining: 05:29]
                                                                  

RUNNING:  14%|█▍        | 21/150 [elapsed: 01:07 remaining: 05:29]
RUNNING:  14%|█▍        | 21/150 [elapsed: 01:16 remaining: 05:29]
RUNNING:  20%|██        | 30/150 [elapsed: 01:16 remaining: 03:43]
                                                                  

RUNNING:  20%|██        | 30/150 [elapsed: 01:16 remaining: 03:43]
RUNNING:  20%|██        | 30/150 [elapsed: 01:24 remaining: 03:43]
RUNNING:  25%|██▍       | 37/150 [elapsed: 01:24 remaining: 02:59]
                                                                  

RUNNING:  25%|██▍       | 37/150 [elapsed: 01:24 remaining: 02:59]
RUNNING:  25%|██▍       | 37/150 [elapsed: 01:32 remaining: 02:59]
RUNNING:  30%|███       | 45/150 [elapsed: 01:32 remaining: 02:27]
                                                                  

RUNNING:  30%|███       | 45/150 [elapsed: 01:32 remaining: 02:27]
RUNNING:  30%|███       | 45/150 [elapsed: 01:42 remaining: 02:27]
RUNNING:  36%|███▌      | 54/150 [elapsed: 01:42 remaining: 02:02]
                                                                  

RUNNING:  36%|███▌      | 54/150 [elapsed: 01:42 remaining: 02:02]
RUNNING:  36%|███▌      | 54/150 [elapsed: 01:52 remaining: 02:02]
RUNNING:  43%|████▎     | 64/150 [elapsed: 01:52 remaining: 01:42]
                                                                  

RUNNING:  43%|████▎     | 64/150 [elapsed: 01:52 remaining: 01:42]
RUNNING:  43%|████▎     | 64/150 [elapsed: 01:59 remaining: 01:42]
RUNNING:  47%|████▋     | 70/150 [elapsed: 01:59 remaining: 01:33]
                                                                  

RUNNING:  47%|████▋     | 70/150 [elapsed: 01:59 remaining: 01:33]
RUNNING:  47%|████▋     | 70/150 [elapsed: 02:07 remaining: 01:33]
RUNNING:  52%|█████▏    | 78/150 [elapsed: 02:07 remaining: 01:21]
                                                                  

RUNNING:  52%|█████▏    | 78/150 [elapsed: 02:07 remaining: 01:21]
RUNNING:  52%|█████▏    | 78/150 [elapsed: 02:15 remaining: 01:21]
RUNNING:  57%|█████▋    | 86/150 [elapsed: 02:15 remaining: 01:11]
                                                                  

RUNNING:  57%|█████▋    | 86/150 [elapsed: 02:15 remaining: 01:11]
RUNNING:  57%|█████▋    | 86/150 [elapsed: 02:24 remaining: 01:11]
RUNNING:  63%|██████▎   | 94/150 [elapsed: 02:24 remaining: 01:01]
                                                                  

RUNNING:  63%|██████▎   | 94/150 [elapsed: 02:24 remaining: 01:01]
RUNNING:  63%|██████▎   | 94/150 [elapsed: 02:34 remaining: 01:01]
RUNNING:  69%|██████▉   | 104/150 [elapsed: 02:34 remaining: 00:49]
                                                                   

RUNNING:  69%|██████▉   | 104/150 [elapsed: 02:34 remaining: 00:49]
RUNNING:  69%|██████▉   | 104/150 [elapsed: 02:44 remaining: 00:49]
RUNNING:  75%|███████▌  | 113/150 [elapsed: 02:44 remaining: 00:39]
                                                                   

RUNNING:  75%|███████▌  | 113/150 [elapsed: 02:44 remaining: 00:39]
RUNNING:  75%|███████▌  | 113/150 [elapsed: 02:51 remaining: 00:39]
RUNNING:  80%|████████  | 120/150 [elapsed: 02:51 remaining: 00:32]
                                                                   

RUNNING:  80%|████████  | 120/150 [elapsed: 02:51 remaining: 00:32]
RUNNING:  80%|████████  | 120/150 [elapsed: 03:02 remaining: 00:32]
RUNNING:  87%|████████▋ | 130/150 [elapsed: 03:02 remaining: 00:21]
                                                                   

RUNNING:  87%|████████▋ | 130/150 [elapsed: 03:02 remaining: 00:21]
RUNNING:  87%|████████▋ | 130/150 [elapsed: 03:10 remaining: 00:21]
RUNNING:  92%|█████████▏| 138/150 [elapsed: 03:10 remaining: 00:12]
                                                                   

RUNNING:  92%|█████████▏| 138/150 [elapsed: 03:10 remaining: 00:12]
RUNNING:  92%|█████████▏| 138/150 [elapsed: 03:20 remaining: 00:12]
RUNNING:  98%|█████████▊| 147/150 [elapsed: 03:20 remaining: 00:03]
                                                                   

RUNNING:  98%|█████████▊| 147/150 [elapsed: 03:20 remaining: 00:03]
RUNNING:  98%|█████████▊| 147/150 [elapsed: 03:25 remaining: 00:03]
RUNNING: |          | 152/? [elapsed: 03:25 remaining: 00:00]      
                                                             

RUNNING: |          | 152/? [elapsed: 03:25 remaining: 00:00]
RUNNING: |          | 152/? [elapsed: 03:33 remaining: 00:00]
RUNNING: |          | 159/? [elapsed: 03:33 remaining: 00:00]
                                                             

RUNNING: |          | 159/? [elapsed: 03:33 remaining: 00:00]
RUNNING: |          | 159/? [elapsed: 03:41 remaining: 00:00]
RUNNING: |          | 167/? [elapsed: 03:41 remaining: 00:00]
                                                             

RUNNING: |          | 167/? [elapsed: 03:41 remaining: 00:00]
RUNNING: |          | 167/? [elapsed: 03:47 remaining: 00:00]
RUNNING: |          | 172/? [elapsed: 03:47 remaining: 00:00]
                                                             

RUNNING: |          | 172/? [elapsed: 03:47 remaining: 00:00]
RUNNING: |          | 172/? [elapsed: 03:57 remaining: 00:00]
RUNNING: |          | 182/? [elapsed: 03:57 remaining: 00:00]
                                                             

RUNNING: |          | 182/? [elapsed: 03:57 remaining: 00:00]
RUNNING: |          | 182/? [elapsed: 04:05 remaining: 00:00]
RUNNING: |          | 189/? [elapsed: 04:05 remaining: 00:00]
                                                             

RUNNING: |          | 189/? [elapsed: 04:05 remaining: 00:00]
RUNNING: |          | 189/? [elapsed: 04:13 remaining: 00:00]
RUNNING: |          | 197/? [elapsed: 04:13 remaining: 00:00]
                                                             

RUNNING: |          | 197/? [elapsed: 04:13 remaining: 00:00]
RUNNING: |          | 197/? [elapsed: 04:24 remaining: 00:00]
RUNNING: |          | 207/? [elapsed: 04:24 remaining: 00:00]
                                                             

RUNNING: |          | 207/? [elapsed: 04:24 remaining: 00:00]
RUNNING: |          | 207/? [elapsed: 04:34 remaining: 00:00]
RUNNING: |          | 217/? [elapsed: 04:34 remaining: 00:00]
                                                             

RUNNING: |          | 217/? [elapsed: 04:34 remaining: 00:00]
COMPLETE: |          | 217/? [elapsed: 04:43 remaining: 00:00]
COMPLETE: |          | 217/? [elapsed: 04:44 remaining: 00:00]
2026-06-22 23:33:29,146 Sleeping for 9s. Reason: PENDING
2026-06-22 23:33:38,610 Sleeping for 10s. Reason: PENDING
2026-06-22 23:33:49,105 Sleeping for 9s. Reason: PENDING
2026-06-22 23:33:58,603 Sleeping for 7s. Reason: PENDING
2026-06-22 23:34:06,099 Sleeping for 6s. Reason: PENDING
2026-06-22 23:34:12,585 Sleeping for 7s. Reason: PENDING
2026-06-22 23:34:20,084 Sleeping for 9s. Reason: RUNNING
2026-06-22 23:34:29,589 Sleeping for 5s. Reason: RUNNING
2026-06-22 23:34:35,097 Sleeping for 9s. Reason: RUNNING
2026-06-22 23:34:44,615 Sleeping for 7s. Reason: RUNNING
2026-06-22 23:34:52,101 Sleeping for 8s. Reason: RUNNING
2026-06-22 23:35:00,603 Sleeping for 9s. Reason: RUNNING
2026-06-22 23:35:10,071 Sleeping for 10s. Reason: RUNNING
2026-06-22 23:35:20,558 Sleeping for 6s. Reason: RUNNING
2026-06-22 23:35:27,028 Sleeping for 8s. Reason: RUNNING
2026-06-22 23:35:35,520 Sleeping for 8s. Reason: RUNNING
2026-06-22 23:35:44,005 Sleeping for 8s. Reason: RUNNING
2026-06-22 23:35:52,501 Sleeping for 10s. Reason: RUNNING
2026-06-22 23:36:02,991 Sleeping for 9s. Reason: RUNNING
2026-06-22 23:36:12,480 Sleeping for 7s. Reason: RUNNING
2026-06-22 23:36:19,968 Sleeping for 10s. Reason: RUNNING
2026-06-22 23:36:30,455 Sleeping for 8s. Reason: RUNNING
2026-06-22 23:36:38,965 Sleeping for 9s. Reason: RUNNING
2026-06-22 23:36:48,430 Sleeping for 5s. Reason: RUNNING
2026-06-22 23:36:53,918 Sleeping for 7s. Reason: RUNNING
2026-06-22 23:37:01,396 Sleeping for 8s. Reason: RUNNING
2026-06-22 23:37:09,859 Sleeping for 5s. Reason: RUNNING
2026-06-22 23:37:15,317 Sleeping for 10s. Reason: RUNNING
2026-06-22 23:37:25,845 Sleeping for 7s. Reason: RUNNING
2026-06-22 23:37:33,329 Sleeping for 8s. Reason: RUNNING
2026-06-22 23:37:41,819 Sleeping for 10s. Reason: RUNNING
2026-06-22 23:37:52,292 Sleeping for 10s. Reason: RUNNING
2026-06-22 23:38:02,771 Sleeping for 8s. Reason: RUNNING
2026-06-22 23:38:24,705 Padding length to 423
2026-06-22 23:38:42,920 alphafold2_ptm_model_1_seed_000 recycle=0 pLDDT=81.1 pTM=0.571
2026-06-22 23:39:01,042 alphafold2_ptm_model_1_seed_000 recycle=1 pLDDT=80.2 pTM=0.558 tol=2.68
2026-06-22 23:39:01,043 alphafold2_ptm_model_1_seed_000 took 36.3s (1 recycles)
2026-06-22 23:39:01,414 reranking models by 'plddt' metric
2026-06-22 23:39:01,414 rank_001_alphafold2_ptm_model_1_seed_000 pLDDT=80.2 pTM=0.558
2026-06-22 23:39:02,034 Query 5/62: Vitis_vinifera_g265320.p01_VCORE (length 424)
    folding 5/62 · Vitis_vinifera_g265320.p01_VCORE (424 aa)

  0%|          | 0/150 [elapsed: 00:00 remaining: ?]
SUBMIT:   0%|          | 0/150 [elapsed: 00:00 remaining: ?]
PENDING:   0%|          | 0/150 [elapsed: 00:00 remaining: ?]
                                                             

PENDING:   0%|          | 0/150 [elapsed: 00:00 remaining: ?]
RUNNING:   0%|          | 0/150 [elapsed: 00:06 remaining: ?]
RUNNING:   4%|▍         | 6/150 [elapsed: 00:06 remaining: 02:46]
                                                                 

RUNNING:   4%|▍         | 6/150 [elapsed: 00:06 remaining: 02:46]
RUNNING:   4%|▍         | 6/150 [elapsed: 00:17 remaining: 02:46]
RUNNING:  11%|█         | 16/150 [elapsed: 00:17 remaining: 02:24]
                                                                  

RUNNING:  11%|█         | 16/150 [elapsed: 00:17 remaining: 02:24]
RUNNING:  11%|█         | 16/150 [elapsed: 00:27 remaining: 02:24]
RUNNING:  17%|█▋        | 26/150 [elapsed: 00:27 remaining: 02:12]
                                                                  

RUNNING:  17%|█▋        | 26/150 [elapsed: 00:27 remaining: 02:12]
RUNNING:  17%|█▋        | 26/150 [elapsed: 00:36 remaining: 02:12]
RUNNING:  23%|██▎       | 34/150 [elapsed: 00:36 remaining: 02:03]
                                                                  

RUNNING:  23%|██▎       | 34/150 [elapsed: 00:36 remaining: 02:03]
RUNNING:  23%|██▎       | 34/150 [elapsed: 00:44 remaining: 02:03]
RUNNING:  28%|██▊       | 42/150 [elapsed: 00:44 remaining: 01:54]
                                                                  

RUNNING:  28%|██▊       | 42/150 [elapsed: 00:44 remaining: 01:54]
RUNNING:  28%|██▊       | 42/150 [elapsed: 00:55 remaining: 01:54]
RUNNING:  35%|███▍      | 52/150 [elapsed: 00:55 remaining: 01:43]
                                                                  

RUNNING:  35%|███▍      | 52/150 [elapsed: 00:55 remaining: 01:43]
RUNNING:  35%|███▍      | 52/150 [elapsed: 01:04 remaining: 01:43]
RUNNING:  41%|████      | 61/150 [elapsed: 01:04 remaining: 01:34]
                                                                  

RUNNING:  41%|████      | 61/150 [elapsed: 01:04 remaining: 01:34]
RUNNING:  41%|████      | 61/150 [elapsed: 01:15 remaining: 01:34]
RUNNING:  47%|████▋     | 71/150 [elapsed: 01:15 remaining: 01:23]
                                                                  

RUNNING:  47%|████▋     | 71/150 [elapsed: 01:15 remaining: 01:23]
RUNNING:  47%|████▋     | 71/150 [elapsed: 01:24 remaining: 01:23]
RUNNING:  53%|█████▎    | 80/150 [elapsed: 01:24 remaining: 01:13]
                                                                  

RUNNING:  53%|█████▎    | 80/150 [elapsed: 01:24 remaining: 01:13]
RUNNING:  53%|█████▎    | 80/150 [elapsed: 01:33 remaining: 01:13]
RUNNING:  59%|█████▊    | 88/150 [elapsed: 01:33 remaining: 01:05]
                                                                  

RUNNING:  59%|█████▊    | 88/150 [elapsed: 01:33 remaining: 01:05]
RUNNING:  59%|█████▊    | 88/150 [elapsed: 01:42 remaining: 01:05]
RUNNING:  65%|██████▍   | 97/150 [elapsed: 01:42 remaining: 00:55]
                                                                  

RUNNING:  65%|██████▍   | 97/150 [elapsed: 01:42 remaining: 00:55]
RUNNING:  65%|██████▍   | 97/150 [elapsed: 01:51 remaining: 00:55]
RUNNING:  70%|███████   | 105/150 [elapsed: 01:51 remaining: 00:47]
                                                                   

RUNNING:  70%|███████   | 105/150 [elapsed: 01:51 remaining: 00:47]
RUNNING:  70%|███████   | 105/150 [elapsed: 02:00 remaining: 00:47]
RUNNING:  76%|███████▌  | 114/150 [elapsed: 02:00 remaining: 00:37]
                                                                   

RUNNING:  76%|███████▌  | 114/150 [elapsed: 02:00 remaining: 00:37]
RUNNING:  76%|███████▌  | 114/150 [elapsed: 02:11 remaining: 00:37]
RUNNING:  83%|████████▎ | 124/150 [elapsed: 02:11 remaining: 00:27]
                                                                   

RUNNING:  83%|████████▎ | 124/150 [elapsed: 02:11 remaining: 00:27]
RUNNING:  83%|████████▎ | 124/150 [elapsed: 02:16 remaining: 00:27]
RUNNING:  86%|████████▌ | 129/150 [elapsed: 02:16 remaining: 00:22]
                                                                   

RUNNING:  86%|████████▌ | 129/150 [elapsed: 02:16 remaining: 00:22]
RUNNING:  86%|████████▌ | 129/150 [elapsed: 02:26 remaining: 00:22]
RUNNING:  92%|█████████▏| 138/150 [elapsed: 02:26 remaining: 00:12]
                                                                   

RUNNING:  92%|█████████▏| 138/150 [elapsed: 02:26 remaining: 00:12]
RUNNING:  92%|█████████▏| 138/150 [elapsed: 02:35 remaining: 00:12]
RUNNING:  98%|█████████▊| 147/150 [elapsed: 02:35 remaining: 00:03]
                                                                   

RUNNING:  98%|█████████▊| 147/150 [elapsed: 02:35 remaining: 00:03]
COMPLETE:  98%|█████████▊| 147/150 [elapsed: 02:46 remaining: 00:03]
COMPLETE: 100%|██████████| 150/150 [elapsed: 02:46 remaining: 00:00]
COMPLETE: 100%|██████████| 150/150 [elapsed: 02:47 remaining: 00:00]
2026-06-22 23:39:02,520 Sleeping for 6s. Reason: PENDING
2026-06-22 23:39:08,994 Sleeping for 10s. Reason: RUNNING
2026-06-22 23:39:19,479 Sleeping for 10s. Reason: RUNNING
2026-06-22 23:39:29,959 Sleeping for 8s. Reason: RUNNING
2026-06-22 23:39:38,467 Sleeping for 8s. Reason: RUNNING
2026-06-22 23:39:46,953 Sleeping for 10s. Reason: RUNNING
2026-06-22 23:39:57,487 Sleeping for 9s. Reason: RUNNING
2026-06-22 23:40:06,970 Sleeping for 10s. Reason: RUNNING
2026-06-22 23:40:17,485 Sleeping for 9s. Reason: RUNNING
2026-06-22 23:40:26,950 Sleeping for 8s. Reason: RUNNING
2026-06-22 23:40:35,433 Sleeping for 9s. Reason: RUNNING
2026-06-22 23:40:44,904 Sleeping for 8s. Reason: RUNNING
2026-06-22 23:40:53,363 Sleeping for 9s. Reason: RUNNING
2026-06-22 23:41:02,851 Sleeping for 10s. Reason: RUNNING
2026-06-22 23:41:13,351 Sleeping for 5s. Reason: RUNNING
2026-06-22 23:41:18,850 Sleeping for 9s. Reason: RUNNING
2026-06-22 23:41:28,316 Sleeping for 9s. Reason: RUNNING
2026-06-22 23:41:37,804 Sleeping for 10s. Reason: RUNNING
2026-06-22 23:42:04,036 Padding length to 434
2026-06-22 23:43:09,604 alphafold2_ptm_model_1_seed_000 recycle=0 pLDDT=81.1 pTM=0.456
2026-06-22 23:43:28,488 alphafold2_ptm_model_1_seed_000 recycle=1 pLDDT=81.5 pTM=0.451 tol=3.72
2026-06-22 23:43:28,489 alphafold2_ptm_model_1_seed_000 took 84.5s (1 recycles)
2026-06-22 23:43:28,697 reranking models by 'plddt' metric
2026-06-22 23:43:28,697 rank_001_alphafold2_ptm_model_1_seed_000 pLDDT=81.5 pTM=0.451
2026-06-22 23:43:29,799 Query 6/62: Vitis_vinifera_g426500.p01_VCORE (length 451)
    folding 6/62 · Vitis_vinifera_g426500.p01_VCORE (451 aa)

  0%|          | 0/150 [elapsed: 00:00 remaining: ?]
SUBMIT:   0%|          | 0/150 [elapsed: 00:00 remaining: ?]
PENDING:   0%|          | 0/150 [elapsed: 00:00 remaining: ?]
                                                             

PENDING:   0%|          | 0/150 [elapsed: 00:00 remaining: ?]
RUNNING:   0%|          | 0/150 [elapsed: 00:09 remaining: ?]
RUNNING:   5%|▌         | 8/150 [elapsed: 00:09 remaining: 02:46]
                                                                 

RUNNING:   5%|▌         | 8/150 [elapsed: 00:09 remaining: 02:46]
RUNNING:   5%|▌         | 8/150 [elapsed: 00:17 remaining: 02:46]
RUNNING:  11%|█         | 16/150 [elapsed: 00:17 remaining: 02:28]
                                                                  

RUNNING:  11%|█         | 16/150 [elapsed: 00:17 remaining: 02:28]
RUNNING:  11%|█         | 16/150 [elapsed: 00:28 remaining: 02:28]
RUNNING:  17%|█▋        | 26/150 [elapsed: 00:28 remaining: 02:13]
                                                                  

RUNNING:  17%|█▋        | 26/150 [elapsed: 00:28 remaining: 02:13]
RUNNING:  17%|█▋        | 26/150 [elapsed: 00:34 remaining: 02:13]
RUNNING:  21%|██▏       | 32/150 [elapsed: 00:34 remaining: 02:06]
                                                                  

RUNNING:  21%|██▏       | 32/150 [elapsed: 00:34 remaining: 02:06]
RUNNING:  21%|██▏       | 32/150 [elapsed: 00:44 remaining: 02:06]
RUNNING:  27%|██▋       | 41/150 [elapsed: 00:44 remaining: 01:56]
                                                                  

RUNNING:  27%|██▋       | 41/150 [elapsed: 00:44 remaining: 01:56]
RUNNING:  27%|██▋       | 41/150 [elapsed: 00:52 remaining: 01:56]
RUNNING:  33%|███▎      | 49/150 [elapsed: 00:52 remaining: 01:47]
                                                                  

RUNNING:  33%|███▎      | 49/150 [elapsed: 00:52 remaining: 01:47]
RUNNING:  33%|███▎      | 49/150 [elapsed: 00:58 remaining: 01:47]
RUNNING:  36%|███▌      | 54/150 [elapsed: 00:58 remaining: 01:42]
                                                                  

RUNNING:  36%|███▌      | 54/150 [elapsed: 00:58 remaining: 01:42]
RUNNING:  36%|███▌      | 54/150 [elapsed: 01:07 remaining: 01:42]
RUNNING:  42%|████▏     | 63/150 [elapsed: 01:07 remaining: 01:32]
                                                                  

RUNNING:  42%|████▏     | 63/150 [elapsed: 01:07 remaining: 01:32]
RUNNING:  42%|████▏     | 63/150 [elapsed: 01:13 remaining: 01:32]
RUNNING:  45%|████▌     | 68/150 [elapsed: 01:13 remaining: 01:27]
                                                                  

RUNNING:  45%|████▌     | 68/150 [elapsed: 01:13 remaining: 01:27]
RUNNING:  45%|████▌     | 68/150 [elapsed: 01:20 remaining: 01:27]
RUNNING:  50%|█████     | 75/150 [elapsed: 01:20 remaining: 01:20]
                                                                  

RUNNING:  50%|█████     | 75/150 [elapsed: 01:20 remaining: 01:20]
RUNNING:  50%|█████     | 75/150 [elapsed: 01:29 remaining: 01:20]
RUNNING:  55%|█████▌    | 83/150 [elapsed: 01:29 remaining: 01:11]
                                                                  

RUNNING:  55%|█████▌    | 83/150 [elapsed: 01:29 remaining: 01:11]
RUNNING:  55%|█████▌    | 83/150 [elapsed: 01:39 remaining: 01:11]
RUNNING:  62%|██████▏   | 93/150 [elapsed: 01:39 remaining: 01:00]
                                                                  

RUNNING:  62%|██████▏   | 93/150 [elapsed: 01:39 remaining: 01:00]
RUNNING:  62%|██████▏   | 93/150 [elapsed: 01:45 remaining: 01:00]
RUNNING:  65%|██████▌   | 98/150 [elapsed: 01:45 remaining: 00:55]
                                                                  

RUNNING:  65%|██████▌   | 98/150 [elapsed: 01:45 remaining: 00:55]
RUNNING:  65%|██████▌   | 98/150 [elapsed: 01:50 remaining: 00:55]
RUNNING:  69%|██████▊   | 103/150 [elapsed: 01:50 remaining: 00:50]
                                                                   

RUNNING:  69%|██████▊   | 103/150 [elapsed: 01:50 remaining: 00:50]
RUNNING:  69%|██████▊   | 103/150 [elapsed: 02:00 remaining: 00:50]
RUNNING:  75%|███████▍  | 112/150 [elapsed: 02:00 remaining: 00:40]
                                                                   

RUNNING:  75%|███████▍  | 112/150 [elapsed: 02:00 remaining: 00:40]
RUNNING:  75%|███████▍  | 112/150 [elapsed: 02:07 remaining: 00:40]
RUNNING:  79%|███████▉  | 119/150 [elapsed: 02:07 remaining: 00:33]
                                                                   

RUNNING:  79%|███████▉  | 119/150 [elapsed: 02:07 remaining: 00:33]
RUNNING:  79%|███████▉  | 119/150 [elapsed: 02:18 remaining: 00:33]
RUNNING:  86%|████████▌ | 129/150 [elapsed: 02:18 remaining: 00:22]
                                                                   

RUNNING:  86%|████████▌ | 129/150 [elapsed: 02:18 remaining: 00:22]
RUNNING:  86%|████████▌ | 129/150 [elapsed: 02:23 remaining: 00:22]
RUNNING:  89%|████████▉ | 134/150 [elapsed: 02:23 remaining: 00:17]
                                                                   

RUNNING:  89%|████████▉ | 134/150 [elapsed: 02:23 remaining: 00:17]
RUNNING:  89%|████████▉ | 134/150 [elapsed: 02:30 remaining: 00:17]
RUNNING:  93%|█████████▎| 140/150 [elapsed: 02:30 remaining: 00:10]
                                                                   

RUNNING:  93%|█████████▎| 140/150 [elapsed: 02:30 remaining: 00:10]
RUNNING:  93%|█████████▎| 140/150 [elapsed: 02:36 remaining: 00:10]
RUNNING:  97%|█████████▋| 146/150 [elapsed: 02:36 remaining: 00:04]
                                                                   

RUNNING:  97%|█████████▋| 146/150 [elapsed: 02:36 remaining: 00:04]
RUNNING:  97%|█████████▋| 146/150 [elapsed: 02:44 remaining: 00:04]
RUNNING: |          | 153/? [elapsed: 02:44 remaining: 00:00]      
                                                             

RUNNING: |          | 153/? [elapsed: 02:44 remaining: 00:00]
RUNNING: |          | 153/? [elapsed: 02:54 remaining: 00:00]
RUNNING: |          | 163/? [elapsed: 02:54 remaining: 00:00]
                                                             

RUNNING: |          | 163/? [elapsed: 02:54 remaining: 00:00]
RUNNING: |          | 163/? [elapsed: 03:04 remaining: 00:00]
RUNNING: |          | 172/? [elapsed: 03:04 remaining: 00:00]
                                                             

RUNNING: |          | 172/? [elapsed: 03:04 remaining: 00:00]
COMPLETE: |          | 172/? [elapsed: 03:12 remaining: 00:00]
COMPLETE: |          | 172/? [elapsed: 03:14 remaining: 00:00]
2026-06-22 23:43:30,718 Sleeping for 8s. Reason: PENDING
2026-06-22 23:43:39,197 Sleeping for 8s. Reason: RUNNING
2026-06-22 23:43:47,691 Sleeping for 10s. Reason: RUNNING
2026-06-22 23:43:58,146 Sleeping for 6s. Reason: RUNNING
2026-06-22 23:44:04,598 Sleeping for 9s. Reason: RUNNING
2026-06-22 23:44:14,126 Sleeping for 8s. Reason: RUNNING
2026-06-22 23:44:22,592 Sleeping for 5s. Reason: RUNNING
2026-06-22 23:44:28,063 Sleeping for 9s. Reason: RUNNING
2026-06-22 23:44:37,563 Sleeping for 5s. Reason: RUNNING
2026-06-22 23:44:43,046 Sleeping for 7s. Reason: RUNNING
2026-06-22 23:44:50,554 Sleeping for 8s. Reason: RUNNING
2026-06-22 23:44:59,015 Sleeping for 10s. Reason: RUNNING
2026-06-22 23:45:09,498 Sleeping for 5s. Reason: RUNNING
2026-06-22 23:45:14,989 Sleeping for 5s. Reason: RUNNING
2026-06-22 23:45:20,468 Sleeping for 9s. Reason: RUNNING
2026-06-22 23:45:29,960 Sleeping for 7s. Reason: RUNNING
2026-06-22 23:45:37,453 Sleeping for 10s. Reason: RUNNING
2026-06-22 23:45:47,949 Sleeping for 5s. Reason: RUNNING
2026-06-22 23:45:53,411 Sleeping for 6s. Reason: RUNNING
2026-06-22 23:45:59,869 Sleeping for 6s. Reason: RUNNING
2026-06-22 23:46:06,354 Sleeping for 7s. Reason: RUNNING
2026-06-22 23:46:13,854 Sleeping for 10s. Reason: RUNNING
2026-06-22 23:46:24,333 Sleeping for 9s. Reason: RUNNING
2026-06-22 23:46:33,816 Sleeping for 8s. Reason: RUNNING
2026-06-22 23:46:55,104 Padding length to 461
2026-06-22 23:47:30,733 alphafold2_ptm_model_1_seed_000 recycle=0 pLDDT=84.9 pTM=0.54
2026-06-22 23:47:51,199 alphafold2_ptm_model_1_seed_000 recycle=1 pLDDT=85.7 pTM=0.548 tol=3.51
2026-06-22 23:47:51,200 alphafold2_ptm_model_1_seed_000 took 56.1s (1 recycles)
2026-06-22 23:47:51,433 reranking models by 'plddt' metric
2026-06-22 23:47:51,433 rank_001_alphafold2_ptm_model_1_seed_000 pLDDT=85.7 pTM=0.548
2026-06-22 23:47:52,068 Query 7/62: Vitis_vinifera_g194280.p01_VCORE (length 473)
    folding 7/62 · Vitis_vinifera_g194280.p01_VCORE (473 aa)

  0%|          | 0/150 [elapsed: 00:00 remaining: ?]
SUBMIT:   0%|          | 0/150 [elapsed: 00:00 remaining: ?]
PENDING:   0%|          | 0/150 [elapsed: 00:00 remaining: ?]
                                                             

PENDING:   0%|          | 0/150 [elapsed: 00:00 remaining: ?]
RUNNING:   0%|          | 0/150 [elapsed: 00:07 remaining: ?]
RUNNING:   5%|▍         | 7/150 [elapsed: 00:07 remaining: 02:42]
                                                                 

RUNNING:   5%|▍         | 7/150 [elapsed: 00:07 remaining: 02:42]
RUNNING:   5%|▍         | 7/150 [elapsed: 00:18 remaining: 02:42]
RUNNING:  11%|█▏        | 17/150 [elapsed: 00:18 remaining: 02:23]
                                                                  

RUNNING:  11%|█▏        | 17/150 [elapsed: 00:18 remaining: 02:23]
RUNNING:  11%|█▏        | 17/150 [elapsed: 00:23 remaining: 02:23]
RUNNING:  15%|█▍        | 22/150 [elapsed: 00:23 remaining: 02:18]
                                                                  

RUNNING:  15%|█▍        | 22/150 [elapsed: 00:23 remaining: 02:18]
RUNNING:  15%|█▍        | 22/150 [elapsed: 00:33 remaining: 02:18]
RUNNING:  21%|██        | 31/150 [elapsed: 00:33 remaining: 02:07]
                                                                  

RUNNING:  21%|██        | 31/150 [elapsed: 00:33 remaining: 02:07]
RUNNING:  21%|██        | 31/150 [elapsed: 00:39 remaining: 02:07]
RUNNING:  25%|██▍       | 37/150 [elapsed: 00:39 remaining: 02:01]
                                                                  

RUNNING:  25%|██▍       | 37/150 [elapsed: 00:39 remaining: 02:01]
RUNNING:  25%|██▍       | 37/150 [elapsed: 00:50 remaining: 02:01]
RUNNING:  31%|███▏      | 47/150 [elapsed: 00:50 remaining: 01:49]
                                                                  

RUNNING:  31%|███▏      | 47/150 [elapsed: 00:50 remaining: 01:49]
RUNNING:  31%|███▏      | 47/150 [elapsed: 00:59 remaining: 01:49]
RUNNING:  37%|███▋      | 56/150 [elapsed: 00:59 remaining: 01:39]
                                                                  

RUNNING:  37%|███▋      | 56/150 [elapsed: 00:59 remaining: 01:39]
RUNNING:  37%|███▋      | 56/150 [elapsed: 01:08 remaining: 01:39]
RUNNING:  43%|████▎     | 64/150 [elapsed: 01:08 remaining: 01:31]
                                                                  

RUNNING:  43%|████▎     | 64/150 [elapsed: 01:08 remaining: 01:31]
RUNNING:  43%|████▎     | 64/150 [elapsed: 01:14 remaining: 01:31]
RUNNING:  47%|████▋     | 70/150 [elapsed: 01:14 remaining: 01:25]
                                                                  

RUNNING:  47%|████▋     | 70/150 [elapsed: 01:14 remaining: 01:25]
RUNNING:  47%|████▋     | 70/150 [elapsed: 01:25 remaining: 01:25]
RUNNING:  53%|█████▎    | 80/150 [elapsed: 01:25 remaining: 01:14]
                                                                  

RUNNING:  53%|█████▎    | 80/150 [elapsed: 01:25 remaining: 01:14]
RUNNING:  53%|█████▎    | 80/150 [elapsed: 01:34 remaining: 01:14]
RUNNING:  59%|█████▉    | 89/150 [elapsed: 01:34 remaining: 01:04]
                                                                  

RUNNING:  59%|█████▉    | 89/150 [elapsed: 01:34 remaining: 01:04]
RUNNING:  59%|█████▉    | 89/150 [elapsed: 01:44 remaining: 01:04]
RUNNING:  65%|██████▌   | 98/150 [elapsed: 01:44 remaining: 00:54]
                                                                  

RUNNING:  65%|██████▌   | 98/150 [elapsed: 01:44 remaining: 00:54]
RUNNING:  65%|██████▌   | 98/150 [elapsed: 01:54 remaining: 00:54]
RUNNING:  72%|███████▏  | 108/150 [elapsed: 01:54 remaining: 00:44]
                                                                   

RUNNING:  72%|███████▏  | 108/150 [elapsed: 01:54 remaining: 00:44]
RUNNING:  72%|███████▏  | 108/150 [elapsed: 02:05 remaining: 00:44]
RUNNING:  79%|███████▊  | 118/150 [elapsed: 02:05 remaining: 00:33]
                                                                   

RUNNING:  79%|███████▊  | 118/150 [elapsed: 02:05 remaining: 00:33]
RUNNING:  79%|███████▊  | 118/150 [elapsed: 02:14 remaining: 00:33]
RUNNING:  85%|████████▍ | 127/150 [elapsed: 02:14 remaining: 00:24]
                                                                   

RUNNING:  85%|████████▍ | 127/150 [elapsed: 02:14 remaining: 00:24]
RUNNING:  85%|████████▍ | 127/150 [elapsed: 02:21 remaining: 00:24]
RUNNING:  89%|████████▊ | 133/150 [elapsed: 02:21 remaining: 00:18]
                                                                   

RUNNING:  89%|████████▊ | 133/150 [elapsed: 02:21 remaining: 00:18]
RUNNING:  89%|████████▊ | 133/150 [elapsed: 02:27 remaining: 00:18]
RUNNING:  93%|█████████▎| 139/150 [elapsed: 02:27 remaining: 00:11]
                                                                   

RUNNING:  93%|█████████▎| 139/150 [elapsed: 02:27 remaining: 00:11]
RUNNING:  93%|█████████▎| 139/150 [elapsed: 02:34 remaining: 00:11]
RUNNING:  97%|█████████▋| 145/150 [elapsed: 02:34 remaining: 00:05]
                                                                   

RUNNING:  97%|█████████▋| 145/150 [elapsed: 02:34 remaining: 00:05]
RUNNING:  97%|█████████▋| 145/150 [elapsed: 02:40 remaining: 00:05]
RUNNING: |          | 151/? [elapsed: 02:40 remaining: 00:00]      
                                                             

RUNNING: |          | 151/? [elapsed: 02:40 remaining: 00:00]
RUNNING: |          | 151/? [elapsed: 02:51 remaining: 00:00]
RUNNING: |          | 161/? [elapsed: 02:51 remaining: 00:00]
                                                             

RUNNING: |          | 161/? [elapsed: 02:51 remaining: 00:00]
RUNNING: |          | 161/? [elapsed: 02:59 remaining: 00:00]
RUNNING: |          | 169/? [elapsed: 02:59 remaining: 00:00]
                                                             

RUNNING: |          | 169/? [elapsed: 02:59 remaining: 00:00]
RUNNING: |          | 169/? [elapsed: 03:07 remaining: 00:00]
RUNNING: |          | 176/? [elapsed: 03:07 remaining: 00:00]
                                                             

RUNNING: |          | 176/? [elapsed: 03:07 remaining: 00:00]
RUNNING: |          | 176/? [elapsed: 03:17 remaining: 00:00]
RUNNING: |          | 186/? [elapsed: 03:17 remaining: 00:00]
                                                             

RUNNING: |          | 186/? [elapsed: 03:17 remaining: 00:00]
COMPLETE: |          | 186/? [elapsed: 03:25 remaining: 00:00]
COMPLETE: |          | 186/? [elapsed: 03:30 remaining: 00:00]
2026-06-22 23:47:52,564 Sleeping for 7s. Reason: PENDING
2026-06-22 23:48:00,030 Sleeping for 10s. Reason: RUNNING
2026-06-22 23:48:10,479 Sleeping for 5s. Reason: RUNNING
2026-06-22 23:48:15,965 Sleeping for 9s. Reason: RUNNING
2026-06-22 23:48:25,539 Sleeping for 6s. Reason: RUNNING
2026-06-22 23:48:32,056 Sleeping for 10s. Reason: RUNNING
2026-06-22 23:48:42,519 Sleeping for 9s. Reason: RUNNING
2026-06-22 23:48:51,997 Sleeping for 8s. Reason: RUNNING
2026-06-22 23:49:00,477 Sleeping for 6s. Reason: RUNNING
2026-06-22 23:49:06,967 Sleeping for 10s. Reason: RUNNING
2026-06-22 23:49:17,459 Sleeping for 9s. Reason: RUNNING
2026-06-22 23:49:26,961 Sleeping for 9s. Reason: RUNNING
2026-06-22 23:49:36,447 Sleeping for 10s. Reason: RUNNING
2026-06-22 23:49:46,937 Sleeping for 10s. Reason: RUNNING
2026-06-22 23:49:57,449 Sleeping for 9s. Reason: RUNNING
2026-06-22 23:50:06,955 Sleeping for 6s. Reason: RUNNING
2026-06-22 23:50:13,450 Sleeping for 6s. Reason: RUNNING
2026-06-22 23:50:19,906 Sleeping for 6s. Reason: RUNNING
2026-06-22 23:50:26,379 Sleeping for 6s. Reason: RUNNING
2026-06-22 23:50:32,850 Sleeping for 10s. Reason: RUNNING
2026-06-22 23:50:43,330 Sleeping for 8s. Reason: RUNNING
2026-06-22 23:50:51,795 Sleeping for 7s. Reason: RUNNING
2026-06-22 23:50:59,278 Sleeping for 10s. Reason: RUNNING
2026-06-22 23:51:09,789 Sleeping for 6s. Reason: RUNNING
2026-06-22 23:51:36,079 Padding length to 483
2026-06-22 23:52:15,129 alphafold2_ptm_model_1_seed_000 recycle=0 pLDDT=85.8 pTM=0.627
2026-06-22 23:52:38,057 alphafold2_ptm_model_1_seed_000 recycle=1 pLDDT=87.2 pTM=0.635 tol=1.81
2026-06-22 23:52:38,058 alphafold2_ptm_model_1_seed_000 took 62.0s (1 recycles)
2026-06-22 23:52:38,413 reranking models by 'plddt' metric
2026-06-22 23:52:38,413 rank_001_alphafold2_ptm_model_1_seed_000 pLDDT=87.2 pTM=0.635
2026-06-22 23:52:39,333 Query 8/62: Vitis_vinifera_g350920.p01_VCORE (length 473)
    folding 8/62 · Vitis_vinifera_g350920.p01_VCORE (473 aa)

  0%|          | 0/150 [elapsed: 00:00 remaining: ?]
SUBMIT:   0%|          | 0/150 [elapsed: 00:00 remaining: ?]
PENDING:   0%|          | 0/150 [elapsed: 00:00 remaining: ?]
                                                             

PENDING:   0%|          | 0/150 [elapsed: 00:00 remaining: ?]
RUNNING:   0%|          | 0/150 [elapsed: 00:07 remaining: ?]
RUNNING:   4%|▍         | 6/150 [elapsed: 00:07 remaining: 02:52]
                                                                 

RUNNING:   4%|▍         | 6/150 [elapsed: 00:07 remaining: 02:52]
RUNNING:   4%|▍         | 6/150 [elapsed: 00:14 remaining: 02:52]
RUNNING:   9%|▊         | 13/150 [elapsed: 00:14 remaining: 02:32]
                                                                  

RUNNING:   9%|▊         | 13/150 [elapsed: 00:14 remaining: 02:32]
RUNNING:   9%|▊         | 13/150 [elapsed: 00:24 remaining: 02:32]
RUNNING:  15%|█▍        | 22/150 [elapsed: 00:24 remaining: 02:18]
                                                                  

RUNNING:  15%|█▍        | 22/150 [elapsed: 00:24 remaining: 02:18]
RUNNING:  15%|█▍        | 22/150 [elapsed: 00:32 remaining: 02:18]
RUNNING:  20%|██        | 30/150 [elapsed: 00:32 remaining: 02:08]
                                                                  

RUNNING:  20%|██        | 30/150 [elapsed: 00:32 remaining: 02:08]
RUNNING:  20%|██        | 30/150 [elapsed: 00:42 remaining: 02:08]
RUNNING:  25%|██▌       | 38/150 [elapsed: 00:42 remaining: 02:06]
                                                                  

RUNNING:  25%|██▌       | 38/150 [elapsed: 00:42 remaining: 02:06]
RUNNING:  25%|██▌       | 38/150 [elapsed: 00:49 remaining: 02:06]
RUNNING:  30%|███       | 45/150 [elapsed: 00:49 remaining: 01:56]
                                                                  

RUNNING:  30%|███       | 45/150 [elapsed: 00:49 remaining: 01:56]
RUNNING:  30%|███       | 45/150 [elapsed: 01:00 remaining: 01:56]
RUNNING:  37%|███▋      | 55/150 [elapsed: 01:00 remaining: 01:43]
                                                                  

RUNNING:  37%|███▋      | 55/150 [elapsed: 01:00 remaining: 01:43]
RUNNING:  37%|███▋      | 55/150 [elapsed: 01:10 remaining: 01:43]
RUNNING:  43%|████▎     | 65/150 [elapsed: 01:10 remaining: 01:31]
                                                                  

RUNNING:  43%|████▎     | 65/150 [elapsed: 01:10 remaining: 01:31]
RUNNING:  43%|████▎     | 65/150 [elapsed: 01:19 remaining: 01:31]
RUNNING:  49%|████▊     | 73/150 [elapsed: 01:19 remaining: 01:22]
                                                                  

RUNNING:  49%|████▊     | 73/150 [elapsed: 01:19 remaining: 01:22]
RUNNING:  49%|████▊     | 73/150 [elapsed: 01:27 remaining: 01:22]
RUNNING:  54%|█████▍    | 81/150 [elapsed: 01:27 remaining: 01:13]
                                                                  

RUNNING:  54%|█████▍    | 81/150 [elapsed: 01:27 remaining: 01:13]
RUNNING:  54%|█████▍    | 81/150 [elapsed: 01:34 remaining: 01:13]
RUNNING:  58%|█████▊    | 87/150 [elapsed: 01:34 remaining: 01:07]
                                                                  

RUNNING:  58%|█████▊    | 87/150 [elapsed: 01:34 remaining: 01:07]
RUNNING:  58%|█████▊    | 87/150 [elapsed: 01:40 remaining: 01:07]
RUNNING:  62%|██████▏   | 93/150 [elapsed: 01:40 remaining: 01:01]
                                                                  

RUNNING:  62%|██████▏   | 93/150 [elapsed: 01:40 remaining: 01:01]
RUNNING:  62%|██████▏   | 93/150 [elapsed: 01:46 remaining: 01:01]
RUNNING:  65%|██████▌   | 98/150 [elapsed: 01:46 remaining: 00:56]
                                                                  

RUNNING:  65%|██████▌   | 98/150 [elapsed: 01:46 remaining: 00:56]
RUNNING:  65%|██████▌   | 98/150 [elapsed: 01:56 remaining: 00:56]
RUNNING:  72%|███████▏  | 108/150 [elapsed: 01:56 remaining: 00:44]
                                                                   

RUNNING:  72%|███████▏  | 108/150 [elapsed: 01:56 remaining: 00:44]
RUNNING:  72%|███████▏  | 108/150 [elapsed: 02:06 remaining: 00:44]
RUNNING:  78%|███████▊  | 117/150 [elapsed: 02:06 remaining: 00:35]
                                                                   

RUNNING:  78%|███████▊  | 117/150 [elapsed: 02:06 remaining: 00:35]
RUNNING:  78%|███████▊  | 117/150 [elapsed: 02:16 remaining: 00:35]
RUNNING:  85%|████████▍ | 127/150 [elapsed: 02:16 remaining: 00:24]
                                                                   

RUNNING:  85%|████████▍ | 127/150 [elapsed: 02:16 remaining: 00:24]
RUNNING:  85%|████████▍ | 127/150 [elapsed: 02:23 remaining: 00:24]
RUNNING:  89%|████████▊ | 133/150 [elapsed: 02:23 remaining: 00:18]
                                                                   

RUNNING:  89%|████████▊ | 133/150 [elapsed: 02:23 remaining: 00:18]
RUNNING:  89%|████████▊ | 133/150 [elapsed: 02:31 remaining: 00:18]
RUNNING:  94%|█████████▍| 141/150 [elapsed: 02:31 remaining: 00:09]
                                                                   

RUNNING:  94%|█████████▍| 141/150 [elapsed: 02:31 remaining: 00:09]
RUNNING:  94%|█████████▍| 141/150 [elapsed: 02:38 remaining: 00:09]
RUNNING:  98%|█████████▊| 147/150 [elapsed: 02:38 remaining: 00:03]
                                                                   

RUNNING:  98%|█████████▊| 147/150 [elapsed: 02:38 remaining: 00:03]
RUNNING:  98%|█████████▊| 147/150 [elapsed: 02:46 remaining: 00:03]
RUNNING: |          | 155/? [elapsed: 02:46 remaining: 00:00]      
                                                             

RUNNING: |          | 155/? [elapsed: 02:46 remaining: 00:00]
RUNNING: |          | 155/? [elapsed: 02:52 remaining: 00:00]
RUNNING: |          | 160/? [elapsed: 02:52 remaining: 00:00]
                                                             

RUNNING: |          | 160/? [elapsed: 02:52 remaining: 00:00]
RUNNING: |          | 160/? [elapsed: 03:01 remaining: 00:00]
RUNNING: |          | 169/? [elapsed: 03:01 remaining: 00:00]
                                                             

RUNNING: |          | 169/? [elapsed: 03:01 remaining: 00:00]
RUNNING: |          | 169/? [elapsed: 03:11 remaining: 00:00]
RUNNING: |          | 178/? [elapsed: 03:11 remaining: 00:00]
                                                             

RUNNING: |          | 178/? [elapsed: 03:11 remaining: 00:00]
COMPLETE: |          | 178/? [elapsed: 03:21 remaining: 00:00]
COMPLETE: |          | 178/? [elapsed: 03:23 remaining: 00:00]
2026-06-22 23:52:40,013 Sleeping for 6s. Reason: PENDING
2026-06-22 23:52:46,506 Sleeping for 7s. Reason: RUNNING
2026-06-22 23:52:53,966 Sleeping for 9s. Reason: RUNNING
2026-06-22 23:53:03,458 Sleeping for 8s. Reason: RUNNING
2026-06-22 23:53:11,937 Sleeping for 8s. Reason: RUNNING
2026-06-22 23:53:21,793 Sleeping for 7s. Reason: RUNNING
2026-06-22 23:53:29,256 Sleeping for 10s. Reason: RUNNING
2026-06-22 23:53:39,801 Sleeping for 10s. Reason: RUNNING
2026-06-22 23:53:50,286 Sleeping for 8s. Reason: RUNNING
2026-06-22 23:53:58,772 Sleeping for 8s. Reason: RUNNING
2026-06-22 23:54:07,239 Sleeping for 6s. Reason: RUNNING
2026-06-22 23:54:13,736 Sleeping for 6s. Reason: RUNNING
2026-06-22 23:54:20,226 Sleeping for 5s. Reason: RUNNING
2026-06-22 23:54:25,752 Sleeping for 10s. Reason: RUNNING
2026-06-22 23:54:36,231 Sleeping for 9s. Reason: RUNNING
2026-06-22 23:54:45,707 Sleeping for 10s. Reason: RUNNING
2026-06-22 23:54:56,225 Sleeping for 6s. Reason: RUNNING
2026-06-22 23:55:02,718 Sleeping for 8s. Reason: RUNNING
2026-06-22 23:55:11,215 Sleeping for 6s. Reason: RUNNING
2026-06-22 23:55:17,686 Sleeping for 8s. Reason: RUNNING
2026-06-22 23:55:26,214 Sleeping for 5s. Reason: RUNNING
2026-06-22 23:55:31,686 Sleeping for 9s. Reason: RUNNING
2026-06-22 23:55:41,192 Sleeping for 9s. Reason: RUNNING
2026-06-22 23:55:50,697 Sleeping for 10s. Reason: RUNNING
2026-06-22 23:56:25,209 Padding length to 483
2026-06-22 23:56:48,681 alphafold2_ptm_model_1_seed_000 recycle=0 pLDDT=76.1 pTM=0.556
2026-06-22 23:57:11,306 alphafold2_ptm_model_1_seed_000 recycle=1 pLDDT=76.1 pTM=0.565 tol=6.59
2026-06-22 23:57:11,308 alphafold2_ptm_model_1_seed_000 took 46.1s (1 recycles)
2026-06-22 23:57:11,658 reranking models by 'plddt' metric
2026-06-22 23:57:11,658 rank_001_alphafold2_ptm_model_1_seed_000 pLDDT=76.1 pTM=0.565
2026-06-22 23:57:12,331 Query 9/62: Vitis_vinifera_g239370.p01_VCORE (length 486)
    folding 9/62 · Vitis_vinifera_g239370.p01_VCORE (486 aa)

  0%|          | 0/150 [elapsed: 00:00 remaining: ?]
SUBMIT:   0%|          | 0/150 [elapsed: 00:00 remaining: ?]
PENDING:   0%|          | 0/150 [elapsed: 00:00 remaining: ?]
                                                             

PENDING:   0%|          | 0/150 [elapsed: 00:00 remaining: ?]
RUNNING:   0%|          | 0/150 [elapsed: 00:10 remaining: ?]
RUNNING:   7%|▋         | 10/150 [elapsed: 00:10 remaining: 02:33]
                                                                  

RUNNING:   7%|▋         | 10/150 [elapsed: 00:10 remaining: 02:33]
RUNNING:   7%|▋         | 10/150 [elapsed: 00:21 remaining: 02:33]
RUNNING:  13%|█▎        | 20/150 [elapsed: 00:21 remaining: 02:19]
                                                                  

RUNNING:  13%|█▎        | 20/150 [elapsed: 00:21 remaining: 02:19]
RUNNING:  13%|█▎        | 20/150 [elapsed: 00:29 remaining: 02:19]
RUNNING:  19%|█▊        | 28/150 [elapsed: 00:29 remaining: 02:10]
                                                                  

RUNNING:  19%|█▊        | 28/150 [elapsed: 00:29 remaining: 02:10]
RUNNING:  19%|█▊        | 28/150 [elapsed: 00:36 remaining: 02:10]
RUNNING:  23%|██▎       | 34/150 [elapsed: 00:36 remaining: 02:04]
                                                                  

RUNNING:  23%|██▎       | 34/150 [elapsed: 00:36 remaining: 02:04]
RUNNING:  23%|██▎       | 34/150 [elapsed: 00:45 remaining: 02:04]
RUNNING:  29%|██▊       | 43/150 [elapsed: 00:45 remaining: 01:53]
                                                                  

RUNNING:  29%|██▊       | 43/150 [elapsed: 00:45 remaining: 01:53]
RUNNING:  29%|██▊       | 43/150 [elapsed: 00:55 remaining: 01:53]
RUNNING:  35%|███▍      | 52/150 [elapsed: 00:55 remaining: 01:43]
                                                                  

RUNNING:  35%|███▍      | 52/150 [elapsed: 00:55 remaining: 01:43]
RUNNING:  35%|███▍      | 52/150 [elapsed: 01:05 remaining: 01:43]
RUNNING:  41%|████▏     | 62/150 [elapsed: 01:05 remaining: 01:32]
                                                                  

RUNNING:  41%|████▏     | 62/150 [elapsed: 01:05 remaining: 01:32]
RUNNING:  41%|████▏     | 62/150 [elapsed: 01:13 remaining: 01:32]
RUNNING:  46%|████▌     | 69/150 [elapsed: 01:13 remaining: 01:25]
                                                                  

RUNNING:  46%|████▌     | 69/150 [elapsed: 01:13 remaining: 01:25]
RUNNING:  46%|████▌     | 69/150 [elapsed: 01:19 remaining: 01:25]
RUNNING:  50%|█████     | 75/150 [elapsed: 01:19 remaining: 01:19]
                                                                  

RUNNING:  50%|█████     | 75/150 [elapsed: 01:19 remaining: 01:19]
RUNNING:  50%|█████     | 75/150 [elapsed: 01:26 remaining: 01:19]
RUNNING:  54%|█████▍    | 81/150 [elapsed: 01:26 remaining: 01:13]
                                                                  

RUNNING:  54%|█████▍    | 81/150 [elapsed: 01:26 remaining: 01:13]
RUNNING:  54%|█████▍    | 81/150 [elapsed: 01:31 remaining: 01:13]
RUNNING:  57%|█████▋    | 86/150 [elapsed: 01:31 remaining: 01:08]
                                                                  

RUNNING:  57%|█████▋    | 86/150 [elapsed: 01:31 remaining: 01:08]
RUNNING:  57%|█████▋    | 86/150 [elapsed: 01:37 remaining: 01:08]
RUNNING:  61%|██████    | 91/150 [elapsed: 01:37 remaining: 01:03]
                                                                  

RUNNING:  61%|██████    | 91/150 [elapsed: 01:37 remaining: 01:03]
RUNNING:  61%|██████    | 91/150 [elapsed: 01:45 remaining: 01:03]
RUNNING:  66%|██████▌   | 99/150 [elapsed: 01:45 remaining: 00:54]
                                                                  

RUNNING:  66%|██████▌   | 99/150 [elapsed: 01:45 remaining: 00:54]
RUNNING:  66%|██████▌   | 99/150 [elapsed: 01:56 remaining: 00:54]
RUNNING:  73%|███████▎  | 109/150 [elapsed: 01:56 remaining: 00:43]
                                                                   

RUNNING:  73%|███████▎  | 109/150 [elapsed: 01:56 remaining: 00:43]
RUNNING:  73%|███████▎  | 109/150 [elapsed: 02:05 remaining: 00:43]
RUNNING:  79%|███████▊  | 118/150 [elapsed: 02:05 remaining: 00:33]
                                                                   

RUNNING:  79%|███████▊  | 118/150 [elapsed: 02:05 remaining: 00:33]
RUNNING:  79%|███████▊  | 118/150 [elapsed: 02:14 remaining: 00:33]
RUNNING:  84%|████████▍ | 126/150 [elapsed: 02:14 remaining: 00:25]
                                                                   

RUNNING:  84%|████████▍ | 126/150 [elapsed: 02:14 remaining: 00:25]
RUNNING:  84%|████████▍ | 126/150 [elapsed: 02:21 remaining: 00:25]
RUNNING:  89%|████████▊ | 133/150 [elapsed: 02:21 remaining: 00:18]
                                                                   

RUNNING:  89%|████████▊ | 133/150 [elapsed: 02:21 remaining: 00:18]
RUNNING:  89%|████████▊ | 133/150 [elapsed: 02:27 remaining: 00:18]
RUNNING:  92%|█████████▏| 138/150 [elapsed: 02:27 remaining: 00:12]
                                                                   

RUNNING:  92%|█████████▏| 138/150 [elapsed: 02:27 remaining: 00:12]
RUNNING:  92%|█████████▏| 138/150 [elapsed: 02:35 remaining: 00:12]
RUNNING:  97%|█████████▋| 146/150 [elapsed: 02:35 remaining: 00:04]
                                                                   

RUNNING:  97%|█████████▋| 146/150 [elapsed: 02:35 remaining: 00:04]
RUNNING:  97%|█████████▋| 146/150 [elapsed: 02:46 remaining: 00:04]
RUNNING: |          | 156/? [elapsed: 02:46 remaining: 00:00]      
                                                             

RUNNING: |          | 156/? [elapsed: 02:46 remaining: 00:00]
RUNNING: |          | 156/? [elapsed: 02:53 remaining: 00:00]
RUNNING: |          | 163/? [elapsed: 02:53 remaining: 00:00]
                                                             

RUNNING: |          | 163/? [elapsed: 02:53 remaining: 00:00]
RUNNING: |          | 163/? [elapsed: 03:04 remaining: 00:00]
RUNNING: |          | 173/? [elapsed: 03:04 remaining: 00:00]
                                                             

RUNNING: |          | 173/? [elapsed: 03:04 remaining: 00:00]
RUNNING: |          | 173/? [elapsed: 03:09 remaining: 00:00]
RUNNING: |          | 178/? [elapsed: 03:09 remaining: 00:00]
                                                             

RUNNING: |          | 178/? [elapsed: 03:09 remaining: 00:00]
RUNNING: |          | 178/? [elapsed: 03:19 remaining: 00:00]
RUNNING: |          | 187/? [elapsed: 03:19 remaining: 00:00]
                                                             

RUNNING: |          | 187/? [elapsed: 03:19 remaining: 00:00]
RUNNING: |          | 187/? [elapsed: 03:26 remaining: 00:00]
RUNNING: |          | 194/? [elapsed: 03:26 remaining: 00:00]
                                                             

RUNNING: |          | 194/? [elapsed: 03:26 remaining: 00:00]
RUNNING: |          | 194/? [elapsed: 03:36 remaining: 00:00]
RUNNING: |          | 203/? [elapsed: 03:36 remaining: 00:00]
                                                             

RUNNING: |          | 203/? [elapsed: 03:36 remaining: 00:00]
COMPLETE: |          | 203/? [elapsed: 03:46 remaining: 00:00]
COMPLETE: |          | 203/? [elapsed: 03:48 remaining: 00:00]
2026-06-22 23:57:12,848 Sleeping for 10s. Reason: PENDING
2026-06-22 23:57:23,326 Sleeping for 10s. Reason: RUNNING
2026-06-22 23:57:33,822 Sleeping for 8s. Reason: RUNNING
2026-06-22 23:57:42,299 Sleeping for 6s. Reason: RUNNING
2026-06-22 23:57:48,788 Sleeping for 9s. Reason: RUNNING
2026-06-22 23:57:58,271 Sleeping for 9s. Reason: RUNNING
2026-06-22 23:58:07,736 Sleeping for 10s. Reason: RUNNING
2026-06-22 23:58:18,190 Sleeping for 7s. Reason: RUNNING
2026-06-22 23:58:25,654 Sleeping for 6s. Reason: RUNNING
2026-06-22 23:58:32,120 Sleeping for 6s. Reason: RUNNING
2026-06-22 23:58:38,592 Sleeping for 5s. Reason: RUNNING
2026-06-22 23:58:44,102 Sleeping for 5s. Reason: RUNNING
2026-06-22 23:58:49,594 Sleeping for 8s. Reason: RUNNING
2026-06-22 23:58:58,052 Sleeping for 10s. Reason: RUNNING
2026-06-22 23:59:08,554 Sleeping for 9s. Reason: RUNNING
2026-06-22 23:59:18,081 Sleeping for 8s. Reason: RUNNING
2026-06-22 23:59:26,542 Sleeping for 7s. Reason: RUNNING
2026-06-22 23:59:34,004 Sleeping for 5s. Reason: RUNNING
2026-06-22 23:59:39,498 Sleeping for 8s. Reason: RUNNING
2026-06-22 23:59:48,001 Sleeping for 10s. Reason: RUNNING
2026-06-22 23:59:58,467 Sleeping for 7s. Reason: RUNNING
2026-06-23 00:00:05,970 Sleeping for 10s. Reason: RUNNING
2026-06-23 00:00:16,455 Sleeping for 5s. Reason: RUNNING
2026-06-23 00:00:21,917 Sleeping for 9s. Reason: RUNNING
2026-06-23 00:00:31,445 Sleeping for 7s. Reason: RUNNING
2026-06-23 00:00:38,911 Sleeping for 9s. Reason: RUNNING
2026-06-23 00:00:48,424 Sleeping for 10s. Reason: RUNNING
2026-06-23 00:01:13,446 Padding length to 496
2026-06-23 00:02:21,529 alphafold2_ptm_model_1_seed_000 recycle=0 pLDDT=83.8 pTM=0.619
2026-06-23 00:02:43,672 alphafold2_ptm_model_1_seed_000 recycle=1 pLDDT=86.2 pTM=0.631 tol=1.59
2026-06-23 00:02:43,674 alphafold2_ptm_model_1_seed_000 took 90.2s (1 recycles)
2026-06-23 00:02:43,943 reranking models by 'plddt' metric
2026-06-23 00:02:43,944 rank_001_alphafold2_ptm_model_1_seed_000 pLDDT=86.2 pTM=0.631
2026-06-23 00:02:45,070 Query 10/62: Vitis_vinifera_g511310.p01_VCORE (length 500)
    folding 10/62 · Vitis_vinifera_g511310.p01_VCORE (500 aa)

  0%|          | 0/150 [elapsed: 00:00 remaining: ?]
SUBMIT:   0%|          | 0/150 [elapsed: 00:00 remaining: ?]
PENDING:   0%|          | 0/150 [elapsed: 00:00 remaining: ?]
                                                             

PENDING:   0%|          | 0/150 [elapsed: 00:00 remaining: ?]
RUNNING:   0%|          | 0/150 [elapsed: 00:07 remaining: ?]
RUNNING:   5%|▍         | 7/150 [elapsed: 00:07 remaining: 02:43]
                                                                 

RUNNING:   5%|▍         | 7/150 [elapsed: 00:07 remaining: 02:43]
RUNNING:   5%|▍         | 7/150 [elapsed: 00:18 remaining: 02:43]
RUNNING:  11%|█▏        | 17/150 [elapsed: 00:18 remaining: 02:23]
                                                                  

RUNNING:  11%|█▏        | 17/150 [elapsed: 00:18 remaining: 02:23]
RUNNING:  11%|█▏        | 17/150 [elapsed: 00:28 remaining: 02:23]
RUNNING:  17%|█▋        | 26/150 [elapsed: 00:28 remaining: 02:12]
                                                                  

RUNNING:  17%|█▋        | 26/150 [elapsed: 00:28 remaining: 02:12]
RUNNING:  17%|█▋        | 26/150 [elapsed: 00:36 remaining: 02:12]
RUNNING:  23%|██▎       | 34/150 [elapsed: 00:36 remaining: 02:03]
                                                                  

RUNNING:  23%|██▎       | 34/150 [elapsed: 00:36 remaining: 02:03]
RUNNING:  23%|██▎       | 34/150 [elapsed: 00:42 remaining: 02:03]
RUNNING:  27%|██▋       | 40/150 [elapsed: 00:42 remaining: 01:57]
                                                                  

RUNNING:  27%|██▋       | 40/150 [elapsed: 00:42 remaining: 01:57]
RUNNING:  27%|██▋       | 40/150 [elapsed: 00:51 remaining: 01:57]
RUNNING:  32%|███▏      | 48/150 [elapsed: 00:51 remaining: 01:48]
                                                                  

RUNNING:  32%|███▏      | 48/150 [elapsed: 00:51 remaining: 01:48]
RUNNING:  32%|███▏      | 48/150 [elapsed: 00:58 remaining: 01:48]
RUNNING:  37%|███▋      | 55/150 [elapsed: 00:58 remaining: 01:41]
                                                                  

RUNNING:  37%|███▋      | 55/150 [elapsed: 00:58 remaining: 01:41]
RUNNING:  37%|███▋      | 55/150 [elapsed: 01:06 remaining: 01:41]
RUNNING:  41%|████▏     | 62/150 [elapsed: 01:06 remaining: 01:33]
                                                                  

RUNNING:  41%|████▏     | 62/150 [elapsed: 01:06 remaining: 01:33]
RUNNING:  41%|████▏     | 62/150 [elapsed: 01:12 remaining: 01:33]
RUNNING:  45%|████▌     | 68/150 [elapsed: 01:12 remaining: 01:27]
                                                                  

RUNNING:  45%|████▌     | 68/150 [elapsed: 01:12 remaining: 01:27]
RUNNING:  45%|████▌     | 68/150 [elapsed: 01:21 remaining: 01:27]
RUNNING:  51%|█████     | 76/150 [elapsed: 01:21 remaining: 01:18]
                                                                  

RUNNING:  51%|█████     | 76/150 [elapsed: 01:21 remaining: 01:18]
RUNNING:  51%|█████     | 76/150 [elapsed: 01:30 remaining: 01:18]
RUNNING:  57%|█████▋    | 85/150 [elapsed: 01:30 remaining: 01:09]
                                                                  

RUNNING:  57%|█████▋    | 85/150 [elapsed: 01:30 remaining: 01:09]
RUNNING:  57%|█████▋    | 85/150 [elapsed: 01:39 remaining: 01:09]
RUNNING:  62%|██████▏   | 93/150 [elapsed: 01:39 remaining: 01:00]
                                                                  

RUNNING:  62%|██████▏   | 93/150 [elapsed: 01:39 remaining: 01:00]
RUNNING:  62%|██████▏   | 93/150 [elapsed: 01:45 remaining: 01:00]
RUNNING:  66%|██████▌   | 99/150 [elapsed: 01:45 remaining: 00:54]
                                                                  

RUNNING:  66%|██████▌   | 99/150 [elapsed: 01:45 remaining: 00:54]
RUNNING:  66%|██████▌   | 99/150 [elapsed: 01:55 remaining: 00:54]
RUNNING:  72%|███████▏  | 108/150 [elapsed: 01:55 remaining: 00:44]
                                                                   

RUNNING:  72%|███████▏  | 108/150 [elapsed: 01:55 remaining: 00:44]
RUNNING:  72%|███████▏  | 108/150 [elapsed: 02:03 remaining: 00:44]
RUNNING:  77%|███████▋  | 116/150 [elapsed: 02:03 remaining: 00:36]
                                                                   

RUNNING:  77%|███████▋  | 116/150 [elapsed: 02:03 remaining: 00:36]
RUNNING:  77%|███████▋  | 116/150 [elapsed: 02:09 remaining: 00:36]
RUNNING:  81%|████████  | 121/150 [elapsed: 02:09 remaining: 00:31]
                                                                   

RUNNING:  81%|████████  | 121/150 [elapsed: 02:09 remaining: 00:31]
RUNNING:  81%|████████  | 121/150 [elapsed: 02:15 remaining: 00:31]
RUNNING:  85%|████████▍ | 127/150 [elapsed: 02:15 remaining: 00:24]
                                                                   

RUNNING:  85%|████████▍ | 127/150 [elapsed: 02:15 remaining: 00:24]
RUNNING:  85%|████████▍ | 127/150 [elapsed: 02:24 remaining: 00:24]
RUNNING:  90%|█████████ | 135/150 [elapsed: 02:24 remaining: 00:16]
                                                                   

RUNNING:  90%|█████████ | 135/150 [elapsed: 02:24 remaining: 00:16]
RUNNING:  90%|█████████ | 135/150 [elapsed: 02:33 remaining: 00:16]
RUNNING:  96%|█████████▌| 144/150 [elapsed: 02:33 remaining: 00:06]
                                                                   

RUNNING:  96%|█████████▌| 144/150 [elapsed: 02:33 remaining: 00:06]
RUNNING:  96%|█████████▌| 144/150 [elapsed: 02:40 remaining: 00:06]
RUNNING: 100%|██████████| 150/150 [elapsed: 02:40 remaining: 00:00]
                                                                   

RUNNING: 100%|██████████| 150/150 [elapsed: 02:40 remaining: 00:00]
RUNNING: 100%|██████████| 150/150 [elapsed: 02:47 remaining: 00:00]
RUNNING: |          | 157/? [elapsed: 02:47 remaining: 00:00]      
                                                             

RUNNING: |          | 157/? [elapsed: 02:47 remaining: 00:00]
RUNNING: |          | 157/? [elapsed: 02:57 remaining: 00:00]
RUNNING: |          | 166/? [elapsed: 02:57 remaining: 00:00]
                                                             

RUNNING: |          | 166/? [elapsed: 02:57 remaining: 00:00]
COMPLETE: |          | 166/? [elapsed: 03:07 remaining: 00:00]
COMPLETE: |          | 166/? [elapsed: 03:09 remaining: 00:00]
2026-06-23 00:02:45,608 Sleeping for 7s. Reason: PENDING
2026-06-23 00:02:53,072 Sleeping for 10s. Reason: RUNNING
2026-06-23 00:03:03,584 Sleeping for 9s. Reason: RUNNING
2026-06-23 00:03:13,079 Sleeping for 8s. Reason: RUNNING
2026-06-23 00:03:21,564 Sleeping for 6s. Reason: RUNNING
2026-06-23 00:03:28,052 Sleeping for 8s. Reason: RUNNING
2026-06-23 00:03:36,513 Sleeping for 7s. Reason: RUNNING
2026-06-23 00:03:43,977 Sleeping for 7s. Reason: RUNNING
2026-06-23 00:03:51,454 Sleeping for 6s. Reason: RUNNING
2026-06-23 00:03:57,937 Sleeping for 8s. Reason: RUNNING
2026-06-23 00:04:06,431 Sleeping for 9s. Reason: RUNNING
2026-06-23 00:04:15,917 Sleeping for 8s. Reason: RUNNING
2026-06-23 00:04:24,432 Sleeping for 6s. Reason: RUNNING
2026-06-23 00:04:30,897 Sleeping for 9s. Reason: RUNNING
2026-06-23 00:04:40,369 Sleeping for 8s. Reason: RUNNING
2026-06-23 00:04:48,876 Sleeping for 5s. Reason: RUNNING
2026-06-23 00:04:54,366 Sleeping for 6s. Reason: RUNNING
2026-06-23 00:05:00,841 Sleeping for 8s. Reason: RUNNING
2026-06-23 00:05:09,339 Sleeping for 9s. Reason: RUNNING
2026-06-23 00:05:18,833 Sleeping for 6s. Reason: RUNNING
2026-06-23 00:05:25,329 Sleeping for 7s. Reason: RUNNING
2026-06-23 00:05:32,789 Sleeping for 9s. Reason: RUNNING
2026-06-23 00:05:42,298 Sleeping for 10s. Reason: RUNNING
2026-06-23 00:06:07,974 Padding length to 510
2026-06-23 00:07:17,213 alphafold2_ptm_model_1_seed_000 recycle=0 pLDDT=82.4 pTM=0.51
2026-06-23 00:07:41,146 alphafold2_ptm_model_1_seed_000 recycle=1 pLDDT=83.8 pTM=0.516 tol=5.93
2026-06-23 00:07:41,165 alphafold2_ptm_model_1_seed_000 took 93.2s (1 recycles)
2026-06-23 00:07:41,667 reranking models by 'plddt' metric
2026-06-23 00:07:41,667 rank_001_alphafold2_ptm_model_1_seed_000 pLDDT=83.8 pTM=0.516
2026-06-23 00:07:43,147 Query 11/62: Vitis_vinifera_g468130.p01_VCORE (length 563)
    folding 11/62 · Vitis_vinifera_g468130.p01_VCORE (563 aa)

  0%|          | 0/150 [elapsed: 00:00 remaining: ?]
SUBMIT:   0%|          | 0/150 [elapsed: 00:00 remaining: ?]
PENDING:   0%|          | 0/150 [elapsed: 00:01 remaining: ?]
                                                             

PENDING:   0%|          | 0/150 [elapsed: 00:01 remaining: ?]
RUNNING:   0%|          | 0/150 [elapsed: 00:09 remaining: ?]
RUNNING:   5%|▌         | 8/150 [elapsed: 00:09 remaining: 02:51]
                                                                 

RUNNING:   5%|▌         | 8/150 [elapsed: 00:09 remaining: 02:51]
RUNNING:   5%|▌         | 8/150 [elapsed: 00:16 remaining: 02:51]
RUNNING:   9%|▉         | 14/150 [elapsed: 00:16 remaining: 02:35]
                                                                  

RUNNING:   9%|▉         | 14/150 [elapsed: 00:16 remaining: 02:35]
RUNNING:   9%|▉         | 14/150 [elapsed: 00:23 remaining: 02:35]
RUNNING:  14%|█▍        | 21/150 [elapsed: 00:23 remaining: 02:22]
                                                                  

RUNNING:  14%|█▍        | 21/150 [elapsed: 00:23 remaining: 02:22]
RUNNING:  14%|█▍        | 21/150 [elapsed: 00:33 remaining: 02:22]
RUNNING:  20%|██        | 30/150 [elapsed: 00:33 remaining: 02:10]
                                                                  

RUNNING:  20%|██        | 30/150 [elapsed: 00:33 remaining: 02:10]
RUNNING:  20%|██        | 30/150 [elapsed: 00:38 remaining: 02:10]
RUNNING:  23%|██▎       | 35/150 [elapsed: 00:38 remaining: 02:05]
                                                                  

RUNNING:  23%|██▎       | 35/150 [elapsed: 00:38 remaining: 02:05]
RUNNING:  23%|██▎       | 35/150 [elapsed: 00:45 remaining: 02:05]
RUNNING:  27%|██▋       | 41/150 [elapsed: 00:45 remaining: 01:58]
                                                                  

RUNNING:  27%|██▋       | 41/150 [elapsed: 00:45 remaining: 01:58]
RUNNING:  27%|██▋       | 41/150 [elapsed: 00:50 remaining: 01:58]
RUNNING:  31%|███       | 46/150 [elapsed: 00:50 remaining: 01:53]
                                                                  

RUNNING:  31%|███       | 46/150 [elapsed: 00:50 remaining: 01:53]
RUNNING:  31%|███       | 46/150 [elapsed: 00:58 remaining: 01:53]
RUNNING:  35%|███▌      | 53/150 [elapsed: 00:58 remaining: 01:44]
                                                                  

RUNNING:  35%|███▌      | 53/150 [elapsed: 00:58 remaining: 01:44]
RUNNING:  35%|███▌      | 53/150 [elapsed: 01:08 remaining: 01:44]
RUNNING:  42%|████▏     | 63/150 [elapsed: 01:08 remaining: 01:32]
                                                                  

RUNNING:  42%|████▏     | 63/150 [elapsed: 01:08 remaining: 01:32]
RUNNING:  42%|████▏     | 63/150 [elapsed: 01:19 remaining: 01:32]
RUNNING:  49%|████▊     | 73/150 [elapsed: 01:19 remaining: 01:21]
                                                                  

RUNNING:  49%|████▊     | 73/150 [elapsed: 01:19 remaining: 01:21]
RUNNING:  49%|████▊     | 73/150 [elapsed: 01:26 remaining: 01:21]
RUNNING:  53%|█████▎    | 80/150 [elapsed: 01:26 remaining: 01:14]
                                                                  

RUNNING:  53%|█████▎    | 80/150 [elapsed: 01:26 remaining: 01:14]
RUNNING:  53%|█████▎    | 80/150 [elapsed: 01:32 remaining: 01:14]
RUNNING:  57%|█████▋    | 86/150 [elapsed: 01:32 remaining: 01:08]
                                                                  

RUNNING:  57%|█████▋    | 86/150 [elapsed: 01:32 remaining: 01:08]
RUNNING:  57%|█████▋    | 86/150 [elapsed: 01:42 remaining: 01:08]
RUNNING:  63%|██████▎   | 95/150 [elapsed: 01:42 remaining: 00:58]
                                                                  

RUNNING:  63%|██████▎   | 95/150 [elapsed: 01:42 remaining: 00:58]
RUNNING:  63%|██████▎   | 95/150 [elapsed: 01:52 remaining: 00:58]
RUNNING:  70%|███████   | 105/150 [elapsed: 01:52 remaining: 00:47]
                                                                   

RUNNING:  70%|███████   | 105/150 [elapsed: 01:52 remaining: 00:47]
RUNNING:  70%|███████   | 105/150 [elapsed: 02:00 remaining: 00:47]
RUNNING:  75%|███████▍  | 112/150 [elapsed: 02:00 remaining: 00:40]
                                                                   

RUNNING:  75%|███████▍  | 112/150 [elapsed: 02:00 remaining: 00:40]
RUNNING:  75%|███████▍  | 112/150 [elapsed: 02:10 remaining: 00:40]
RUNNING:  81%|████████▏ | 122/150 [elapsed: 02:10 remaining: 00:29]
                                                                   

RUNNING:  81%|████████▏ | 122/150 [elapsed: 02:10 remaining: 00:29]
RUNNING:  81%|████████▏ | 122/150 [elapsed: 02:16 remaining: 00:29]
RUNNING:  85%|████████▍ | 127/150 [elapsed: 02:16 remaining: 00:24]
                                                                   

RUNNING:  85%|████████▍ | 127/150 [elapsed: 02:16 remaining: 00:24]
RUNNING:  85%|████████▍ | 127/150 [elapsed: 02:22 remaining: 00:24]
RUNNING:  89%|████████▊ | 133/150 [elapsed: 02:22 remaining: 00:18]
                                                                   

RUNNING:  89%|████████▊ | 133/150 [elapsed: 02:22 remaining: 00:18]
RUNNING:  89%|████████▊ | 133/150 [elapsed: 02:33 remaining: 00:18]
RUNNING:  95%|█████████▌| 143/150 [elapsed: 02:33 remaining: 00:07]
                                                                   

RUNNING:  95%|█████████▌| 143/150 [elapsed: 02:33 remaining: 00:07]
RUNNING:  95%|█████████▌| 143/150 [elapsed: 02:40 remaining: 00:07]
RUNNING: 100%|██████████| 150/150 [elapsed: 02:40 remaining: 00:00]
                                                                   

RUNNING: 100%|██████████| 150/150 [elapsed: 02:40 remaining: 00:00]
RUNNING: 100%|██████████| 150/150 [elapsed: 02:50 remaining: 00:00]
RUNNING: |          | 159/? [elapsed: 02:50 remaining: 00:00]      
                                                             

RUNNING: |          | 159/? [elapsed: 02:50 remaining: 00:00]
RUNNING: |          | 159/? [elapsed: 02:57 remaining: 00:00]
RUNNING: |          | 166/? [elapsed: 02:57 remaining: 00:00]
                                                             

RUNNING: |          | 166/? [elapsed: 02:57 remaining: 00:00]
COMPLETE: |          | 166/? [elapsed: 03:07 remaining: 00:00]
COMPLETE: |          | 166/? [elapsed: 03:08 remaining: 00:00]
2026-06-23 00:07:44,394 Sleeping for 8s. Reason: PENDING
2026-06-23 00:07:52,870 Sleeping for 6s. Reason: RUNNING
2026-06-23 00:07:59,362 Sleeping for 7s. Reason: RUNNING
2026-06-23 00:08:06,816 Sleeping for 9s. Reason: RUNNING
2026-06-23 00:08:16,313 Sleeping for 5s. Reason: RUNNING
2026-06-23 00:08:21,798 Sleeping for 6s. Reason: RUNNING
2026-06-23 00:08:28,279 Sleeping for 5s. Reason: RUNNING
2026-06-23 00:08:33,750 Sleeping for 7s. Reason: RUNNING
2026-06-23 00:08:41,231 Sleeping for 10s. Reason: RUNNING
2026-06-23 00:08:51,715 Sleeping for 10s. Reason: RUNNING
2026-06-23 00:09:02,192 Sleeping for 7s. Reason: RUNNING
2026-06-23 00:09:09,680 Sleeping for 6s. Reason: RUNNING
2026-06-23 00:09:16,146 Sleeping for 9s. Reason: RUNNING
2026-06-23 00:09:25,613 Sleeping for 10s. Reason: RUNNING
2026-06-23 00:09:36,127 Sleeping for 7s. Reason: RUNNING
2026-06-23 00:09:43,623 Sleeping for 10s. Reason: RUNNING
2026-06-23 00:09:54,139 Sleeping for 5s. Reason: RUNNING
2026-06-23 00:09:59,591 Sleeping for 6s. Reason: RUNNING
2026-06-23 00:10:06,086 Sleeping for 10s. Reason: RUNNING
2026-06-23 00:10:16,569 Sleeping for 7s. Reason: RUNNING
2026-06-23 00:10:24,068 Sleeping for 9s. Reason: RUNNING
2026-06-23 00:10:33,560 Sleeping for 7s. Reason: RUNNING
2026-06-23 00:10:41,046 Sleeping for 9s. Reason: RUNNING
2026-06-23 00:11:12,313 Padding length to 573
2026-06-23 00:11:59,196 alphafold2_ptm_model_1_seed_000 recycle=0 pLDDT=86.4 pTM=0.688
2026-06-23 00:12:28,584 alphafold2_ptm_model_1_seed_000 recycle=1 pLDDT=87.2 pTM=0.7 tol=2.72
2026-06-23 00:12:28,682 alphafold2_ptm_model_1_seed_000 took 76.4s (1 recycles)
2026-06-23 00:12:29,222 reranking models by 'plddt' metric
2026-06-23 00:12:29,223 rank_001_alphafold2_ptm_model_1_seed_000 pLDDT=87.2 pTM=0.7
2026-06-23 00:12:30,425 Query 12/62: Vitis_vinifera_g241480.p01_VCORE (length 589)
    folding 12/62 · Vitis_vinifera_g241480.p01_VCORE (589 aa)

  0%|          | 0/150 [elapsed: 00:00 remaining: ?]
SUBMIT:   0%|          | 0/150 [elapsed: 00:00 remaining: ?]
PENDING:   0%|          | 0/150 [elapsed: 00:00 remaining: ?]
                                                             

PENDING:   0%|          | 0/150 [elapsed: 00:00 remaining: ?]
RUNNING:   0%|          | 0/150 [elapsed: 00:08 remaining: ?]
RUNNING:   5%|▌         | 8/150 [elapsed: 00:08 remaining: 02:39]
                                                                 

RUNNING:   5%|▌         | 8/150 [elapsed: 00:08 remaining: 02:39]
RUNNING:   5%|▌         | 8/150 [elapsed: 00:18 remaining: 02:39]
RUNNING:  11%|█▏        | 17/150 [elapsed: 00:18 remaining: 02:23]
                                                                  

RUNNING:  11%|█▏        | 17/150 [elapsed: 00:18 remaining: 02:23]
RUNNING:  11%|█▏        | 17/150 [elapsed: 00:23 remaining: 02:23]
RUNNING:  15%|█▍        | 22/150 [elapsed: 00:24 remaining: 02:19]
                                                                  

RUNNING:  15%|█▍        | 22/150 [elapsed: 00:24 remaining: 02:19]
RUNNING:  15%|█▍        | 22/150 [elapsed: 00:32 remaining: 02:19]
RUNNING:  20%|██        | 30/150 [elapsed: 00:32 remaining: 02:09]
                                                                  

RUNNING:  20%|██        | 30/150 [elapsed: 00:32 remaining: 02:09]
RUNNING:  20%|██        | 30/150 [elapsed: 00:37 remaining: 02:09]
RUNNING:  23%|██▎       | 35/150 [elapsed: 00:37 remaining: 02:04]
                                                                  

RUNNING:  23%|██▎       | 35/150 [elapsed: 00:37 remaining: 02:04]
RUNNING:  23%|██▎       | 35/150 [elapsed: 00:44 remaining: 02:04]
RUNNING:  27%|██▋       | 41/150 [elapsed: 00:44 remaining: 01:57]
                                                                  

RUNNING:  27%|██▋       | 41/150 [elapsed: 00:44 remaining: 01:57]
RUNNING:  27%|██▋       | 41/150 [elapsed: 00:49 remaining: 01:57]
RUNNING:  31%|███       | 46/150 [elapsed: 00:49 remaining: 01:52]
                                                                  

RUNNING:  31%|███       | 46/150 [elapsed: 00:49 remaining: 01:52]
RUNNING:  31%|███       | 46/150 [elapsed: 01:00 remaining: 01:52]
RUNNING:  37%|███▋      | 56/150 [elapsed: 01:00 remaining: 01:40]
                                                                  

RUNNING:  37%|███▋      | 56/150 [elapsed: 01:00 remaining: 01:40]
RUNNING:  37%|███▋      | 56/150 [elapsed: 01:10 remaining: 01:40]
RUNNING:  44%|████▍     | 66/150 [elapsed: 01:10 remaining: 01:29]
                                                                  

RUNNING:  44%|████▍     | 66/150 [elapsed: 01:10 remaining: 01:29]
RUNNING:  44%|████▍     | 66/150 [elapsed: 01:20 remaining: 01:29]
RUNNING:  50%|█████     | 75/150 [elapsed: 01:20 remaining: 01:19]
                                                                  

RUNNING:  50%|█████     | 75/150 [elapsed: 01:20 remaining: 01:19]
RUNNING:  50%|█████     | 75/150 [elapsed: 01:30 remaining: 01:19]
RUNNING:  57%|█████▋    | 85/150 [elapsed: 01:30 remaining: 01:08]
                                                                  

RUNNING:  57%|█████▋    | 85/150 [elapsed: 01:30 remaining: 01:08]
RUNNING:  57%|█████▋    | 85/150 [elapsed: 01:40 remaining: 01:08]
RUNNING:  63%|██████▎   | 94/150 [elapsed: 01:40 remaining: 00:59]
                                                                  

RUNNING:  63%|██████▎   | 94/150 [elapsed: 01:40 remaining: 00:59]
RUNNING:  63%|██████▎   | 94/150 [elapsed: 01:48 remaining: 00:59]
RUNNING:  67%|██████▋   | 101/150 [elapsed: 01:48 remaining: 00:52]
                                                                   

RUNNING:  67%|██████▋   | 101/150 [elapsed: 01:48 remaining: 00:52]
RUNNING:  67%|██████▋   | 101/150 [elapsed: 01:57 remaining: 00:52]
RUNNING:  73%|███████▎  | 110/150 [elapsed: 01:57 remaining: 00:42]
                                                                   

RUNNING:  73%|███████▎  | 110/150 [elapsed: 01:57 remaining: 00:42]
RUNNING:  73%|███████▎  | 110/150 [elapsed: 02:04 remaining: 00:42]
RUNNING:  77%|███████▋  | 116/150 [elapsed: 02:04 remaining: 00:36]
                                                                   

RUNNING:  77%|███████▋  | 116/150 [elapsed: 02:04 remaining: 00:36]
RUNNING:  77%|███████▋  | 116/150 [elapsed: 02:10 remaining: 00:36]
RUNNING:  81%|████████▏ | 122/150 [elapsed: 02:10 remaining: 00:29]
                                                                   

RUNNING:  81%|████████▏ | 122/150 [elapsed: 02:10 remaining: 00:29]
RUNNING:  81%|████████▏ | 122/150 [elapsed: 02:17 remaining: 00:29]
RUNNING:  86%|████████▌ | 129/150 [elapsed: 02:17 remaining: 00:22]
                                                                   

RUNNING:  86%|████████▌ | 129/150 [elapsed: 02:17 remaining: 00:22]
RUNNING:  86%|████████▌ | 129/150 [elapsed: 02:23 remaining: 00:22]
RUNNING:  89%|████████▉ | 134/150 [elapsed: 02:23 remaining: 00:17]
                                                                   

RUNNING:  89%|████████▉ | 134/150 [elapsed: 02:23 remaining: 00:17]
RUNNING:  89%|████████▉ | 134/150 [elapsed: 02:31 remaining: 00:17]
RUNNING:  95%|█████████▍| 142/150 [elapsed: 02:31 remaining: 00:08]
                                                                   

RUNNING:  95%|█████████▍| 142/150 [elapsed: 02:31 remaining: 00:08]
RUNNING:  95%|█████████▍| 142/150 [elapsed: 02:37 remaining: 00:08]
RUNNING:  98%|█████████▊| 147/150 [elapsed: 02:37 remaining: 00:03]
                                                                   

RUNNING:  98%|█████████▊| 147/150 [elapsed: 02:37 remaining: 00:03]
RUNNING:  98%|█████████▊| 147/150 [elapsed: 02:46 remaining: 00:03]
RUNNING: |          | 156/? [elapsed: 02:46 remaining: 00:00]      
                                                             

RUNNING: |          | 156/? [elapsed: 02:46 remaining: 00:00]
RUNNING: |          | 156/? [elapsed: 02:53 remaining: 00:00]
RUNNING: |          | 162/? [elapsed: 02:53 remaining: 00:00]
                                                             

RUNNING: |          | 162/? [elapsed: 02:53 remaining: 00:00]
RUNNING: |          | 162/? [elapsed: 02:59 remaining: 00:00]
RUNNING: |          | 167/? [elapsed: 02:59 remaining: 00:00]
                                                             

RUNNING: |          | 167/? [elapsed: 02:59 remaining: 00:00]
RUNNING: |          | 167/? [elapsed: 03:04 remaining: 00:00]
RUNNING: |          | 172/? [elapsed: 03:04 remaining: 00:00]
                                                             

RUNNING: |          | 172/? [elapsed: 03:04 remaining: 00:00]
RUNNING: |          | 172/? [elapsed: 03:12 remaining: 00:00]
RUNNING: |          | 180/? [elapsed: 03:12 remaining: 00:00]
                                                             

RUNNING: |          | 180/? [elapsed: 03:12 remaining: 00:00]
RUNNING: |          | 180/? [elapsed: 03:18 remaining: 00:00]
RUNNING: |          | 185/? [elapsed: 03:18 remaining: 00:00]
                                                             

RUNNING: |          | 185/? [elapsed: 03:18 remaining: 00:00]
RUNNING: |          | 185/? [elapsed: 03:26 remaining: 00:00]
RUNNING: |          | 192/? [elapsed: 03:26 remaining: 00:00]
                                                             

RUNNING: |          | 192/? [elapsed: 03:26 remaining: 00:00]
RUNNING: |          | 192/? [elapsed: 03:31 remaining: 00:00]
RUNNING: |          | 197/? [elapsed: 03:31 remaining: 00:00]
                                                             

RUNNING: |          | 197/? [elapsed: 03:31 remaining: 00:00]
RUNNING: |          | 197/? [elapsed: 03:40 remaining: 00:00]
RUNNING: |          | 206/? [elapsed: 03:40 remaining: 00:00]
                                                             

RUNNING: |          | 206/? [elapsed: 03:40 remaining: 00:00]
COMPLETE: |          | 206/? [elapsed: 03:47 remaining: 00:00]
COMPLETE: |          | 206/? [elapsed: 03:49 remaining: 00:00]
2026-06-23 00:12:30,947 Sleeping for 8s. Reason: PENDING
2026-06-23 00:12:39,437 Sleeping for 9s. Reason: RUNNING
2026-06-23 00:12:48,916 Sleeping for 5s. Reason: RUNNING
2026-06-23 00:12:54,457 Sleeping for 8s. Reason: RUNNING
2026-06-23 00:13:02,944 Sleeping for 5s. Reason: RUNNING
2026-06-23 00:13:08,427 Sleeping for 6s. Reason: RUNNING
2026-06-23 00:13:14,904 Sleeping for 5s. Reason: RUNNING
2026-06-23 00:13:20,392 Sleeping for 10s. Reason: RUNNING
2026-06-23 00:13:30,905 Sleeping for 10s. Reason: RUNNING
2026-06-23 00:13:41,443 Sleeping for 9s. Reason: RUNNING
2026-06-23 00:13:50,904 Sleeping for 10s. Reason: RUNNING
2026-06-23 00:14:01,392 Sleeping for 9s. Reason: RUNNING
2026-06-23 00:14:10,968 Sleeping for 7s. Reason: RUNNING
2026-06-23 00:14:18,466 Sleeping for 9s. Reason: RUNNING
2026-06-23 00:14:27,970 Sleeping for 6s. Reason: RUNNING
2026-06-23 00:14:34,459 Sleeping for 6s. Reason: RUNNING
2026-06-23 00:14:40,944 Sleeping for 7s. Reason: RUNNING
2026-06-23 00:14:48,435 Sleeping for 5s. Reason: RUNNING
2026-06-23 00:14:53,934 Sleeping for 8s. Reason: RUNNING
2026-06-23 00:15:02,428 Sleeping for 5s. Reason: RUNNING
2026-06-23 00:15:07,915 Sleeping for 9s. Reason: RUNNING
2026-06-23 00:15:17,414 Sleeping for 6s. Reason: RUNNING
2026-06-23 00:15:23,931 Sleeping for 5s. Reason: RUNNING
2026-06-23 00:15:29,467 Sleeping for 5s. Reason: RUNNING
2026-06-23 00:15:34,957 Sleeping for 8s. Reason: RUNNING
2026-06-23 00:15:43,419 Sleeping for 5s. Reason: RUNNING
2026-06-23 00:15:48,912 Sleeping for 7s. Reason: RUNNING
2026-06-23 00:15:56,461 Sleeping for 5s. Reason: RUNNING
2026-06-23 00:16:01,932 Sleeping for 9s. Reason: RUNNING
2026-06-23 00:16:11,412 Sleeping for 6s. Reason: RUNNING
2026-06-23 00:16:43,983 Padding length to 599
2026-06-23 00:18:06,428 alphafold2_ptm_model_1_seed_000 recycle=0 pLDDT=83.9 pTM=0.595
2026-06-23 00:18:37,224 alphafold2_ptm_model_1_seed_000 recycle=1 pLDDT=85.6 pTM=0.597 tol=8.12
2026-06-23 00:18:37,226 alphafold2_ptm_model_1_seed_000 took 113.2s (1 recycles)
2026-06-23 00:18:37,595 reranking models by 'plddt' metric
2026-06-23 00:18:37,595 rank_001_alphafold2_ptm_model_1_seed_000 pLDDT=85.6 pTM=0.597
2026-06-23 00:18:38,311 Query 13/62: Vitis_vinifera_g377360.p01_VCORE (length 615)
    folding 13/62 · Vitis_vinifera_g377360.p01_VCORE (615 aa)

  0%|          | 0/150 [elapsed: 00:00 remaining: ?]
SUBMIT:   0%|          | 0/150 [elapsed: 00:00 remaining: ?]
PENDING:   0%|          | 0/150 [elapsed: 00:01 remaining: ?]
                                                             

PENDING:   0%|          | 0/150 [elapsed: 00:01 remaining: ?]
RUNNING:   0%|          | 0/150 [elapsed: 00:08 remaining: ?]
RUNNING:   5%|▍         | 7/150 [elapsed: 00:08 remaining: 02:57]
                                                                 

RUNNING:   5%|▍         | 7/150 [elapsed: 00:08 remaining: 02:57]
RUNNING:   5%|▍         | 7/150 [elapsed: 00:17 remaining: 02:57]
RUNNING:  10%|█         | 15/150 [elapsed: 00:17 remaining: 02:32]
                                                                  

RUNNING:  10%|█         | 15/150 [elapsed: 00:17 remaining: 02:32]
RUNNING:  10%|█         | 15/150 [elapsed: 00:24 remaining: 02:32]
RUNNING:  15%|█▍        | 22/150 [elapsed: 00:24 remaining: 02:21]
                                                                  

RUNNING:  15%|█▍        | 22/150 [elapsed: 00:24 remaining: 02:21]
RUNNING:  15%|█▍        | 22/150 [elapsed: 00:31 remaining: 02:21]
RUNNING:  19%|█▊        | 28/150 [elapsed: 00:31 remaining: 02:13]
                                                                  

RUNNING:  19%|█▊        | 28/150 [elapsed: 00:31 remaining: 02:13]
RUNNING:  19%|█▊        | 28/150 [elapsed: 00:38 remaining: 02:13]
RUNNING:  23%|██▎       | 35/150 [elapsed: 00:38 remaining: 02:04]
                                                                  

RUNNING:  23%|██▎       | 35/150 [elapsed: 00:38 remaining: 02:04]
RUNNING:  23%|██▎       | 35/150 [elapsed: 00:46 remaining: 02:04]
RUNNING:  28%|██▊       | 42/150 [elapsed: 00:46 remaining: 01:56]
                                                                  

RUNNING:  28%|██▊       | 42/150 [elapsed: 00:46 remaining: 01:56]
RUNNING:  28%|██▊       | 42/150 [elapsed: 00:52 remaining: 01:56]
RUNNING:  32%|███▏      | 48/150 [elapsed: 00:52 remaining: 01:50]
                                                                  

RUNNING:  32%|███▏      | 48/150 [elapsed: 00:52 remaining: 01:50]
RUNNING:  32%|███▏      | 48/150 [elapsed: 01:01 remaining: 01:50]
RUNNING:  37%|███▋      | 56/150 [elapsed: 01:01 remaining: 01:40]
                                                                  

RUNNING:  37%|███▋      | 56/150 [elapsed: 01:01 remaining: 01:40]
RUNNING:  37%|███▋      | 56/150 [elapsed: 01:10 remaining: 01:40]
RUNNING:  43%|████▎     | 65/150 [elapsed: 01:10 remaining: 01:30]
                                                                  

RUNNING:  43%|████▎     | 65/150 [elapsed: 01:10 remaining: 01:30]
RUNNING:  43%|████▎     | 65/150 [elapsed: 01:17 remaining: 01:30]
RUNNING:  47%|████▋     | 71/150 [elapsed: 01:17 remaining: 01:24]
                                                                  

RUNNING:  47%|████▋     | 71/150 [elapsed: 01:17 remaining: 01:24]
RUNNING:  47%|████▋     | 71/150 [elapsed: 01:26 remaining: 01:24]
RUNNING:  53%|█████▎    | 80/150 [elapsed: 01:26 remaining: 01:14]
                                                                  

RUNNING:  53%|█████▎    | 80/150 [elapsed: 01:26 remaining: 01:14]
RUNNING:  53%|█████▎    | 80/150 [elapsed: 01:32 remaining: 01:14]
RUNNING:  57%|█████▋    | 85/150 [elapsed: 01:32 remaining: 01:09]
                                                                  

RUNNING:  57%|█████▋    | 85/150 [elapsed: 01:32 remaining: 01:09]
RUNNING:  57%|█████▋    | 85/150 [elapsed: 01:41 remaining: 01:09]
RUNNING:  63%|██████▎   | 94/150 [elapsed: 01:41 remaining: 00:59]
                                                                  

RUNNING:  63%|██████▎   | 94/150 [elapsed: 01:41 remaining: 00:59]
RUNNING:  63%|██████▎   | 94/150 [elapsed: 01:49 remaining: 00:59]
RUNNING:  67%|██████▋   | 101/150 [elapsed: 01:49 remaining: 00:52]
                                                                   

RUNNING:  67%|██████▋   | 101/150 [elapsed: 01:49 remaining: 00:52]
RUNNING:  67%|██████▋   | 101/150 [elapsed: 01:58 remaining: 00:52]
RUNNING:  73%|███████▎  | 110/150 [elapsed: 01:58 remaining: 00:42]
                                                                   

RUNNING:  73%|███████▎  | 110/150 [elapsed: 01:58 remaining: 00:42]
RUNNING:  73%|███████▎  | 110/150 [elapsed: 02:08 remaining: 00:42]
RUNNING:  79%|███████▉  | 119/150 [elapsed: 02:08 remaining: 00:32]
                                                                   

RUNNING:  79%|███████▉  | 119/150 [elapsed: 02:08 remaining: 00:32]
RUNNING:  79%|███████▉  | 119/150 [elapsed: 02:18 remaining: 00:32]
RUNNING:  86%|████████▌ | 129/150 [elapsed: 02:18 remaining: 00:22]
                                                                   

RUNNING:  86%|████████▌ | 129/150 [elapsed: 02:18 remaining: 00:22]
RUNNING:  86%|████████▌ | 129/150 [elapsed: 02:29 remaining: 00:22]
RUNNING:  93%|█████████▎| 139/150 [elapsed: 02:29 remaining: 00:11]
                                                                   

RUNNING:  93%|█████████▎| 139/150 [elapsed: 02:29 remaining: 00:11]
RUNNING:  93%|█████████▎| 139/150 [elapsed: 02:36 remaining: 00:11]
RUNNING:  97%|█████████▋| 146/150 [elapsed: 02:36 remaining: 00:04]
                                                                   

RUNNING:  97%|█████████▋| 146/150 [elapsed: 02:36 remaining: 00:04]
RUNNING:  97%|█████████▋| 146/150 [elapsed: 02:44 remaining: 00:04]
RUNNING: |          | 153/? [elapsed: 02:44 remaining: 00:00]      
                                                             

RUNNING: |          | 153/? [elapsed: 02:44 remaining: 00:00]
RUNNING: |          | 153/? [elapsed: 02:54 remaining: 00:00]
RUNNING: |          | 163/? [elapsed: 02:54 remaining: 00:00]
                                                             

RUNNING: |          | 163/? [elapsed: 02:54 remaining: 00:00]
RUNNING: |          | 163/? [elapsed: 03:05 remaining: 00:00]
RUNNING: |          | 173/? [elapsed: 03:05 remaining: 00:00]
                                                             

RUNNING: |          | 173/? [elapsed: 03:05 remaining: 00:00]
RUNNING: |          | 173/? [elapsed: 03:15 remaining: 00:00]
RUNNING: |          | 183/? [elapsed: 03:15 remaining: 00:00]
                                                             

RUNNING: |          | 183/? [elapsed: 03:15 remaining: 00:00]
RUNNING: |          | 183/? [elapsed: 03:24 remaining: 00:00]
RUNNING: |          | 191/? [elapsed: 03:24 remaining: 00:00]
                                                             

RUNNING: |          | 191/? [elapsed: 03:24 remaining: 00:00]
RUNNING: |          | 191/? [elapsed: 03:34 remaining: 00:00]
RUNNING: |          | 201/? [elapsed: 03:34 remaining: 00:00]
                                                             

RUNNING: |          | 201/? [elapsed: 03:34 remaining: 00:00]
RUNNING: |          | 201/? [elapsed: 03:43 remaining: 00:00]
RUNNING: |          | 209/? [elapsed: 03:43 remaining: 00:00]
                                                             

RUNNING: |          | 209/? [elapsed: 03:43 remaining: 00:00]
RUNNING: |          | 209/? [elapsed: 03:50 remaining: 00:00]
RUNNING: |          | 216/? [elapsed: 03:50 remaining: 00:00]
                                                             

RUNNING: |          | 216/? [elapsed: 03:50 remaining: 00:00]
COMPLETE: |          | 216/? [elapsed: 03:57 remaining: 00:00]
COMPLETE: |          | 216/? [elapsed: 03:58 remaining: 00:00]
2026-06-23 00:18:39,507 Sleeping for 7s. Reason: PENDING
2026-06-23 00:18:47,009 Sleeping for 8s. Reason: RUNNING
2026-06-23 00:18:55,493 Sleeping for 7s. Reason: RUNNING
2026-06-23 00:19:02,987 Sleeping for 6s. Reason: RUNNING
2026-06-23 00:19:09,492 Sleeping for 7s. Reason: RUNNING
2026-06-23 00:19:16,954 Sleeping for 7s. Reason: RUNNING
2026-06-23 00:19:24,445 Sleeping for 6s. Reason: RUNNING
2026-06-23 00:19:30,939 Sleeping for 8s. Reason: RUNNING
2026-06-23 00:19:39,430 Sleeping for 9s. Reason: RUNNING
2026-06-23 00:19:48,933 Sleeping for 6s. Reason: RUNNING
2026-06-23 00:19:55,430 Sleeping for 9s. Reason: RUNNING
2026-06-23 00:20:04,914 Sleeping for 5s. Reason: RUNNING
2026-06-23 00:20:10,379 Sleeping for 9s. Reason: RUNNING
2026-06-23 00:20:19,866 Sleeping for 7s. Reason: RUNNING
2026-06-23 00:20:27,370 Sleeping for 9s. Reason: RUNNING
2026-06-23 00:20:36,845 Sleeping for 9s. Reason: RUNNING
2026-06-23 00:20:46,326 Sleeping for 10s. Reason: RUNNING
2026-06-23 00:20:56,856 Sleeping for 10s. Reason: RUNNING
2026-06-23 00:21:07,342 Sleeping for 7s. Reason: RUNNING
2026-06-23 00:21:14,808 Sleeping for 7s. Reason: RUNNING
2026-06-23 00:21:22,603 Sleeping for 10s. Reason: RUNNING
2026-06-23 00:21:33,072 Sleeping for 10s. Reason: RUNNING
2026-06-23 00:21:43,561 Sleeping for 10s. Reason: RUNNING
2026-06-23 00:21:54,020 Sleeping for 8s. Reason: RUNNING
2026-06-23 00:22:02,521 Sleeping for 10s. Reason: RUNNING
2026-06-23 00:22:13,028 Sleeping for 8s. Reason: RUNNING
2026-06-23 00:22:21,542 Sleeping for 7s. Reason: RUNNING
2026-06-23 00:22:29,014 Sleeping for 6s. Reason: RUNNING
2026-06-23 00:22:56,277 Padding length to 625
2026-06-23 00:23:47,123 alphafold2_ptm_model_1_seed_000 recycle=0 pLDDT=82.7 pTM=0.578
2026-06-23 00:24:20,529 alphafold2_ptm_model_1_seed_000 recycle=1 pLDDT=83.1 pTM=0.584 tol=9.94
2026-06-23 00:24:20,531 alphafold2_ptm_model_1_seed_000 took 84.3s (1 recycles)
2026-06-23 00:24:21,019 reranking models by 'plddt' metric
2026-06-23 00:24:21,019 rank_001_alphafold2_ptm_model_1_seed_000 pLDDT=83.1 pTM=0.584
2026-06-23 00:24:22,190 Query 14/62: Vitis_vinifera_g392600.p01_VCORE (length 616)
    folding 14/62 · Vitis_vinifera_g392600.p01_VCORE (616 aa)

  0%|          | 0/150 [elapsed: 00:00 remaining: ?]
SUBMIT:   0%|          | 0/150 [elapsed: 00:00 remaining: ?]
PENDING:   0%|          | 0/150 [elapsed: 00:00 remaining: ?]
                                                             

PENDING:   0%|          | 0/150 [elapsed: 00:00 remaining: ?]
RUNNING:   0%|          | 0/150 [elapsed: 00:07 remaining: ?]
RUNNING:   5%|▍         | 7/150 [elapsed: 00:07 remaining: 02:42]
                                                                 

RUNNING:   5%|▍         | 7/150 [elapsed: 00:07 remaining: 02:42]
RUNNING:   5%|▍         | 7/150 [elapsed: 00:15 remaining: 02:42]
RUNNING:   9%|▉         | 14/150 [elapsed: 00:15 remaining: 02:29]
                                                                  

RUNNING:   9%|▉         | 14/150 [elapsed: 00:15 remaining: 02:29]
RUNNING:   9%|▉         | 14/150 [elapsed: 00:24 remaining: 02:29]
RUNNING:  15%|█▌        | 23/150 [elapsed: 00:24 remaining: 02:16]
                                                                  

RUNNING:  15%|█▌        | 23/150 [elapsed: 00:24 remaining: 02:16]
RUNNING:  15%|█▌        | 23/150 [elapsed: 00:35 remaining: 02:16]
RUNNING:  22%|██▏       | 33/150 [elapsed: 00:35 remaining: 02:04]
                                                                  

RUNNING:  22%|██▏       | 33/150 [elapsed: 00:35 remaining: 02:04]
RUNNING:  22%|██▏       | 33/150 [elapsed: 00:43 remaining: 02:04]
RUNNING:  27%|██▋       | 41/150 [elapsed: 00:43 remaining: 01:56]
                                                                  

RUNNING:  27%|██▋       | 41/150 [elapsed: 00:43 remaining: 01:56]
RUNNING:  27%|██▋       | 41/150 [elapsed: 00:50 remaining: 01:56]
RUNNING:  31%|███▏      | 47/150 [elapsed: 00:50 remaining: 01:50]
                                                                  

RUNNING:  31%|███▏      | 47/150 [elapsed: 00:50 remaining: 01:50]
RUNNING:  31%|███▏      | 47/150 [elapsed: 00:57 remaining: 01:50]
RUNNING:  36%|███▌      | 54/150 [elapsed: 00:57 remaining: 01:42]
                                                                  

RUNNING:  36%|███▌      | 54/150 [elapsed: 00:57 remaining: 01:42]
RUNNING:  36%|███▌      | 54/150 [elapsed: 01:03 remaining: 01:42]
RUNNING:  39%|███▉      | 59/150 [elapsed: 01:03 remaining: 01:37]
                                                                  

RUNNING:  39%|███▉      | 59/150 [elapsed: 01:03 remaining: 01:37]
RUNNING:  39%|███▉      | 59/150 [elapsed: 01:13 remaining: 01:37]
RUNNING:  46%|████▌     | 69/150 [elapsed: 01:13 remaining: 01:26]
                                                                  

RUNNING:  46%|████▌     | 69/150 [elapsed: 01:13 remaining: 01:26]
RUNNING:  46%|████▌     | 69/150 [elapsed: 01:22 remaining: 01:26]
RUNNING:  51%|█████▏    | 77/150 [elapsed: 01:22 remaining: 01:17]
                                                                  

RUNNING:  51%|█████▏    | 77/150 [elapsed: 01:22 remaining: 01:17]
RUNNING:  51%|█████▏    | 77/150 [elapsed: 01:31 remaining: 01:17]
RUNNING:  57%|█████▋    | 86/150 [elapsed: 01:31 remaining: 01:07]
                                                                  

RUNNING:  57%|█████▋    | 86/150 [elapsed: 01:31 remaining: 01:07]
RUNNING:  57%|█████▋    | 86/150 [elapsed: 01:39 remaining: 01:07]
RUNNING:  62%|██████▏   | 93/150 [elapsed: 01:39 remaining: 01:00]
                                                                  

RUNNING:  62%|██████▏   | 93/150 [elapsed: 01:39 remaining: 01:00]
RUNNING:  62%|██████▏   | 93/150 [elapsed: 01:46 remaining: 01:00]
RUNNING:  67%|██████▋   | 100/150 [elapsed: 01:46 remaining: 00:53]
                                                                   

RUNNING:  67%|██████▋   | 100/150 [elapsed: 01:46 remaining: 00:53]
RUNNING:  67%|██████▋   | 100/150 [elapsed: 01:55 remaining: 00:53]
RUNNING:  72%|███████▏  | 108/150 [elapsed: 01:55 remaining: 00:44]
                                                                   

RUNNING:  72%|███████▏  | 108/150 [elapsed: 01:55 remaining: 00:44]
RUNNING:  72%|███████▏  | 108/150 [elapsed: 02:03 remaining: 00:44]
RUNNING:  77%|███████▋  | 116/150 [elapsed: 02:03 remaining: 00:36]
                                                                   

RUNNING:  77%|███████▋  | 116/150 [elapsed: 02:03 remaining: 00:36]
RUNNING:  77%|███████▋  | 116/150 [elapsed: 02:12 remaining: 00:36]
RUNNING:  83%|████████▎ | 124/150 [elapsed: 02:12 remaining: 00:27]
                                                                   

RUNNING:  83%|████████▎ | 124/150 [elapsed: 02:12 remaining: 00:27]
RUNNING:  83%|████████▎ | 124/150 [elapsed: 02:19 remaining: 00:27]
RUNNING:  87%|████████▋ | 131/150 [elapsed: 02:19 remaining: 00:20]
                                                                   

RUNNING:  87%|████████▋ | 131/150 [elapsed: 02:19 remaining: 00:20]
RUNNING:  87%|████████▋ | 131/150 [elapsed: 02:27 remaining: 00:20]
RUNNING:  92%|█████████▏| 138/150 [elapsed: 02:27 remaining: 00:12]
                                                                   

RUNNING:  92%|█████████▏| 138/150 [elapsed: 02:27 remaining: 00:12]
RUNNING:  92%|█████████▏| 138/150 [elapsed: 02:38 remaining: 00:12]
RUNNING:  99%|█████████▊| 148/150 [elapsed: 02:38 remaining: 00:02]
                                                                   

RUNNING:  99%|█████████▊| 148/150 [elapsed: 02:38 remaining: 00:02]
RUNNING:  99%|█████████▊| 148/150 [elapsed: 02:49 remaining: 00:02]
RUNNING: |          | 158/? [elapsed: 02:49 remaining: 00:00]      
                                                             

RUNNING: |          | 158/? [elapsed: 02:49 remaining: 00:00]
RUNNING: |          | 158/? [elapsed: 02:54 remaining: 00:00]
RUNNING: |          | 163/? [elapsed: 02:54 remaining: 00:00]
                                                             

RUNNING: |          | 163/? [elapsed: 02:54 remaining: 00:00]
RUNNING: |          | 163/? [elapsed: 03:00 remaining: 00:00]
RUNNING: |          | 168/? [elapsed: 03:00 remaining: 00:00]
                                                             

RUNNING: |          | 168/? [elapsed: 03:00 remaining: 00:00]
RUNNING: |          | 168/? [elapsed: 03:08 remaining: 00:00]
RUNNING: |          | 176/? [elapsed: 03:08 remaining: 00:00]
                                                             

RUNNING: |          | 176/? [elapsed: 03:08 remaining: 00:00]
RUNNING: |          | 176/? [elapsed: 03:18 remaining: 00:00]
RUNNING: |          | 185/? [elapsed: 03:18 remaining: 00:00]
                                                             

RUNNING: |          | 185/? [elapsed: 03:18 remaining: 00:00]
RUNNING: |          | 185/? [elapsed: 03:26 remaining: 00:00]
RUNNING: |          | 193/? [elapsed: 03:26 remaining: 00:00]
                                                             

RUNNING: |          | 193/? [elapsed: 03:26 remaining: 00:00]
COMPLETE: |          | 193/? [elapsed: 03:36 remaining: 00:00]
COMPLETE: |          | 193/? [elapsed: 03:37 remaining: 00:00]
2026-06-23 00:24:22,667 Sleeping for 7s. Reason: PENDING
2026-06-23 00:24:30,144 Sleeping for 7s. Reason: RUNNING
2026-06-23 00:24:37,673 Sleeping for 9s. Reason: RUNNING
2026-06-23 00:24:47,174 Sleeping for 10s. Reason: RUNNING
2026-06-23 00:24:57,665 Sleeping for 8s. Reason: RUNNING
2026-06-23 00:25:06,184 Sleeping for 6s. Reason: RUNNING
2026-06-23 00:25:12,691 Sleeping for 7s. Reason: RUNNING
2026-06-23 00:25:20,162 Sleeping for 5s. Reason: RUNNING
2026-06-23 00:25:25,662 Sleeping for 10s. Reason: RUNNING
2026-06-23 00:25:36,169 Sleeping for 8s. Reason: RUNNING
2026-06-23 00:25:44,668 Sleeping for 9s. Reason: RUNNING
2026-06-23 00:25:54,161 Sleeping for 7s. Reason: RUNNING
2026-06-23 00:26:01,661 Sleeping for 7s. Reason: RUNNING
2026-06-23 00:26:09,163 Sleeping for 8s. Reason: RUNNING
2026-06-23 00:26:17,626 Sleeping for 8s. Reason: RUNNING
2026-06-23 00:26:26,120 Sleeping for 8s. Reason: RUNNING
2026-06-23 00:26:34,630 Sleeping for 7s. Reason: RUNNING
2026-06-23 00:26:42,109 Sleeping for 7s. Reason: RUNNING
2026-06-23 00:26:49,757 Sleeping for 10s. Reason: RUNNING
2026-06-23 00:27:00,317 Sleeping for 10s. Reason: RUNNING
2026-06-23 00:27:11,273 Sleeping for 5s. Reason: RUNNING
2026-06-23 00:27:16,743 Sleeping for 5s. Reason: RUNNING
2026-06-23 00:27:22,234 Sleeping for 8s. Reason: RUNNING
2026-06-23 00:27:30,740 Sleeping for 9s. Reason: RUNNING
2026-06-23 00:27:40,230 Sleeping for 8s. Reason: RUNNING
2026-06-23 00:27:48,742 Sleeping for 9s. Reason: RUNNING
2026-06-23 00:28:20,002 Padding length to 625
2026-06-23 00:28:55,908 alphafold2_ptm_model_1_seed_000 recycle=0 pLDDT=86.6 pTM=0.596
2026-06-23 00:29:29,313 alphafold2_ptm_model_1_seed_000 recycle=1 pLDDT=87.9 pTM=0.611 tol=5.38
2026-06-23 00:29:29,315 alphafold2_ptm_model_1_seed_000 took 69.3s (1 recycles)
2026-06-23 00:29:29,794 reranking models by 'plddt' metric
2026-06-23 00:29:29,794 rank_001_alphafold2_ptm_model_1_seed_000 pLDDT=87.9 pTM=0.611
2026-06-23 00:29:30,662 Query 15/62: Vitis_vinifera_g449990.p01_VCORE (length 683)
    folding 15/62 · Vitis_vinifera_g449990.p01_VCORE (683 aa)

  0%|          | 0/150 [elapsed: 00:00 remaining: ?]
SUBMIT:   0%|          | 0/150 [elapsed: 00:00 remaining: ?]
PENDING:   0%|          | 0/150 [elapsed: 00:00 remaining: ?]
                                                             

PENDING:   0%|          | 0/150 [elapsed: 00:00 remaining: ?]
RUNNING:   0%|          | 0/150 [elapsed: 00:07 remaining: ?]
RUNNING:   5%|▍         | 7/150 [elapsed: 00:07 remaining: 02:42]
                                                                 

RUNNING:   5%|▍         | 7/150 [elapsed: 00:07 remaining: 02:42]
RUNNING:   5%|▍         | 7/150 [elapsed: 00:13 remaining: 02:42]
RUNNING:   8%|▊         | 12/150 [elapsed: 00:13 remaining: 02:33]
                                                                  

RUNNING:   8%|▊         | 12/150 [elapsed: 00:13 remaining: 02:33]
RUNNING:   8%|▊         | 12/150 [elapsed: 00:21 remaining: 02:33]
RUNNING:  13%|█▎        | 20/150 [elapsed: 00:21 remaining: 02:21]
                                                                  

RUNNING:  13%|█▎        | 20/150 [elapsed: 00:21 remaining: 02:21]
RUNNING:  13%|█▎        | 20/150 [elapsed: 00:28 remaining: 02:21]
RUNNING:  17%|█▋        | 26/150 [elapsed: 00:28 remaining: 02:14]
                                                                  

RUNNING:  17%|█▋        | 26/150 [elapsed: 00:28 remaining: 02:14]
RUNNING:  17%|█▋        | 26/150 [elapsed: 00:33 remaining: 02:14]
RUNNING:  21%|██        | 31/150 [elapsed: 00:33 remaining: 02:09]
                                                                  

RUNNING:  21%|██        | 31/150 [elapsed: 00:33 remaining: 02:09]
RUNNING:  21%|██        | 31/150 [elapsed: 00:44 remaining: 02:09]
RUNNING:  27%|██▋       | 41/150 [elapsed: 00:44 remaining: 01:56]
                                                                  

RUNNING:  27%|██▋       | 41/150 [elapsed: 00:44 remaining: 01:56]
RUNNING:  27%|██▋       | 41/150 [elapsed: 00:53 remaining: 01:56]
RUNNING:  33%|███▎      | 50/150 [elapsed: 00:53 remaining: 01:46]
                                                                  

RUNNING:  33%|███▎      | 50/150 [elapsed: 00:53 remaining: 01:46]
RUNNING:  33%|███▎      | 50/150 [elapsed: 01:01 remaining: 01:46]
RUNNING:  38%|███▊      | 57/150 [elapsed: 01:01 remaining: 01:39]
                                                                  

RUNNING:  38%|███▊      | 57/150 [elapsed: 01:01 remaining: 01:39]
RUNNING:  38%|███▊      | 57/150 [elapsed: 01:07 remaining: 01:39]
RUNNING:  42%|████▏     | 63/150 [elapsed: 01:07 remaining: 01:32]
                                                                  

RUNNING:  42%|████▏     | 63/150 [elapsed: 01:07 remaining: 01:32]
RUNNING:  42%|████▏     | 63/150 [elapsed: 01:13 remaining: 01:32]
RUNNING:  45%|████▌     | 68/150 [elapsed: 01:13 remaining: 01:28]
                                                                  

RUNNING:  45%|████▌     | 68/150 [elapsed: 01:13 remaining: 01:28]
RUNNING:  45%|████▌     | 68/150 [elapsed: 01:20 remaining: 01:28]
RUNNING:  50%|█████     | 75/150 [elapsed: 01:20 remaining: 01:20]
                                                                  

RUNNING:  50%|█████     | 75/150 [elapsed: 01:20 remaining: 01:20]
RUNNING:  50%|█████     | 75/150 [elapsed: 01:27 remaining: 01:20]
RUNNING:  54%|█████▍    | 81/150 [elapsed: 01:27 remaining: 01:14]
                                                                  

RUNNING:  54%|█████▍    | 81/150 [elapsed: 01:27 remaining: 01:14]
RUNNING:  54%|█████▍    | 81/150 [elapsed: 01:36 remaining: 01:14]
RUNNING:  60%|██████    | 90/150 [elapsed: 01:36 remaining: 01:04]
                                                                  

RUNNING:  60%|██████    | 90/150 [elapsed: 01:36 remaining: 01:04]
RUNNING:  60%|██████    | 90/150 [elapsed: 01:47 remaining: 01:04]
RUNNING:  67%|██████▋   | 100/150 [elapsed: 01:47 remaining: 00:53]
                                                                   

RUNNING:  67%|██████▋   | 100/150 [elapsed: 01:47 remaining: 00:53]
RUNNING:  67%|██████▋   | 100/150 [elapsed: 01:55 remaining: 00:53]
RUNNING:  72%|███████▏  | 108/150 [elapsed: 01:55 remaining: 00:44]
                                                                   

RUNNING:  72%|███████▏  | 108/150 [elapsed: 01:55 remaining: 00:44]
RUNNING:  72%|███████▏  | 108/150 [elapsed: 02:02 remaining: 00:44]
RUNNING:  76%|███████▌  | 114/150 [elapsed: 02:02 remaining: 00:38]
                                                                   

RUNNING:  76%|███████▌  | 114/150 [elapsed: 02:02 remaining: 00:38]
RUNNING:  76%|███████▌  | 114/150 [elapsed: 02:08 remaining: 00:38]
RUNNING:  80%|████████  | 120/150 [elapsed: 02:08 remaining: 00:32]
                                                                   

RUNNING:  80%|████████  | 120/150 [elapsed: 02:08 remaining: 00:32]
RUNNING:  80%|████████  | 120/150 [elapsed: 02:19 remaining: 00:32]
RUNNING:  87%|████████▋ | 130/150 [elapsed: 02:19 remaining: 00:21]
                                                                   

RUNNING:  87%|████████▋ | 130/150 [elapsed: 02:19 remaining: 00:21]
RUNNING:  87%|████████▋ | 130/150 [elapsed: 02:24 remaining: 00:21]
RUNNING:  90%|█████████ | 135/150 [elapsed: 02:24 remaining: 00:16]
                                                                   

RUNNING:  90%|█████████ | 135/150 [elapsed: 02:24 remaining: 00:16]
RUNNING:  90%|█████████ | 135/150 [elapsed: 02:35 remaining: 00:16]
RUNNING:  97%|█████████▋| 145/150 [elapsed: 02:35 remaining: 00:05]
                                                                   

RUNNING:  97%|█████████▋| 145/150 [elapsed: 02:35 remaining: 00:05]
RUNNING:  97%|█████████▋| 145/150 [elapsed: 02:41 remaining: 00:05]
RUNNING: |          | 151/? [elapsed: 02:41 remaining: 00:00]      
                                                             

RUNNING: |          | 151/? [elapsed: 02:41 remaining: 00:00]
RUNNING: |          | 151/? [elapsed: 02:50 remaining: 00:00]
RUNNING: |          | 159/? [elapsed: 02:50 remaining: 00:00]
                                                             

RUNNING: |          | 159/? [elapsed: 02:50 remaining: 00:00]
RUNNING: |          | 159/? [elapsed: 02:59 remaining: 00:00]
RUNNING: |          | 168/? [elapsed: 02:59 remaining: 00:00]
                                                             

RUNNING: |          | 168/? [elapsed: 02:59 remaining: 00:00]
RUNNING: |          | 168/? [elapsed: 03:06 remaining: 00:00]
RUNNING: |          | 174/? [elapsed: 03:06 remaining: 00:00]
                                                             

RUNNING: |          | 174/? [elapsed: 03:06 remaining: 00:00]
RUNNING: |          | 174/? [elapsed: 03:13 remaining: 00:00]
RUNNING: |          | 181/? [elapsed: 03:13 remaining: 00:00]
                                                             

RUNNING: |          | 181/? [elapsed: 03:13 remaining: 00:00]
RUNNING: |          | 181/? [elapsed: 03:22 remaining: 00:00]
RUNNING: |          | 189/? [elapsed: 03:22 remaining: 00:00]
                                                             

RUNNING: |          | 189/? [elapsed: 03:22 remaining: 00:00]
RUNNING: |          | 189/? [elapsed: 03:29 remaining: 00:00]
RUNNING: |          | 196/? [elapsed: 03:29 remaining: 00:00]
                                                             

RUNNING: |          | 196/? [elapsed: 03:29 remaining: 00:00]
COMPLETE: |          | 196/? [elapsed: 03:38 remaining: 00:00]
COMPLETE: |          | 196/? [elapsed: 03:39 remaining: 00:00]
2026-06-23 00:29:31,157 Sleeping for 7s. Reason: PENDING
2026-06-23 00:29:38,633 Sleeping for 5s. Reason: RUNNING
2026-06-23 00:29:44,100 Sleeping for 8s. Reason: RUNNING
2026-06-23 00:29:52,608 Sleeping for 6s. Reason: RUNNING
2026-06-23 00:29:59,107 Sleeping for 5s. Reason: RUNNING
2026-06-23 00:30:04,615 Sleeping for 10s. Reason: RUNNING
2026-06-23 00:30:15,131 Sleeping for 9s. Reason: RUNNING
2026-06-23 00:30:24,594 Sleeping for 7s. Reason: RUNNING
2026-06-23 00:30:32,059 Sleeping for 6s. Reason: RUNNING
2026-06-23 00:30:38,510 Sleeping for 5s. Reason: RUNNING
2026-06-23 00:30:44,048 Sleeping for 7s. Reason: RUNNING
2026-06-23 00:30:51,556 Sleeping for 6s. Reason: RUNNING
2026-06-23 00:30:58,017 Sleeping for 9s. Reason: RUNNING
2026-06-23 00:31:07,505 Sleeping for 10s. Reason: RUNNING
2026-06-23 00:31:17,978 Sleeping for 8s. Reason: RUNNING
2026-06-23 00:31:26,473 Sleeping for 6s. Reason: RUNNING
2026-06-23 00:31:32,977 Sleeping for 6s. Reason: RUNNING
2026-06-23 00:31:39,468 Sleeping for 10s. Reason: RUNNING
2026-06-23 00:31:49,967 Sleeping for 5s. Reason: RUNNING
2026-06-23 00:31:55,470 Sleeping for 10s. Reason: RUNNING
2026-06-23 00:32:05,963 Sleeping for 6s. Reason: RUNNING
2026-06-23 00:32:12,445 Sleeping for 8s. Reason: RUNNING
2026-06-23 00:32:20,902 Sleeping for 9s. Reason: RUNNING
2026-06-23 00:32:30,417 Sleeping for 6s. Reason: RUNNING
2026-06-23 00:32:36,892 Sleeping for 7s. Reason: RUNNING
2026-06-23 00:32:44,387 Sleeping for 8s. Reason: RUNNING
2026-06-23 00:32:52,929 Sleeping for 7s. Reason: RUNNING
2026-06-23 00:33:00,559 Sleeping for 8s. Reason: RUNNING
2026-06-23 00:33:29,124 Padding length to 693
2026-06-23 00:34:57,122 alphafold2_ptm_model_1_seed_000 recycle=0 pLDDT=81.1 pTM=0.532
2026-06-23 00:35:37,022 alphafold2_ptm_model_1_seed_000 recycle=1 pLDDT=84.2 pTM=0.54 tol=13.2
2026-06-23 00:35:37,024 alphafold2_ptm_model_1_seed_000 took 127.9s (1 recycles)
2026-06-23 00:35:37,594 reranking models by 'plddt' metric
2026-06-23 00:35:37,595 rank_001_alphafold2_ptm_model_1_seed_000 pLDDT=84.2 pTM=0.54
2026-06-23 00:35:38,748 Query 16/62: Vitis_vinifera_g166280.p01_VCORE (length 697)
    folding 16/62 · Vitis_vinifera_g166280.p01_VCORE (697 aa)

  0%|          | 0/150 [elapsed: 00:00 remaining: ?]
SUBMIT:   0%|          | 0/150 [elapsed: 00:00 remaining: ?]
PENDING:   0%|          | 0/150 [elapsed: 00:00 remaining: ?]
                                                             

PENDING:   0%|          | 0/150 [elapsed: 00:00 remaining: ?]
RUNNING:   0%|          | 0/150 [elapsed: 00:07 remaining: ?]
RUNNING:   5%|▍         | 7/150 [elapsed: 00:07 remaining: 02:42]
                                                                 

RUNNING:   5%|▍         | 7/150 [elapsed: 00:07 remaining: 02:42]
RUNNING:   5%|▍         | 7/150 [elapsed: 00:15 remaining: 02:42]
RUNNING:   9%|▉         | 14/150 [elapsed: 00:15 remaining: 02:28]
                                                                  

RUNNING:   9%|▉         | 14/150 [elapsed: 00:15 remaining: 02:28]
RUNNING:   9%|▉         | 14/150 [elapsed: 00:22 remaining: 02:28]
RUNNING:  14%|█▍        | 21/150 [elapsed: 00:22 remaining: 02:20]
                                                                  

RUNNING:  14%|█▍        | 21/150 [elapsed: 00:22 remaining: 02:20]
RUNNING:  14%|█▍        | 21/150 [elapsed: 00:31 remaining: 02:20]
RUNNING:  19%|█▉        | 29/150 [elapsed: 00:31 remaining: 02:09]
                                                                  

RUNNING:  19%|█▉        | 29/150 [elapsed: 00:31 remaining: 02:09]
RUNNING:  19%|█▉        | 29/150 [elapsed: 00:40 remaining: 02:09]
RUNNING:  25%|██▌       | 38/150 [elapsed: 00:40 remaining: 01:59]
                                                                  

RUNNING:  25%|██▌       | 38/150 [elapsed: 00:40 remaining: 01:59]
RUNNING:  25%|██▌       | 38/150 [elapsed: 00:47 remaining: 01:59]
RUNNING:  29%|██▉       | 44/150 [elapsed: 00:47 remaining: 01:53]
                                                                  

RUNNING:  29%|██▉       | 44/150 [elapsed: 00:47 remaining: 01:53]
RUNNING:  29%|██▉       | 44/150 [elapsed: 00:53 remaining: 01:53]
RUNNING:  33%|███▎      | 50/150 [elapsed: 00:53 remaining: 01:47]
                                                                  

RUNNING:  33%|███▎      | 50/150 [elapsed: 00:53 remaining: 01:47]
RUNNING:  33%|███▎      | 50/150 [elapsed: 01:01 remaining: 01:47]
RUNNING:  38%|███▊      | 57/150 [elapsed: 01:01 remaining: 01:39]
                                                                  

RUNNING:  38%|███▊      | 57/150 [elapsed: 01:01 remaining: 01:39]
RUNNING:  38%|███▊      | 57/150 [elapsed: 01:08 remaining: 01:39]
RUNNING:  43%|████▎     | 64/150 [elapsed: 01:08 remaining: 01:31]
                                                                  

RUNNING:  43%|████▎     | 64/150 [elapsed: 01:08 remaining: 01:31]
RUNNING:  43%|████▎     | 64/150 [elapsed: 01:19 remaining: 01:31]
RUNNING:  49%|████▉     | 74/150 [elapsed: 01:19 remaining: 01:20]
                                                                  

RUNNING:  49%|████▉     | 74/150 [elapsed: 01:19 remaining: 01:20]
RUNNING:  49%|████▉     | 74/150 [elapsed: 01:29 remaining: 01:20]
RUNNING:  56%|█████▌    | 84/150 [elapsed: 01:29 remaining: 01:09]
                                                                  

RUNNING:  56%|█████▌    | 84/150 [elapsed: 01:29 remaining: 01:09]
RUNNING:  56%|█████▌    | 84/150 [elapsed: 01:37 remaining: 01:09]
RUNNING:  61%|██████    | 91/150 [elapsed: 01:37 remaining: 01:02]
                                                                  

RUNNING:  61%|██████    | 91/150 [elapsed: 01:37 remaining: 01:02]
RUNNING:  61%|██████    | 91/150 [elapsed: 01:46 remaining: 01:02]
RUNNING:  67%|██████▋   | 100/150 [elapsed: 01:46 remaining: 00:52]
                                                                   

RUNNING:  67%|██████▋   | 100/150 [elapsed: 01:46 remaining: 00:52]
RUNNING:  67%|██████▋   | 100/150 [elapsed: 01:52 remaining: 00:52]
RUNNING:  70%|███████   | 105/150 [elapsed: 01:52 remaining: 00:47]
                                                                   

RUNNING:  70%|███████   | 105/150 [elapsed: 01:52 remaining: 00:47]
RUNNING:  70%|███████   | 105/150 [elapsed: 02:02 remaining: 00:47]
RUNNING:  77%|███████▋  | 115/150 [elapsed: 02:02 remaining: 00:37]
                                                                   

RUNNING:  77%|███████▋  | 115/150 [elapsed: 02:02 remaining: 00:37]
RUNNING:  77%|███████▋  | 115/150 [elapsed: 02:13 remaining: 00:37]
RUNNING:  83%|████████▎ | 125/150 [elapsed: 02:13 remaining: 00:26]
                                                                   

RUNNING:  83%|████████▎ | 125/150 [elapsed: 02:13 remaining: 00:26]
RUNNING:  83%|████████▎ | 125/150 [elapsed: 02:18 remaining: 00:26]
RUNNING:  87%|████████▋ | 130/150 [elapsed: 02:18 remaining: 00:21]
                                                                   

RUNNING:  87%|████████▋ | 130/150 [elapsed: 02:18 remaining: 00:21]
RUNNING:  87%|████████▋ | 130/150 [elapsed: 02:29 remaining: 00:21]
RUNNING:  93%|█████████▎| 140/150 [elapsed: 02:29 remaining: 00:10]
                                                                   

RUNNING:  93%|█████████▎| 140/150 [elapsed: 02:29 remaining: 00:10]
RUNNING:  93%|█████████▎| 140/150 [elapsed: 02:40 remaining: 00:10]
RUNNING: 100%|██████████| 150/150 [elapsed: 02:40 remaining: 00:00]
                                                                   

RUNNING: 100%|██████████| 150/150 [elapsed: 02:40 remaining: 00:00]
RUNNING: 100%|██████████| 150/150 [elapsed: 02:50 remaining: 00:00]
RUNNING: |          | 159/? [elapsed: 02:50 remaining: 00:00]      
                                                             

RUNNING: |          | 159/? [elapsed: 02:50 remaining: 00:00]
RUNNING: |          | 159/? [elapsed: 02:55 remaining: 00:00]
RUNNING: |          | 164/? [elapsed: 02:55 remaining: 00:00]
                                                             

RUNNING: |          | 164/? [elapsed: 02:55 remaining: 00:00]
RUNNING: |          | 164/? [elapsed: 03:04 remaining: 00:00]
RUNNING: |          | 172/? [elapsed: 03:04 remaining: 00:00]
                                                             

RUNNING: |          | 172/? [elapsed: 03:04 remaining: 00:00]
RUNNING: |          | 172/? [elapsed: 03:13 remaining: 00:00]
RUNNING: |          | 181/? [elapsed: 03:13 remaining: 00:00]
                                                             

RUNNING: |          | 181/? [elapsed: 03:13 remaining: 00:00]
RUNNING: |          | 181/? [elapsed: 03:23 remaining: 00:00]
RUNNING: |          | 190/? [elapsed: 03:23 remaining: 00:00]
                                                             

RUNNING: |          | 190/? [elapsed: 03:23 remaining: 00:00]
RUNNING: |          | 190/? [elapsed: 03:28 remaining: 00:00]
RUNNING: |          | 195/? [elapsed: 03:28 remaining: 00:00]
                                                             

RUNNING: |          | 195/? [elapsed: 03:28 remaining: 00:00]
RUNNING: |          | 195/? [elapsed: 03:35 remaining: 00:00]
RUNNING: |          | 201/? [elapsed: 03:35 remaining: 00:00]
                                                             

RUNNING: |          | 201/? [elapsed: 03:35 remaining: 00:00]
RUNNING: |          | 201/? [elapsed: 03:40 remaining: 00:00]
RUNNING: |          | 206/? [elapsed: 03:40 remaining: 00:00]
                                                             

RUNNING: |          | 206/? [elapsed: 03:40 remaining: 00:00]
RUNNING: |          | 206/? [elapsed: 03:48 remaining: 00:00]
RUNNING: |          | 213/? [elapsed: 03:48 remaining: 00:00]
                                                             

RUNNING: |          | 213/? [elapsed: 03:48 remaining: 00:00]
COMPLETE: |          | 213/? [elapsed: 03:56 remaining: 00:00]
COMPLETE: |          | 213/? [elapsed: 03:57 remaining: 00:00]
2026-06-23 00:35:39,207 Sleeping for 7s. Reason: PENDING
2026-06-23 00:35:46,689 Sleeping for 7s. Reason: RUNNING
2026-06-23 00:35:54,157 Sleeping for 7s. Reason: RUNNING
2026-06-23 00:36:01,696 Sleeping for 8s. Reason: RUNNING
2026-06-23 00:36:10,154 Sleeping for 9s. Reason: RUNNING
2026-06-23 00:36:19,621 Sleeping for 6s. Reason: RUNNING
2026-06-23 00:36:26,094 Sleeping for 6s. Reason: RUNNING
2026-06-23 00:36:32,591 Sleeping for 7s. Reason: RUNNING
2026-06-23 00:36:40,051 Sleeping for 7s. Reason: RUNNING
2026-06-23 00:36:47,508 Sleeping for 10s. Reason: RUNNING
2026-06-23 00:36:57,978 Sleeping for 10s. Reason: RUNNING
2026-06-23 00:37:08,474 Sleeping for 7s. Reason: RUNNING
2026-06-23 00:37:15,976 Sleeping for 9s. Reason: RUNNING
2026-06-23 00:37:25,453 Sleeping for 5s. Reason: RUNNING
2026-06-23 00:37:30,928 Sleeping for 10s. Reason: RUNNING
2026-06-23 00:37:41,398 Sleeping for 10s. Reason: RUNNING
2026-06-23 00:37:51,909 Sleeping for 5s. Reason: RUNNING
2026-06-23 00:37:57,407 Sleeping for 10s. Reason: RUNNING
2026-06-23 00:38:07,910 Sleeping for 10s. Reason: RUNNING
2026-06-23 00:38:19,402 Sleeping for 9s. Reason: RUNNING
2026-06-23 00:38:28,884 Sleeping for 5s. Reason: RUNNING
2026-06-23 00:38:34,385 Sleeping for 8s. Reason: RUNNING
2026-06-23 00:38:42,892 Sleeping for 9s. Reason: RUNNING
2026-06-23 00:38:52,420 Sleeping for 9s. Reason: RUNNING
2026-06-23 00:39:01,891 Sleeping for 5s. Reason: RUNNING
2026-06-23 00:39:07,355 Sleeping for 6s. Reason: RUNNING
2026-06-23 00:39:13,845 Sleeping for 5s. Reason: RUNNING
2026-06-23 00:39:19,330 Sleeping for 7s. Reason: RUNNING
2026-06-23 00:39:26,799 Sleeping for 8s. Reason: RUNNING
2026-06-23 00:39:52,690 Padding length to 707
2026-06-23 00:41:21,454 alphafold2_ptm_model_1_seed_000 recycle=0 pLDDT=66.8 pTM=0.509
2026-06-23 00:42:02,849 alphafold2_ptm_model_1_seed_000 recycle=1 pLDDT=67.2 pTM=0.499 tol=5.86
2026-06-23 00:42:02,851 alphafold2_ptm_model_1_seed_000 took 130.2s (1 recycles)
2026-06-23 00:42:03,357 reranking models by 'plddt' metric
2026-06-23 00:42:03,357 rank_001_alphafold2_ptm_model_1_seed_000 pLDDT=67.2 pTM=0.499
2026-06-23 00:42:04,220 Query 17/62: Vitis_vinifera_g066700.p01_VCORE (length 710)
    folding 17/62 · Vitis_vinifera_g066700.p01_VCORE (710 aa)

  0%|          | 0/150 [elapsed: 00:00 remaining: ?]
SUBMIT:   0%|          | 0/150 [elapsed: 00:00 remaining: ?]
PENDING:   0%|          | 0/150 [elapsed: 00:00 remaining: ?]
                                                             

PENDING:   0%|          | 0/150 [elapsed: 00:00 remaining: ?]
RUNNING:   0%|          | 0/150 [elapsed: 00:09 remaining: ?]
RUNNING:   6%|▌         | 9/150 [elapsed: 00:09 remaining: 02:36]
                                                                 

RUNNING:   6%|▌         | 9/150 [elapsed: 00:09 remaining: 02:36]
RUNNING:   6%|▌         | 9/150 [elapsed: 00:18 remaining: 02:36]
RUNNING:  11%|█▏        | 17/150 [elapsed: 00:18 remaining: 02:23]
                                                                  

RUNNING:  11%|█▏        | 17/150 [elapsed: 00:18 remaining: 02:23]
RUNNING:  11%|█▏        | 17/150 [elapsed: 00:23 remaining: 02:23]
RUNNING:  15%|█▍        | 22/150 [elapsed: 00:23 remaining: 02:19]
                                                                  

RUNNING:  15%|█▍        | 22/150 [elapsed: 00:23 remaining: 02:19]
RUNNING:  15%|█▍        | 22/150 [elapsed: 00:33 remaining: 02:19]
RUNNING:  21%|██        | 31/150 [elapsed: 00:33 remaining: 02:07]
                                                                  

RUNNING:  21%|██        | 31/150 [elapsed: 00:33 remaining: 02:07]
RUNNING:  21%|██        | 31/150 [elapsed: 00:38 remaining: 02:07]
RUNNING:  24%|██▍       | 36/150 [elapsed: 00:38 remaining: 02:03]
                                                                  

RUNNING:  24%|██▍       | 36/150 [elapsed: 00:38 remaining: 02:03]
RUNNING:  24%|██▍       | 36/150 [elapsed: 00:45 remaining: 02:03]
RUNNING:  28%|██▊       | 42/150 [elapsed: 00:45 remaining: 01:56]
                                                                  

RUNNING:  28%|██▊       | 42/150 [elapsed: 00:45 remaining: 01:56]
RUNNING:  28%|██▊       | 42/150 [elapsed: 00:55 remaining: 01:56]
RUNNING:  35%|███▍      | 52/150 [elapsed: 00:55 remaining: 01:44]
                                                                  

RUNNING:  35%|███▍      | 52/150 [elapsed: 00:55 remaining: 01:44]
RUNNING:  35%|███▍      | 52/150 [elapsed: 01:04 remaining: 01:44]
RUNNING:  40%|████      | 60/150 [elapsed: 01:04 remaining: 01:35]
                                                                  

RUNNING:  40%|████      | 60/150 [elapsed: 01:04 remaining: 01:35]
RUNNING:  40%|████      | 60/150 [elapsed: 01:14 remaining: 01:35]
RUNNING:  47%|████▋     | 70/150 [elapsed: 01:14 remaining: 01:24]
                                                                  

RUNNING:  47%|████▋     | 70/150 [elapsed: 01:14 remaining: 01:24]
RUNNING:  47%|████▋     | 70/150 [elapsed: 01:24 remaining: 01:24]
RUNNING:  53%|█████▎    | 79/150 [elapsed: 01:24 remaining: 01:16]
                                                                  

RUNNING:  53%|█████▎    | 79/150 [elapsed: 01:24 remaining: 01:16]
RUNNING:  53%|█████▎    | 79/150 [elapsed: 01:33 remaining: 01:16]
RUNNING:  58%|█████▊    | 87/150 [elapsed: 01:33 remaining: 01:07]
                                                                  

RUNNING:  58%|█████▊    | 87/150 [elapsed: 01:33 remaining: 01:07]
RUNNING:  58%|█████▊    | 87/150 [elapsed: 01:39 remaining: 01:07]
RUNNING:  61%|██████▏   | 92/150 [elapsed: 01:39 remaining: 01:03]
                                                                  

RUNNING:  61%|██████▏   | 92/150 [elapsed: 01:39 remaining: 01:03]
RUNNING:  61%|██████▏   | 92/150 [elapsed: 01:44 remaining: 01:03]
RUNNING:  65%|██████▍   | 97/150 [elapsed: 01:44 remaining: 00:57]
                                                                  

RUNNING:  65%|██████▍   | 97/150 [elapsed: 01:44 remaining: 00:57]
RUNNING:  65%|██████▍   | 97/150 [elapsed: 01:54 remaining: 00:57]
RUNNING:  71%|███████   | 106/150 [elapsed: 01:54 remaining: 00:47]
                                                                   

RUNNING:  71%|███████   | 106/150 [elapsed: 01:54 remaining: 00:47]
RUNNING:  71%|███████   | 106/150 [elapsed: 02:03 remaining: 00:47]
RUNNING:  77%|███████▋  | 115/150 [elapsed: 02:03 remaining: 00:37]
                                                                   

RUNNING:  77%|███████▋  | 115/150 [elapsed: 02:03 remaining: 00:37]
RUNNING:  77%|███████▋  | 115/150 [elapsed: 02:12 remaining: 00:37]
RUNNING:  82%|████████▏ | 123/150 [elapsed: 02:12 remaining: 00:28]
                                                                   

RUNNING:  82%|████████▏ | 123/150 [elapsed: 02:12 remaining: 00:28]
RUNNING:  82%|████████▏ | 123/150 [elapsed: 02:18 remaining: 00:28]
RUNNING:  86%|████████▌ | 129/150 [elapsed: 02:18 remaining: 00:22]
                                                                   

RUNNING:  86%|████████▌ | 129/150 [elapsed: 02:18 remaining: 00:22]
RUNNING:  86%|████████▌ | 129/150 [elapsed: 02:24 remaining: 00:22]
RUNNING:  89%|████████▉ | 134/150 [elapsed: 02:24 remaining: 00:17]
                                                                   

RUNNING:  89%|████████▉ | 134/150 [elapsed: 02:24 remaining: 00:17]
RUNNING:  89%|████████▉ | 134/150 [elapsed: 02:30 remaining: 00:17]
RUNNING:  93%|█████████▎| 140/150 [elapsed: 02:30 remaining: 00:10]
                                                                   

RUNNING:  93%|█████████▎| 140/150 [elapsed: 02:30 remaining: 00:10]
RUNNING:  93%|█████████▎| 140/150 [elapsed: 02:37 remaining: 00:10]
RUNNING:  97%|█████████▋| 146/150 [elapsed: 02:37 remaining: 00:04]
                                                                   

RUNNING:  97%|█████████▋| 146/150 [elapsed: 02:37 remaining: 00:04]
RUNNING:  97%|█████████▋| 146/150 [elapsed: 02:43 remaining: 00:04]
RUNNING: |          | 152/? [elapsed: 02:43 remaining: 00:00]      
                                                             

RUNNING: |          | 152/? [elapsed: 02:43 remaining: 00:00]
RUNNING: |          | 152/? [elapsed: 02:49 remaining: 00:00]
RUNNING: |          | 157/? [elapsed: 02:49 remaining: 00:00]
                                                             

RUNNING: |          | 157/? [elapsed: 02:49 remaining: 00:00]
RUNNING: |          | 157/? [elapsed: 02:55 remaining: 00:00]
RUNNING: |          | 163/? [elapsed: 02:55 remaining: 00:00]
                                                             

RUNNING: |          | 163/? [elapsed: 02:55 remaining: 00:00]
RUNNING: |          | 163/? [elapsed: 03:05 remaining: 00:00]
RUNNING: |          | 172/? [elapsed: 03:05 remaining: 00:00]
                                                             

RUNNING: |          | 172/? [elapsed: 03:05 remaining: 00:00]
RUNNING: |          | 172/? [elapsed: 03:11 remaining: 00:00]
RUNNING: |          | 178/? [elapsed: 03:11 remaining: 00:00]
                                                             

RUNNING: |          | 178/? [elapsed: 03:11 remaining: 00:00]
RUNNING: |          | 178/? [elapsed: 03:19 remaining: 00:00]
RUNNING: |          | 185/? [elapsed: 03:19 remaining: 00:00]
                                                             

RUNNING: |          | 185/? [elapsed: 03:19 remaining: 00:00]
RUNNING: |          | 185/? [elapsed: 03:26 remaining: 00:00]
RUNNING: |          | 192/? [elapsed: 03:26 remaining: 00:00]
                                                             

RUNNING: |          | 192/? [elapsed: 03:26 remaining: 00:00]
RUNNING: |          | 192/? [elapsed: 03:34 remaining: 00:00]
RUNNING: |          | 199/? [elapsed: 03:34 remaining: 00:00]
                                                             

RUNNING: |          | 199/? [elapsed: 03:34 remaining: 00:00]
RUNNING: |          | 199/? [elapsed: 03:43 remaining: 00:00]
RUNNING: |          | 208/? [elapsed: 03:43 remaining: 00:00]
                                                             

RUNNING: |          | 208/? [elapsed: 03:43 remaining: 00:00]
RUNNING: |          | 208/? [elapsed: 03:51 remaining: 00:00]
RUNNING: |          | 216/? [elapsed: 03:51 remaining: 00:00]
                                                             

RUNNING: |          | 216/? [elapsed: 03:51 remaining: 00:00]
RUNNING: |          | 216/? [elapsed: 03:58 remaining: 00:00]
RUNNING: |          | 222/? [elapsed: 03:58 remaining: 00:00]
                                                             

RUNNING: |          | 222/? [elapsed: 03:58 remaining: 00:00]
RUNNING: |          | 222/? [elapsed: 04:08 remaining: 00:00]
RUNNING: |          | 232/? [elapsed: 04:08 remaining: 00:00]
                                                             

RUNNING: |          | 232/? [elapsed: 04:08 remaining: 00:00]
RUNNING: |          | 232/? [elapsed: 04:16 remaining: 00:00]
RUNNING: |          | 239/? [elapsed: 04:16 remaining: 00:00]
                                                             

RUNNING: |          | 239/? [elapsed: 04:16 remaining: 00:00]
RUNNING: |          | 239/? [elapsed: 04:22 remaining: 00:00]
RUNNING: |          | 245/? [elapsed: 04:22 remaining: 00:00]
                                                             

RUNNING: |          | 245/? [elapsed: 04:22 remaining: 00:00]
RUNNING: |          | 245/? [elapsed: 04:31 remaining: 00:00]
RUNNING: |          | 253/? [elapsed: 04:31 remaining: 00:00]
                                                             

RUNNING: |          | 253/? [elapsed: 04:31 remaining: 00:00]
COMPLETE: |          | 253/? [elapsed: 04:40 remaining: 00:00]
COMPLETE: |          | 253/? [elapsed: 04:42 remaining: 00:00]
2026-06-23 00:42:04,705 Sleeping for 9s. Reason: PENDING
2026-06-23 00:42:14,195 Sleeping for 8s. Reason: RUNNING
2026-06-23 00:42:22,679 Sleeping for 5s. Reason: RUNNING
2026-06-23 00:42:28,198 Sleeping for 9s. Reason: RUNNING
2026-06-23 00:42:37,685 Sleeping for 5s. Reason: RUNNING
2026-06-23 00:42:43,195 Sleeping for 6s. Reason: RUNNING
2026-06-23 00:42:49,663 Sleeping for 10s. Reason: RUNNING
2026-06-23 00:43:00,150 Sleeping for 8s. Reason: RUNNING
2026-06-23 00:43:08,643 Sleeping for 10s. Reason: RUNNING
2026-06-23 00:43:19,129 Sleeping for 9s. Reason: RUNNING
2026-06-23 00:43:28,994 Sleeping for 8s. Reason: RUNNING
2026-06-23 00:43:37,486 Sleeping for 5s. Reason: RUNNING
2026-06-23 00:43:43,409 Sleeping for 5s. Reason: RUNNING
2026-06-23 00:43:48,885 Sleeping for 9s. Reason: RUNNING
2026-06-23 00:43:58,378 Sleeping for 9s. Reason: RUNNING
2026-06-23 00:44:07,854 Sleeping for 8s. Reason: RUNNING
2026-06-23 00:44:16,362 Sleeping for 6s. Reason: RUNNING
2026-06-23 00:44:22,894 Sleeping for 5s. Reason: RUNNING
2026-06-23 00:44:28,410 Sleeping for 6s. Reason: RUNNING
2026-06-23 00:44:34,908 Sleeping for 6s. Reason: RUNNING
2026-06-23 00:44:41,379 Sleeping for 6s. Reason: RUNNING
2026-06-23 00:44:47,872 Sleeping for 5s. Reason: RUNNING
2026-06-23 00:44:53,336 Sleeping for 6s. Reason: RUNNING
2026-06-23 00:44:59,792 Sleeping for 9s. Reason: RUNNING
2026-06-23 00:45:09,295 Sleeping for 6s. Reason: RUNNING
2026-06-23 00:45:15,766 Sleeping for 7s. Reason: RUNNING
2026-06-23 00:45:23,262 Sleeping for 7s. Reason: RUNNING
2026-06-23 00:45:30,741 Sleeping for 7s. Reason: RUNNING
2026-06-23 00:45:38,240 Sleeping for 9s. Reason: RUNNING
2026-06-23 00:45:47,703 Sleeping for 8s. Reason: RUNNING
2026-06-23 00:45:56,156 Sleeping for 6s. Reason: RUNNING
2026-06-23 00:46:02,619 Sleeping for 10s. Reason: RUNNING
2026-06-23 00:46:13,117 Sleeping for 7s. Reason: RUNNING
2026-06-23 00:46:20,613 Sleeping for 6s. Reason: RUNNING
2026-06-23 00:46:27,121 Sleeping for 8s. Reason: RUNNING
2026-06-23 00:46:35,601 Sleeping for 9s. Reason: RUNNING
2026-06-23 00:47:09,785 Padding length to 720
2026-06-23 00:48:15,080 alphafold2_ptm_model_1_seed_000 recycle=0 pLDDT=85.8 pTM=0.543
2026-06-23 00:48:55,992 alphafold2_ptm_model_1_seed_000 recycle=1 pLDDT=86.4 pTM=0.551 tol=5.42
2026-06-23 00:48:55,994 alphafold2_ptm_model_1_seed_000 took 106.2s (1 recycles)
2026-06-23 00:48:56,646 reranking models by 'plddt' metric
2026-06-23 00:48:56,646 rank_001_alphafold2_ptm_model_1_seed_000 pLDDT=86.4 pTM=0.551
2026-06-23 00:48:57,740 Query 18/62: Vitis_vinifera_g484510.p01_VCORE (length 717)
    folding 18/62 · Vitis_vinifera_g484510.p01_VCORE (717 aa)

  0%|          | 0/150 [elapsed: 00:00 remaining: ?]
SUBMIT:   0%|          | 0/150 [elapsed: 00:00 remaining: ?]
PENDING:   0%|          | 0/150 [elapsed: 00:00 remaining: ?]
                                                             

PENDING:   0%|          | 0/150 [elapsed: 00:00 remaining: ?]
RUNNING:   0%|          | 0/150 [elapsed: 00:10 remaining: ?]
RUNNING:   7%|▋         | 10/150 [elapsed: 00:10 remaining: 02:33]
                                                                  

RUNNING:   7%|▋         | 10/150 [elapsed: 00:10 remaining: 02:33]
RUNNING:   7%|▋         | 10/150 [elapsed: 00:19 remaining: 02:33]
RUNNING:  12%|█▏        | 18/150 [elapsed: 00:19 remaining: 02:22]
                                                                  

RUNNING:  12%|█▏        | 18/150 [elapsed: 00:19 remaining: 02:22]
RUNNING:  12%|█▏        | 18/150 [elapsed: 00:24 remaining: 02:22]
RUNNING:  15%|█▌        | 23/150 [elapsed: 00:24 remaining: 02:17]
                                                                  

RUNNING:  15%|█▌        | 23/150 [elapsed: 00:24 remaining: 02:17]
RUNNING:  15%|█▌        | 23/150 [elapsed: 00:30 remaining: 02:17]
RUNNING:  19%|█▊        | 28/150 [elapsed: 00:30 remaining: 02:12]
                                                                  

RUNNING:  19%|█▊        | 28/150 [elapsed: 00:30 remaining: 02:12]
RUNNING:  19%|█▊        | 28/150 [elapsed: 00:35 remaining: 02:12]
RUNNING:  22%|██▏       | 33/150 [elapsed: 00:35 remaining: 02:07]
                                                                  

RUNNING:  22%|██▏       | 33/150 [elapsed: 00:35 remaining: 02:07]
RUNNING:  22%|██▏       | 33/150 [elapsed: 00:43 remaining: 02:07]
RUNNING:  27%|██▋       | 40/150 [elapsed: 00:43 remaining: 01:59]
                                                                  

RUNNING:  27%|██▋       | 40/150 [elapsed: 00:43 remaining: 01:59]
RUNNING:  27%|██▋       | 40/150 [elapsed: 00:51 remaining: 01:59]
RUNNING:  31%|███▏      | 47/150 [elapsed: 00:51 remaining: 01:55]
                                                                  

RUNNING:  31%|███▏      | 47/150 [elapsed: 00:51 remaining: 01:55]
RUNNING:  31%|███▏      | 47/150 [elapsed: 01:01 remaining: 01:55]
RUNNING:  37%|███▋      | 56/150 [elapsed: 01:01 remaining: 01:43]
                                                                  

RUNNING:  37%|███▋      | 56/150 [elapsed: 01:01 remaining: 01:43]
RUNNING:  37%|███▋      | 56/150 [elapsed: 01:10 remaining: 01:43]
RUNNING:  43%|████▎     | 65/150 [elapsed: 01:10 remaining: 01:31]
                                                                  

RUNNING:  43%|████▎     | 65/150 [elapsed: 01:10 remaining: 01:31]
RUNNING:  43%|████▎     | 65/150 [elapsed: 01:20 remaining: 01:31]
RUNNING:  49%|████▉     | 74/150 [elapsed: 01:20 remaining: 01:21]
                                                                  

RUNNING:  49%|████▉     | 74/150 [elapsed: 01:20 remaining: 01:21]
RUNNING:  49%|████▉     | 74/150 [elapsed: 01:26 remaining: 01:21]
RUNNING:  53%|█████▎    | 80/150 [elapsed: 01:26 remaining: 01:15]
                                                                  

RUNNING:  53%|█████▎    | 80/150 [elapsed: 01:26 remaining: 01:15]
RUNNING:  53%|█████▎    | 80/150 [elapsed: 01:32 remaining: 01:15]
RUNNING:  57%|█████▋    | 85/150 [elapsed: 01:32 remaining: 01:10]
                                                                  

RUNNING:  57%|█████▋    | 85/150 [elapsed: 01:32 remaining: 01:10]
RUNNING:  57%|█████▋    | 85/150 [elapsed: 01:42 remaining: 01:10]
RUNNING:  63%|██████▎   | 95/150 [elapsed: 01:42 remaining: 00:58]
                                                                  

RUNNING:  63%|██████▎   | 95/150 [elapsed: 01:42 remaining: 00:58]
RUNNING:  63%|██████▎   | 95/150 [elapsed: 01:50 remaining: 00:58]
RUNNING:  68%|██████▊   | 102/150 [elapsed: 01:50 remaining: 00:51]
                                                                   

RUNNING:  68%|██████▊   | 102/150 [elapsed: 01:50 remaining: 00:51]
RUNNING:  68%|██████▊   | 102/150 [elapsed: 01:56 remaining: 00:51]
RUNNING:  72%|███████▏  | 108/150 [elapsed: 01:56 remaining: 00:45]
                                                                   

RUNNING:  72%|███████▏  | 108/150 [elapsed: 01:56 remaining: 00:45]
RUNNING:  72%|███████▏  | 108/150 [elapsed: 02:02 remaining: 00:45]
RUNNING:  75%|███████▌  | 113/150 [elapsed: 02:02 remaining: 00:39]
                                                                   

RUNNING:  75%|███████▌  | 113/150 [elapsed: 02:02 remaining: 00:39]
RUNNING:  75%|███████▌  | 113/150 [elapsed: 02:09 remaining: 00:39]
RUNNING:  80%|████████  | 120/150 [elapsed: 02:09 remaining: 00:32]
                                                                   

RUNNING:  80%|████████  | 120/150 [elapsed: 02:09 remaining: 00:32]
RUNNING:  80%|████████  | 120/150 [elapsed: 02:18 remaining: 00:32]
RUNNING:  85%|████████▌ | 128/150 [elapsed: 02:18 remaining: 00:23]
                                                                   

RUNNING:  85%|████████▌ | 128/150 [elapsed: 02:18 remaining: 00:23]
RUNNING:  85%|████████▌ | 128/150 [elapsed: 02:26 remaining: 00:23]
RUNNING:  91%|█████████ | 136/150 [elapsed: 02:26 remaining: 00:14]
                                                                   

RUNNING:  91%|█████████ | 136/150 [elapsed: 02:26 remaining: 00:14]
RUNNING:  91%|█████████ | 136/150 [elapsed: 02:32 remaining: 00:14]
RUNNING:  94%|█████████▍| 141/150 [elapsed: 02:32 remaining: 00:09]
                                                                   

RUNNING:  94%|█████████▍| 141/150 [elapsed: 02:32 remaining: 00:09]
RUNNING:  94%|█████████▍| 141/150 [elapsed: 02:40 remaining: 00:09]
RUNNING:  99%|█████████▉| 149/150 [elapsed: 02:40 remaining: 00:01]
                                                                   

RUNNING:  99%|█████████▉| 149/150 [elapsed: 02:40 remaining: 00:01]
RUNNING:  99%|█████████▉| 149/150 [elapsed: 02:48 remaining: 00:01]
RUNNING: |          | 156/? [elapsed: 02:48 remaining: 00:00]      
                                                             

RUNNING: |          | 156/? [elapsed: 02:48 remaining: 00:00]
RUNNING: |          | 156/? [elapsed: 02:53 remaining: 00:00]
RUNNING: |          | 161/? [elapsed: 02:53 remaining: 00:00]
                                                             

RUNNING: |          | 161/? [elapsed: 02:53 remaining: 00:00]
RUNNING: |          | 161/? [elapsed: 03:03 remaining: 00:00]
RUNNING: |          | 170/? [elapsed: 03:03 remaining: 00:00]
                                                             

RUNNING: |          | 170/? [elapsed: 03:03 remaining: 00:00]
RUNNING: |          | 170/? [elapsed: 03:09 remaining: 00:00]
RUNNING: |          | 176/? [elapsed: 03:09 remaining: 00:00]
                                                             

RUNNING: |          | 176/? [elapsed: 03:09 remaining: 00:00]
RUNNING: |          | 176/? [elapsed: 03:17 remaining: 00:00]
RUNNING: |          | 183/? [elapsed: 03:17 remaining: 00:00]
                                                             

RUNNING: |          | 183/? [elapsed: 03:17 remaining: 00:00]
COMPLETE: |          | 183/? [elapsed: 03:25 remaining: 00:00]
COMPLETE: |          | 183/? [elapsed: 03:30 remaining: 00:00]
2026-06-23 00:48:58,244 Sleeping for 10s. Reason: PENDING
2026-06-23 00:49:08,717 Sleeping for 8s. Reason: RUNNING
2026-06-23 00:49:17,246 Sleeping for 5s. Reason: RUNNING
2026-06-23 00:49:22,732 Sleeping for 5s. Reason: RUNNING
2026-06-23 00:49:28,226 Sleeping for 5s. Reason: RUNNING
2026-06-23 00:49:33,728 Sleeping for 7s. Reason: RUNNING
2026-06-23 00:49:41,223 Sleeping for 7s. Reason: RUNNING
2026-06-23 00:49:49,555 Sleeping for 9s. Reason: RUNNING
2026-06-23 00:49:59,078 Sleeping for 9s. Reason: RUNNING
2026-06-23 00:50:08,546 Sleeping for 9s. Reason: RUNNING
2026-06-23 00:50:18,034 Sleeping for 6s. Reason: RUNNING
2026-06-23 00:50:24,546 Sleeping for 5s. Reason: RUNNING
2026-06-23 00:50:30,011 Sleeping for 10s. Reason: RUNNING
2026-06-23 00:50:40,506 Sleeping for 7s. Reason: RUNNING
2026-06-23 00:50:47,984 Sleeping for 6s. Reason: RUNNING
2026-06-23 00:50:54,478 Sleeping for 5s. Reason: RUNNING
2026-06-23 00:50:59,935 Sleeping for 7s. Reason: RUNNING
2026-06-23 00:51:07,416 Sleeping for 8s. Reason: RUNNING
2026-06-23 00:51:15,894 Sleeping for 8s. Reason: RUNNING
2026-06-23 00:51:24,395 Sleeping for 5s. Reason: RUNNING
2026-06-23 00:51:29,875 Sleeping for 8s. Reason: RUNNING
2026-06-23 00:51:38,387 Sleeping for 7s. Reason: RUNNING
2026-06-23 00:51:45,892 Sleeping for 5s. Reason: RUNNING
2026-06-23 00:51:51,374 Sleeping for 9s. Reason: RUNNING
2026-06-23 00:52:00,872 Sleeping for 6s. Reason: RUNNING
2026-06-23 00:52:07,352 Sleeping for 7s. Reason: RUNNING
2026-06-23 00:52:14,857 Sleeping for 8s. Reason: RUNNING
2026-06-23 00:52:55,407 Padding length to 720
2026-06-23 00:53:37,581 alphafold2_ptm_model_1_seed_000 recycle=0 pLDDT=84.9 pTM=0.688
2026-06-23 00:54:18,438 alphafold2_ptm_model_1_seed_000 recycle=1 pLDDT=85.8 pTM=0.697 tol=1.39
2026-06-23 00:54:18,441 alphafold2_ptm_model_1_seed_000 took 83.0s (1 recycles)
2026-06-23 00:54:18,963 reranking models by 'plddt' metric
2026-06-23 00:54:18,963 rank_001_alphafold2_ptm_model_1_seed_000 pLDDT=85.8 pTM=0.697
2026-06-23 00:54:20,958 Query 19/62: Vitis_vinifera_g123550.p01_VCORE (length 734)
    folding 19/62 · Vitis_vinifera_g123550.p01_VCORE (734 aa)

  0%|          | 0/150 [elapsed: 00:00 remaining: ?]
SUBMIT:   0%|          | 0/150 [elapsed: 00:00 remaining: ?]
PENDING:   0%|          | 0/150 [elapsed: 00:00 remaining: ?]
                                                             

PENDING:   0%|          | 0/150 [elapsed: 00:00 remaining: ?]
RUNNING:   0%|          | 0/150 [elapsed: 00:10 remaining: ?]
RUNNING:   6%|▌         | 9/150 [elapsed: 00:10 remaining: 02:37]
                                                                 

RUNNING:   6%|▌         | 9/150 [elapsed: 00:10 remaining: 02:37]
RUNNING:   6%|▌         | 9/150 [elapsed: 00:20 remaining: 02:37]
RUNNING:  13%|█▎        | 19/150 [elapsed: 00:20 remaining: 02:20]
                                                                  

RUNNING:  13%|█▎        | 19/150 [elapsed: 00:20 remaining: 02:20]
RUNNING:  13%|█▎        | 19/150 [elapsed: 00:30 remaining: 02:20]
RUNNING:  19%|█▉        | 29/150 [elapsed: 00:30 remaining: 02:08]
                                                                  

RUNNING:  19%|█▉        | 29/150 [elapsed: 00:30 remaining: 02:08]
RUNNING:  19%|█▉        | 29/150 [elapsed: 00:40 remaining: 02:08]
RUNNING:  25%|██▌       | 38/150 [elapsed: 00:40 remaining: 01:58]
                                                                  

RUNNING:  25%|██▌       | 38/150 [elapsed: 00:40 remaining: 01:58]
RUNNING:  25%|██▌       | 38/150 [elapsed: 00:45 remaining: 01:58]
RUNNING:  29%|██▊       | 43/150 [elapsed: 00:45 remaining: 01:54]
                                                                  

RUNNING:  29%|██▊       | 43/150 [elapsed: 00:45 remaining: 01:54]
RUNNING:  29%|██▊       | 43/150 [elapsed: 00:51 remaining: 01:54]
RUNNING:  32%|███▏      | 48/150 [elapsed: 00:51 remaining: 01:49]
                                                                  

RUNNING:  32%|███▏      | 48/150 [elapsed: 00:51 remaining: 01:49]
RUNNING:  32%|███▏      | 48/150 [elapsed: 00:58 remaining: 01:49]
RUNNING:  37%|███▋      | 55/150 [elapsed: 00:58 remaining: 01:41]
                                                                  

RUNNING:  37%|███▋      | 55/150 [elapsed: 00:58 remaining: 01:41]
RUNNING:  37%|███▋      | 55/150 [elapsed: 01:05 remaining: 01:41]
RUNNING:  41%|████      | 61/150 [elapsed: 01:05 remaining: 01:35]
                                                                  

RUNNING:  41%|████      | 61/150 [elapsed: 01:05 remaining: 01:35]
RUNNING:  41%|████      | 61/150 [elapsed: 01:15 remaining: 01:35]
RUNNING:  47%|████▋     | 71/150 [elapsed: 01:15 remaining: 01:24]
                                                                  

RUNNING:  47%|████▋     | 71/150 [elapsed: 01:15 remaining: 01:24]
RUNNING:  47%|████▋     | 71/150 [elapsed: 01:21 remaining: 01:24]
RUNNING:  51%|█████     | 76/150 [elapsed: 01:21 remaining: 01:19]
                                                                  

RUNNING:  51%|█████     | 76/150 [elapsed: 01:21 remaining: 01:19]
RUNNING:  51%|█████     | 76/150 [elapsed: 01:29 remaining: 01:19]
RUNNING:  56%|█████▌    | 84/150 [elapsed: 01:29 remaining: 01:10]
                                                                  

RUNNING:  56%|█████▌    | 84/150 [elapsed: 01:29 remaining: 01:10]
RUNNING:  56%|█████▌    | 84/150 [elapsed: 01:40 remaining: 01:10]
RUNNING:  63%|██████▎   | 94/150 [elapsed: 01:40 remaining: 00:59]
                                                                  

RUNNING:  63%|██████▎   | 94/150 [elapsed: 01:40 remaining: 00:59]
RUNNING:  63%|██████▎   | 94/150 [elapsed: 01:50 remaining: 00:59]
RUNNING:  69%|██████▉   | 104/150 [elapsed: 01:50 remaining: 00:48]
                                                                   

RUNNING:  69%|██████▉   | 104/150 [elapsed: 01:50 remaining: 00:48]
RUNNING:  69%|██████▉   | 104/150 [elapsed: 01:57 remaining: 00:48]
RUNNING:  73%|███████▎  | 110/150 [elapsed: 01:57 remaining: 00:42]
                                                                   

RUNNING:  73%|███████▎  | 110/150 [elapsed: 01:57 remaining: 00:42]
RUNNING:  73%|███████▎  | 110/150 [elapsed: 02:05 remaining: 00:42]
RUNNING:  79%|███████▊  | 118/150 [elapsed: 02:05 remaining: 00:33]
                                                                   

RUNNING:  79%|███████▊  | 118/150 [elapsed: 02:05 remaining: 00:33]
RUNNING:  79%|███████▊  | 118/150 [elapsed: 02:15 remaining: 00:33]
RUNNING:  85%|████████▍ | 127/150 [elapsed: 02:15 remaining: 00:24]
                                                                   

RUNNING:  85%|████████▍ | 127/150 [elapsed: 02:15 remaining: 00:24]
RUNNING:  85%|████████▍ | 127/150 [elapsed: 02:24 remaining: 00:24]
RUNNING:  91%|█████████ | 136/150 [elapsed: 02:24 remaining: 00:14]
                                                                   

RUNNING:  91%|█████████ | 136/150 [elapsed: 02:24 remaining: 00:14]
RUNNING:  91%|█████████ | 136/150 [elapsed: 02:33 remaining: 00:14]
RUNNING:  96%|█████████▌| 144/150 [elapsed: 02:33 remaining: 00:06]
                                                                   

RUNNING:  96%|█████████▌| 144/150 [elapsed: 02:33 remaining: 00:06]
RUNNING:  96%|█████████▌| 144/150 [elapsed: 02:42 remaining: 00:06]
RUNNING: |          | 153/? [elapsed: 02:42 remaining: 00:00]      
                                                             

RUNNING: |          | 153/? [elapsed: 02:42 remaining: 00:00]
RUNNING: |          | 153/? [elapsed: 02:50 remaining: 00:00]
RUNNING: |          | 160/? [elapsed: 02:50 remaining: 00:00]
                                                             

RUNNING: |          | 160/? [elapsed: 02:50 remaining: 00:00]
RUNNING: |          | 160/? [elapsed: 02:56 remaining: 00:00]
RUNNING: |          | 166/? [elapsed: 02:56 remaining: 00:00]
                                                             

RUNNING: |          | 166/? [elapsed: 02:56 remaining: 00:00]
RUNNING: |          | 166/? [elapsed: 03:03 remaining: 00:00]
RUNNING: |          | 172/? [elapsed: 03:03 remaining: 00:00]
                                                             

RUNNING: |          | 172/? [elapsed: 03:03 remaining: 00:00]
RUNNING: |          | 172/? [elapsed: 03:10 remaining: 00:00]
RUNNING: |          | 179/? [elapsed: 03:10 remaining: 00:00]
                                                             

RUNNING: |          | 179/? [elapsed: 03:10 remaining: 00:00]
RUNNING: |          | 179/? [elapsed: 03:18 remaining: 00:00]
RUNNING: |          | 186/? [elapsed: 03:18 remaining: 00:00]
                                                             

RUNNING: |          | 186/? [elapsed: 03:18 remaining: 00:00]
RUNNING: |          | 186/? [elapsed: 03:23 remaining: 00:00]
RUNNING: |          | 191/? [elapsed: 03:23 remaining: 00:00]
                                                             

RUNNING: |          | 191/? [elapsed: 03:23 remaining: 00:00]
RUNNING: |          | 191/? [elapsed: 03:29 remaining: 00:00]
RUNNING: |          | 196/? [elapsed: 03:29 remaining: 00:00]
                                                             

RUNNING: |          | 196/? [elapsed: 03:29 remaining: 00:00]
RUNNING: |          | 196/? [elapsed: 03:36 remaining: 00:00]
RUNNING: |          | 203/? [elapsed: 03:36 remaining: 00:00]
                                                             

RUNNING: |          | 203/? [elapsed: 03:36 remaining: 00:00]
RUNNING: |          | 203/? [elapsed: 03:42 remaining: 00:00]
RUNNING: |          | 208/? [elapsed: 03:42 remaining: 00:00]
                                                             

RUNNING: |          | 208/? [elapsed: 03:42 remaining: 00:00]
RUNNING: |          | 208/? [elapsed: 03:47 remaining: 00:00]
RUNNING: |          | 213/? [elapsed: 03:47 remaining: 00:00]
                                                             

RUNNING: |          | 213/? [elapsed: 03:47 remaining: 00:00]
RUNNING: |          | 213/? [elapsed: 03:54 remaining: 00:00]
RUNNING: |          | 219/? [elapsed: 03:54 remaining: 00:00]
                                                             

RUNNING: |          | 219/? [elapsed: 03:54 remaining: 00:00]
COMPLETE: |          | 219/? [elapsed: 04:04 remaining: 00:00]
COMPLETE: |          | 219/? [elapsed: 04:06 remaining: 00:00]
2026-06-23 00:54:21,446 Sleeping for 9s. Reason: PENDING
2026-06-23 00:54:31,000 Sleeping for 10s. Reason: RUNNING
2026-06-23 00:54:41,502 Sleeping for 10s. Reason: RUNNING
2026-06-23 00:54:51,952 Sleeping for 9s. Reason: RUNNING
2026-06-23 00:55:01,460 Sleeping for 5s. Reason: RUNNING
2026-06-23 00:55:06,954 Sleeping for 5s. Reason: RUNNING
2026-06-23 00:55:12,420 Sleeping for 7s. Reason: RUNNING
2026-06-23 00:55:19,911 Sleeping for 6s. Reason: RUNNING
2026-06-23 00:55:26,401 Sleeping for 10s. Reason: RUNNING
2026-06-23 00:55:36,872 Sleeping for 5s. Reason: RUNNING
2026-06-23 00:55:42,325 Sleeping for 8s. Reason: RUNNING
2026-06-23 00:55:50,817 Sleeping for 10s. Reason: RUNNING
2026-06-23 00:56:01,273 Sleeping for 10s. Reason: RUNNING
2026-06-23 00:56:11,755 Sleeping for 6s. Reason: RUNNING
2026-06-23 00:56:18,242 Sleeping for 8s. Reason: RUNNING
2026-06-23 00:56:26,714 Sleeping for 9s. Reason: RUNNING
2026-06-23 00:56:36,186 Sleeping for 9s. Reason: RUNNING
2026-06-23 00:56:45,640 Sleeping for 8s. Reason: RUNNING
2026-06-23 00:56:54,126 Sleeping for 9s. Reason: RUNNING
2026-06-23 00:57:03,682 Sleeping for 7s. Reason: RUNNING
2026-06-23 00:57:11,173 Sleeping for 6s. Reason: RUNNING
2026-06-23 00:57:17,650 Sleeping for 6s. Reason: RUNNING
2026-06-23 00:57:24,132 Sleeping for 7s. Reason: RUNNING
2026-06-23 00:57:31,620 Sleeping for 7s. Reason: RUNNING
2026-06-23 00:57:39,143 Sleeping for 5s. Reason: RUNNING
2026-06-23 00:57:44,606 Sleeping for 5s. Reason: RUNNING
2026-06-23 00:57:50,067 Sleeping for 7s. Reason: RUNNING
2026-06-23 00:57:57,543 Sleeping for 5s. Reason: RUNNING
2026-06-23 00:58:03,050 Sleeping for 5s. Reason: RUNNING
2026-06-23 00:58:08,585 Sleeping for 6s. Reason: RUNNING
2026-06-23 00:58:15,107 Sleeping for 10s. Reason: RUNNING
2026-06-23 00:58:38,905 Padding length to 744
2026-06-23 01:00:16,160 alphafold2_ptm_model_1_seed_000 recycle=0 pLDDT=78.2 pTM=0.474
2026-06-23 01:00:59,752 alphafold2_ptm_model_1_seed_000 recycle=1 pLDDT=78.9 pTM=0.486 tol=4.61
2026-06-23 01:00:59,754 alphafold2_ptm_model_1_seed_000 took 140.8s (1 recycles)
2026-06-23 01:01:00,328 reranking models by 'plddt' metric
2026-06-23 01:01:00,328 rank_001_alphafold2_ptm_model_1_seed_000 pLDDT=78.9 pTM=0.486
2026-06-23 01:01:01,323 Query 20/62: Vitis_vinifera_g456450.p01_VCORE (length 750)
    folding 20/62 · Vitis_vinifera_g456450.p01_VCORE (750 aa)

  0%|          | 0/150 [elapsed: 00:00 remaining: ?]
SUBMIT:   0%|          | 0/150 [elapsed: 00:00 remaining: ?]
PENDING:   0%|          | 0/150 [elapsed: 00:00 remaining: ?]
                                                             

PENDING:   0%|          | 0/150 [elapsed: 00:00 remaining: ?]
RUNNING:   0%|          | 0/150 [elapsed: 00:05 remaining: ?]
RUNNING:   3%|▎         | 5/150 [elapsed: 00:05 remaining: 02:53]
                                                                 

RUNNING:   3%|▎         | 5/150 [elapsed: 00:05 remaining: 02:53]
RUNNING:   3%|▎         | 5/150 [elapsed: 00:14 remaining: 02:53]
RUNNING:   9%|▊         | 13/150 [elapsed: 00:14 remaining: 02:31]
                                                                  

RUNNING:   9%|▊         | 13/150 [elapsed: 00:14 remaining: 02:31]
RUNNING:   9%|▊         | 13/150 [elapsed: 00:24 remaining: 02:31]
RUNNING:  15%|█▌        | 23/150 [elapsed: 00:24 remaining: 02:16]
                                                                  

RUNNING:  15%|█▌        | 23/150 [elapsed: 00:24 remaining: 02:16]
RUNNING:  15%|█▌        | 23/150 [elapsed: 00:32 remaining: 02:16]
RUNNING:  20%|██        | 30/150 [elapsed: 00:32 remaining: 02:08]
                                                                  

RUNNING:  20%|██        | 30/150 [elapsed: 00:32 remaining: 02:08]
RUNNING:  20%|██        | 30/150 [elapsed: 00:40 remaining: 02:08]
RUNNING:  25%|██▌       | 38/150 [elapsed: 00:40 remaining: 01:59]
                                                                  

RUNNING:  25%|██▌       | 38/150 [elapsed: 00:40 remaining: 01:59]
RUNNING:  25%|██▌       | 38/150 [elapsed: 00:49 remaining: 01:59]
RUNNING:  31%|███       | 46/150 [elapsed: 00:49 remaining: 01:50]
                                                                  

RUNNING:  31%|███       | 46/150 [elapsed: 00:49 remaining: 01:50]
RUNNING:  31%|███       | 46/150 [elapsed: 00:54 remaining: 01:50]
RUNNING:  34%|███▍      | 51/150 [elapsed: 00:54 remaining: 01:46]
                                                                  

RUNNING:  34%|███▍      | 51/150 [elapsed: 00:54 remaining: 01:46]
RUNNING:  34%|███▍      | 51/150 [elapsed: 01:01 remaining: 01:46]
RUNNING:  38%|███▊      | 57/150 [elapsed: 01:01 remaining: 01:39]
                                                                  

RUNNING:  38%|███▊      | 57/150 [elapsed: 01:01 remaining: 01:39]
RUNNING:  38%|███▊      | 57/150 [elapsed: 01:07 remaining: 01:39]
RUNNING:  42%|████▏     | 63/150 [elapsed: 01:07 remaining: 01:33]
                                                                  

RUNNING:  42%|████▏     | 63/150 [elapsed: 01:07 remaining: 01:33]
RUNNING:  42%|████▏     | 63/150 [elapsed: 01:14 remaining: 01:33]
RUNNING:  46%|████▌     | 69/150 [elapsed: 01:14 remaining: 01:27]
                                                                  

RUNNING:  46%|████▌     | 69/150 [elapsed: 01:14 remaining: 01:27]
RUNNING:  46%|████▌     | 69/150 [elapsed: 01:23 remaining: 01:27]
RUNNING:  52%|█████▏    | 78/150 [elapsed: 01:23 remaining: 01:17]
                                                                  

RUNNING:  52%|█████▏    | 78/150 [elapsed: 01:23 remaining: 01:17]
RUNNING:  52%|█████▏    | 78/150 [elapsed: 01:33 remaining: 01:17]
RUNNING:  58%|█████▊    | 87/150 [elapsed: 01:33 remaining: 01:07]
                                                                  

RUNNING:  58%|█████▊    | 87/150 [elapsed: 01:33 remaining: 01:07]
RUNNING:  58%|█████▊    | 87/150 [elapsed: 01:41 remaining: 01:07]
RUNNING:  63%|██████▎   | 95/150 [elapsed: 01:41 remaining: 00:58]
                                                                  

RUNNING:  63%|██████▎   | 95/150 [elapsed: 01:41 remaining: 00:58]
RUNNING:  63%|██████▎   | 95/150 [elapsed: 01:52 remaining: 00:58]
RUNNING:  70%|███████   | 105/150 [elapsed: 01:52 remaining: 00:47]
                                                                   

RUNNING:  70%|███████   | 105/150 [elapsed: 01:52 remaining: 00:47]
RUNNING:  70%|███████   | 105/150 [elapsed: 02:02 remaining: 00:47]
RUNNING:  77%|███████▋  | 115/150 [elapsed: 02:02 remaining: 00:36]
                                                                   

RUNNING:  77%|███████▋  | 115/150 [elapsed: 02:02 remaining: 00:36]
RUNNING:  77%|███████▋  | 115/150 [elapsed: 02:09 remaining: 00:36]
RUNNING:  81%|████████  | 121/150 [elapsed: 02:09 remaining: 00:30]
                                                                   

RUNNING:  81%|████████  | 121/150 [elapsed: 02:09 remaining: 00:30]
RUNNING:  81%|████████  | 121/150 [elapsed: 02:18 remaining: 00:30]
RUNNING:  87%|████████▋ | 130/150 [elapsed: 02:18 remaining: 00:21]
                                                                   

RUNNING:  87%|████████▋ | 130/150 [elapsed: 02:18 remaining: 00:21]
RUNNING:  87%|████████▋ | 130/150 [elapsed: 02:29 remaining: 00:21]
RUNNING:  93%|█████████▎| 140/150 [elapsed: 02:29 remaining: 00:10]
                                                                   

RUNNING:  93%|█████████▎| 140/150 [elapsed: 02:29 remaining: 00:10]
RUNNING:  93%|█████████▎| 140/150 [elapsed: 02:35 remaining: 00:10]
RUNNING:  97%|█████████▋| 146/150 [elapsed: 02:35 remaining: 00:04]
                                                                   

RUNNING:  97%|█████████▋| 146/150 [elapsed: 02:35 remaining: 00:04]
RUNNING:  97%|█████████▋| 146/150 [elapsed: 02:43 remaining: 00:04]
RUNNING: |          | 153/? [elapsed: 02:43 remaining: 00:00]      
                                                             

RUNNING: |          | 153/? [elapsed: 02:43 remaining: 00:00]
RUNNING: |          | 153/? [elapsed: 02:48 remaining: 00:00]
RUNNING: |          | 158/? [elapsed: 02:48 remaining: 00:00]
                                                             

RUNNING: |          | 158/? [elapsed: 02:48 remaining: 00:00]
RUNNING: |          | 158/? [elapsed: 02:57 remaining: 00:00]
RUNNING: |          | 166/? [elapsed: 02:57 remaining: 00:00]
                                                             

RUNNING: |          | 166/? [elapsed: 02:57 remaining: 00:00]
RUNNING: |          | 166/? [elapsed: 03:06 remaining: 00:00]
RUNNING: |          | 175/? [elapsed: 03:06 remaining: 00:00]
                                                             

RUNNING: |          | 175/? [elapsed: 03:06 remaining: 00:00]
RUNNING: |          | 175/? [elapsed: 03:13 remaining: 00:00]
RUNNING: |          | 181/? [elapsed: 03:13 remaining: 00:00]
                                                             

RUNNING: |          | 181/? [elapsed: 03:13 remaining: 00:00]
RUNNING: |          | 181/? [elapsed: 03:22 remaining: 00:00]
RUNNING: |          | 190/? [elapsed: 03:22 remaining: 00:00]
                                                             

RUNNING: |          | 190/? [elapsed: 03:22 remaining: 00:00]
COMPLETE: |          | 190/? [elapsed: 03:31 remaining: 00:00]
COMPLETE: |          | 190/? [elapsed: 03:32 remaining: 00:00]
2026-06-23 01:01:01,840 Sleeping for 5s. Reason: PENDING
2026-06-23 01:01:07,313 Sleeping for 8s. Reason: RUNNING
2026-06-23 01:01:15,812 Sleeping for 10s. Reason: RUNNING
2026-06-23 01:01:26,293 Sleeping for 7s. Reason: RUNNING
2026-06-23 01:01:33,774 Sleeping for 8s. Reason: RUNNING
2026-06-23 01:01:42,252 Sleeping for 8s. Reason: RUNNING
2026-06-23 01:01:50,758 Sleeping for 5s. Reason: RUNNING
2026-06-23 01:01:56,253 Sleeping for 6s. Reason: RUNNING
2026-06-23 01:02:02,726 Sleeping for 6s. Reason: RUNNING
2026-06-23 01:02:09,225 Sleeping for 6s. Reason: RUNNING
2026-06-23 01:02:15,705 Sleeping for 9s. Reason: RUNNING
2026-06-23 01:02:25,217 Sleeping for 9s. Reason: RUNNING
2026-06-23 01:02:34,695 Sleeping for 8s. Reason: RUNNING
2026-06-23 01:02:43,187 Sleeping for 10s. Reason: RUNNING
2026-06-23 01:02:53,677 Sleeping for 10s. Reason: RUNNING
2026-06-23 01:03:04,163 Sleeping for 6s. Reason: RUNNING
2026-06-23 01:03:10,656 Sleeping for 9s. Reason: RUNNING
2026-06-23 01:03:20,113 Sleeping for 10s. Reason: RUNNING
2026-06-23 01:03:30,599 Sleeping for 6s. Reason: RUNNING
2026-06-23 01:03:37,097 Sleeping for 7s. Reason: RUNNING
2026-06-23 01:03:44,604 Sleeping for 5s. Reason: RUNNING
2026-06-23 01:03:50,100 Sleeping for 8s. Reason: RUNNING
2026-06-23 01:03:58,556 Sleeping for 9s. Reason: RUNNING
2026-06-23 01:04:08,085 Sleeping for 6s. Reason: RUNNING
2026-06-23 01:04:14,580 Sleeping for 9s. Reason: RUNNING
2026-06-23 01:04:24,077 Sleeping for 8s. Reason: RUNNING
2026-06-23 01:04:52,571 Padding length to 760
2026-06-23 01:06:06,458 alphafold2_ptm_model_1_seed_000 recycle=0 pLDDT=80.3 pTM=0.522
2026-06-23 01:06:51,775 alphafold2_ptm_model_1_seed_000 recycle=1 pLDDT=81.9 pTM=0.53 tol=14.5
2026-06-23 01:06:51,777 alphafold2_ptm_model_1_seed_000 took 119.2s (1 recycles)
2026-06-23 01:06:52,471 reranking models by 'plddt' metric
2026-06-23 01:06:52,471 rank_001_alphafold2_ptm_model_1_seed_000 pLDDT=81.9 pTM=0.53
2026-06-23 01:06:53,622 Query 21/62: Vitis_vinifera_g103540.p01_VCORE (length 773)
    folding 21/62 · Vitis_vinifera_g103540.p01_VCORE (773 aa)

  0%|          | 0/150 [elapsed: 00:00 remaining: ?]
SUBMIT:   0%|          | 0/150 [elapsed: 00:00 remaining: ?]
PENDING:   0%|          | 0/150 [elapsed: 00:00 remaining: ?]
                                                             

PENDING:   0%|          | 0/150 [elapsed: 00:00 remaining: ?]
RUNNING:   0%|          | 0/150 [elapsed: 00:05 remaining: ?]
RUNNING:   3%|▎         | 5/150 [elapsed: 00:05 remaining: 02:53]
                                                                 

RUNNING:   3%|▎         | 5/150 [elapsed: 00:05 remaining: 02:53]
RUNNING:   3%|▎         | 5/150 [elapsed: 00:15 remaining: 02:53]
RUNNING:   9%|▉         | 14/150 [elapsed: 00:15 remaining: 02:28]
                                                                  

RUNNING:   9%|▉         | 14/150 [elapsed: 00:15 remaining: 02:28]
RUNNING:   9%|▉         | 14/150 [elapsed: 00:20 remaining: 02:28]
RUNNING:  13%|█▎        | 19/150 [elapsed: 00:20 remaining: 02:23]
                                                                  

RUNNING:  13%|█▎        | 19/150 [elapsed: 00:20 remaining: 02:23]
RUNNING:  13%|█▎        | 19/150 [elapsed: 00:28 remaining: 02:23]
RUNNING:  17%|█▋        | 26/150 [elapsed: 00:28 remaining: 02:14]
                                                                  

RUNNING:  17%|█▋        | 26/150 [elapsed: 00:28 remaining: 02:14]
RUNNING:  17%|█▋        | 26/150 [elapsed: 00:36 remaining: 02:14]
RUNNING:  23%|██▎       | 34/150 [elapsed: 00:36 remaining: 02:04]
                                                                  

RUNNING:  23%|██▎       | 34/150 [elapsed: 00:36 remaining: 02:04]
RUNNING:  23%|██▎       | 34/150 [elapsed: 00:45 remaining: 02:04]
RUNNING:  28%|██▊       | 42/150 [elapsed: 00:45 remaining: 01:55]
                                                                  

RUNNING:  28%|██▊       | 42/150 [elapsed: 00:45 remaining: 01:55]
RUNNING:  28%|██▊       | 42/150 [elapsed: 00:52 remaining: 01:55]
RUNNING:  33%|███▎      | 49/150 [elapsed: 00:52 remaining: 01:48]
                                                                  

RUNNING:  33%|███▎      | 49/150 [elapsed: 00:52 remaining: 01:48]
RUNNING:  33%|███▎      | 49/150 [elapsed: 01:00 remaining: 01:48]
RUNNING:  37%|███▋      | 56/150 [elapsed: 01:00 remaining: 01:40]
                                                                  

RUNNING:  37%|███▋      | 56/150 [elapsed: 01:00 remaining: 01:40]
RUNNING:  37%|███▋      | 56/150 [elapsed: 01:06 remaining: 01:40]
RUNNING:  41%|████▏     | 62/150 [elapsed: 01:06 remaining: 01:34]
                                                                  

RUNNING:  41%|████▏     | 62/150 [elapsed: 01:06 remaining: 01:34]
RUNNING:  41%|████▏     | 62/150 [elapsed: 01:14 remaining: 01:34]
RUNNING:  46%|████▌     | 69/150 [elapsed: 01:14 remaining: 01:26]
                                                                  

RUNNING:  46%|████▌     | 69/150 [elapsed: 01:14 remaining: 01:26]
RUNNING:  46%|████▌     | 69/150 [elapsed: 01:20 remaining: 01:26]
RUNNING:  50%|█████     | 75/150 [elapsed: 01:20 remaining: 01:20]
                                                                  

RUNNING:  50%|█████     | 75/150 [elapsed: 01:20 remaining: 01:20]
RUNNING:  50%|█████     | 75/150 [elapsed: 01:30 remaining: 01:20]
RUNNING:  56%|█████▌    | 84/150 [elapsed: 01:30 remaining: 01:10]
                                                                  

RUNNING:  56%|█████▌    | 84/150 [elapsed: 01:30 remaining: 01:10]
RUNNING:  56%|█████▌    | 84/150 [elapsed: 01:39 remaining: 01:10]
RUNNING:  62%|██████▏   | 93/150 [elapsed: 01:39 remaining: 01:00]
                                                                  

RUNNING:  62%|██████▏   | 93/150 [elapsed: 01:39 remaining: 01:00]
RUNNING:  62%|██████▏   | 93/150 [elapsed: 01:47 remaining: 01:00]
RUNNING:  67%|██████▋   | 100/150 [elapsed: 01:47 remaining: 00:53]
                                                                   

RUNNING:  67%|██████▋   | 100/150 [elapsed: 01:47 remaining: 00:53]
RUNNING:  67%|██████▋   | 100/150 [elapsed: 01:56 remaining: 00:53]
RUNNING:  73%|███████▎  | 109/150 [elapsed: 01:56 remaining: 00:43]
                                                                   

RUNNING:  73%|███████▎  | 109/150 [elapsed: 01:56 remaining: 00:43]
RUNNING:  73%|███████▎  | 109/150 [elapsed: 02:04 remaining: 00:43]
RUNNING:  77%|███████▋  | 116/150 [elapsed: 02:04 remaining: 00:36]
                                                                   

RUNNING:  77%|███████▋  | 116/150 [elapsed: 02:04 remaining: 00:36]
RUNNING:  77%|███████▋  | 116/150 [elapsed: 02:09 remaining: 00:36]
RUNNING:  81%|████████  | 121/150 [elapsed: 02:09 remaining: 00:31]
                                                                   

RUNNING:  81%|████████  | 121/150 [elapsed: 02:09 remaining: 00:31]
RUNNING:  81%|████████  | 121/150 [elapsed: 02:18 remaining: 00:31]
RUNNING:  86%|████████▌ | 129/150 [elapsed: 02:18 remaining: 00:22]
                                                                   

RUNNING:  86%|████████▌ | 129/150 [elapsed: 02:18 remaining: 00:22]
RUNNING:  86%|████████▌ | 129/150 [elapsed: 02:25 remaining: 00:22]
RUNNING:  91%|█████████ | 136/150 [elapsed: 02:25 remaining: 00:14]
                                                                   

RUNNING:  91%|█████████ | 136/150 [elapsed: 02:25 remaining: 00:14]
RUNNING:  91%|█████████ | 136/150 [elapsed: 02:31 remaining: 00:14]
RUNNING:  94%|█████████▍| 141/150 [elapsed: 02:31 remaining: 00:09]
                                                                   

RUNNING:  94%|█████████▍| 141/150 [elapsed: 02:31 remaining: 00:09]
RUNNING:  94%|█████████▍| 141/150 [elapsed: 02:37 remaining: 00:09]
RUNNING:  98%|█████████▊| 147/150 [elapsed: 02:37 remaining: 00:03]
                                                                   

RUNNING:  98%|█████████▊| 147/150 [elapsed: 02:37 remaining: 00:03]
RUNNING:  98%|█████████▊| 147/150 [elapsed: 02:46 remaining: 00:03]
RUNNING: |          | 155/? [elapsed: 02:46 remaining: 00:00]      
                                                             

RUNNING: |          | 155/? [elapsed: 02:46 remaining: 00:00]
RUNNING: |          | 155/? [elapsed: 02:51 remaining: 00:00]
RUNNING: |          | 160/? [elapsed: 02:51 remaining: 00:00]
                                                             

RUNNING: |          | 160/? [elapsed: 02:51 remaining: 00:00]
RUNNING: |          | 160/? [elapsed: 03:01 remaining: 00:00]
RUNNING: |          | 169/? [elapsed: 03:01 remaining: 00:00]
                                                             

RUNNING: |          | 169/? [elapsed: 03:01 remaining: 00:00]
RUNNING: |          | 169/? [elapsed: 03:06 remaining: 00:00]
RUNNING: |          | 174/? [elapsed: 03:06 remaining: 00:00]
                                                             

RUNNING: |          | 174/? [elapsed: 03:06 remaining: 00:00]
RUNNING: |          | 174/? [elapsed: 03:13 remaining: 00:00]
RUNNING: |          | 180/? [elapsed: 03:13 remaining: 00:00]
                                                             

RUNNING: |          | 180/? [elapsed: 03:13 remaining: 00:00]
RUNNING: |          | 180/? [elapsed: 03:22 remaining: 00:00]
RUNNING: |          | 189/? [elapsed: 03:22 remaining: 00:00]
                                                             

RUNNING: |          | 189/? [elapsed: 03:22 remaining: 00:00]
RUNNING: |          | 189/? [elapsed: 03:33 remaining: 00:00]
RUNNING: |          | 199/? [elapsed: 03:33 remaining: 00:00]
                                                             

RUNNING: |          | 199/? [elapsed: 03:33 remaining: 00:00]
COMPLETE: |          | 199/? [elapsed: 03:40 remaining: 00:00]
COMPLETE: |          | 199/? [elapsed: 03:42 remaining: 00:00]
2026-06-23 01:06:54,104 Sleeping for 5s. Reason: PENDING
2026-06-23 01:06:59,599 Sleeping for 9s. Reason: RUNNING
2026-06-23 01:07:09,062 Sleeping for 5s. Reason: RUNNING
2026-06-23 01:07:14,553 Sleeping for 7s. Reason: RUNNING
2026-06-23 01:07:22,050 Sleeping for 8s. Reason: RUNNING
2026-06-23 01:07:30,554 Sleeping for 8s. Reason: RUNNING
2026-06-23 01:07:39,062 Sleeping for 7s. Reason: RUNNING
2026-06-23 01:07:46,549 Sleeping for 7s. Reason: RUNNING
2026-06-23 01:07:54,008 Sleeping for 6s. Reason: RUNNING
2026-06-23 01:08:00,548 Sleeping for 7s. Reason: RUNNING
2026-06-23 01:08:08,034 Sleeping for 6s. Reason: RUNNING
2026-06-23 01:08:14,488 Sleeping for 9s. Reason: RUNNING
2026-06-23 01:08:23,957 Sleeping for 9s. Reason: RUNNING
2026-06-23 01:08:33,442 Sleeping for 7s. Reason: RUNNING
2026-06-23 01:08:40,943 Sleeping for 9s. Reason: RUNNING
2026-06-23 01:08:50,508 Sleeping for 7s. Reason: RUNNING
2026-06-23 01:08:57,991 Sleeping for 5s. Reason: RUNNING
2026-06-23 01:09:03,439 Sleeping for 8s. Reason: RUNNING
2026-06-23 01:09:11,886 Sleeping for 7s. Reason: RUNNING
2026-06-23 01:09:19,359 Sleeping for 5s. Reason: RUNNING
2026-06-23 01:09:24,850 Sleeping for 6s. Reason: RUNNING
2026-06-23 01:09:31,347 Sleeping for 8s. Reason: RUNNING
2026-06-23 01:09:39,817 Sleeping for 5s. Reason: RUNNING
2026-06-23 01:09:45,285 Sleeping for 9s. Reason: RUNNING
2026-06-23 01:09:54,772 Sleeping for 5s. Reason: RUNNING
2026-06-23 01:10:00,265 Sleeping for 6s. Reason: RUNNING
2026-06-23 01:10:06,737 Sleeping for 9s. Reason: RUNNING
2026-06-23 01:10:16,189 Sleeping for 10s. Reason: RUNNING
2026-06-23 01:10:26,692 Sleeping for 7s. Reason: RUNNING
2026-06-23 01:10:51,265 Padding length to 783
2026-06-23 01:12:10,205 alphafold2_ptm_model_1_seed_000 recycle=0 pLDDT=78.5 pTM=0.511
2026-06-23 01:12:59,990 alphafold2_ptm_model_1_seed_000 recycle=1 pLDDT=79.4 pTM=0.524 tol=15.8
2026-06-23 01:12:59,992 alphafold2_ptm_model_1_seed_000 took 128.7s (1 recycles)
2026-06-23 01:13:00,702 reranking models by 'plddt' metric
2026-06-23 01:13:00,702 rank_001_alphafold2_ptm_model_1_seed_000 pLDDT=79.4 pTM=0.524
2026-06-23 01:13:01,725 Query 22/62: Vitis_vinifera_g156210.p01_VCORE (length 781)
    folding 22/62 · Vitis_vinifera_g156210.p01_VCORE (781 aa)

  0%|          | 0/150 [elapsed: 00:00 remaining: ?]
SUBMIT:   0%|          | 0/150 [elapsed: 00:00 remaining: ?]
PENDING:   0%|          | 0/150 [elapsed: 00:00 remaining: ?]
                                                             

PENDING:   0%|          | 0/150 [elapsed: 00:00 remaining: ?]
RUNNING:   0%|          | 0/150 [elapsed: 00:07 remaining: ?]
RUNNING:   4%|▍         | 6/150 [elapsed: 00:07 remaining: 02:49]
                                                                 

RUNNING:   4%|▍         | 6/150 [elapsed: 00:07 remaining: 02:49]
RUNNING:   4%|▍         | 6/150 [elapsed: 00:15 remaining: 02:49]
RUNNING:   9%|▉         | 14/150 [elapsed: 00:15 remaining: 02:29]
                                                                  

RUNNING:   9%|▉         | 14/150 [elapsed: 00:15 remaining: 02:29]
RUNNING:   9%|▉         | 14/150 [elapsed: 00:24 remaining: 02:29]
RUNNING:  15%|█▍        | 22/150 [elapsed: 00:24 remaining: 02:18]
                                                                  

RUNNING:  15%|█▍        | 22/150 [elapsed: 00:24 remaining: 02:18]
RUNNING:  15%|█▍        | 22/150 [elapsed: 00:33 remaining: 02:18]
RUNNING:  21%|██        | 31/150 [elapsed: 00:33 remaining: 02:07]
                                                                  

RUNNING:  21%|██        | 31/150 [elapsed: 00:33 remaining: 02:07]
RUNNING:  21%|██        | 31/150 [elapsed: 00:41 remaining: 02:07]
RUNNING:  25%|██▌       | 38/150 [elapsed: 00:41 remaining: 01:59]
                                                                  

RUNNING:  25%|██▌       | 38/150 [elapsed: 00:41 remaining: 01:59]
RUNNING:  25%|██▌       | 38/150 [elapsed: 00:51 remaining: 01:59]
RUNNING:  32%|███▏      | 48/150 [elapsed: 00:51 remaining: 01:48]
                                                                  

RUNNING:  32%|███▏      | 48/150 [elapsed: 00:51 remaining: 01:48]
RUNNING:  32%|███▏      | 48/150 [elapsed: 01:02 remaining: 01:48]
RUNNING:  39%|███▊      | 58/150 [elapsed: 01:02 remaining: 01:37]
                                                                  

RUNNING:  39%|███▊      | 58/150 [elapsed: 01:02 remaining: 01:37]
RUNNING:  39%|███▊      | 58/150 [elapsed: 01:11 remaining: 01:37]
RUNNING:  45%|████▍     | 67/150 [elapsed: 01:11 remaining: 01:27]
                                                                  

RUNNING:  45%|████▍     | 67/150 [elapsed: 01:11 remaining: 01:27]
RUNNING:  45%|████▍     | 67/150 [elapsed: 01:21 remaining: 01:27]
RUNNING:  51%|█████     | 76/150 [elapsed: 01:21 remaining: 01:18]
                                                                  

RUNNING:  51%|█████     | 76/150 [elapsed: 01:21 remaining: 01:18]
RUNNING:  51%|█████     | 76/150 [elapsed: 01:27 remaining: 01:18]
RUNNING:  55%|█████▍    | 82/150 [elapsed: 01:27 remaining: 01:12]
                                                                  

RUNNING:  55%|█████▍    | 82/150 [elapsed: 01:27 remaining: 01:12]
RUNNING:  55%|█████▍    | 82/150 [elapsed: 01:38 remaining: 01:12]
RUNNING:  61%|██████▏   | 92/150 [elapsed: 01:38 remaining: 01:01]
                                                                  

RUNNING:  61%|██████▏   | 92/150 [elapsed: 01:38 remaining: 01:01]
RUNNING:  61%|██████▏   | 92/150 [elapsed: 01:43 remaining: 01:01]
RUNNING:  65%|██████▍   | 97/150 [elapsed: 01:43 remaining: 00:56]
                                                                  

RUNNING:  65%|██████▍   | 97/150 [elapsed: 01:43 remaining: 00:56]
RUNNING:  65%|██████▍   | 97/150 [elapsed: 01:49 remaining: 00:56]
RUNNING:  68%|██████▊   | 102/150 [elapsed: 01:49 remaining: 00:51]
                                                                   

RUNNING:  68%|██████▊   | 102/150 [elapsed: 01:49 remaining: 00:51]
RUNNING:  68%|██████▊   | 102/150 [elapsed: 01:55 remaining: 00:51]
RUNNING:  72%|███████▏  | 108/150 [elapsed: 01:55 remaining: 00:45]
                                                                   

RUNNING:  72%|███████▏  | 108/150 [elapsed: 01:55 remaining: 00:45]
RUNNING:  72%|███████▏  | 108/150 [elapsed: 02:05 remaining: 00:45]
RUNNING:  78%|███████▊  | 117/150 [elapsed: 02:05 remaining: 00:35]
                                                                   

RUNNING:  78%|███████▊  | 117/150 [elapsed: 02:05 remaining: 00:35]
RUNNING:  78%|███████▊  | 117/150 [elapsed: 02:15 remaining: 00:35]
RUNNING:  85%|████████▍ | 127/150 [elapsed: 02:15 remaining: 00:24]
                                                                   

RUNNING:  85%|████████▍ | 127/150 [elapsed: 02:15 remaining: 00:24]
RUNNING:  85%|████████▍ | 127/150 [elapsed: 02:21 remaining: 00:24]
RUNNING:  88%|████████▊ | 132/150 [elapsed: 02:21 remaining: 00:19]
                                                                   

RUNNING:  88%|████████▊ | 132/150 [elapsed: 02:21 remaining: 00:19]
RUNNING:  88%|████████▊ | 132/150 [elapsed: 02:26 remaining: 00:19]
RUNNING:  91%|█████████▏| 137/150 [elapsed: 02:26 remaining: 00:13]
                                                                   

RUNNING:  91%|█████████▏| 137/150 [elapsed: 02:26 remaining: 00:13]
RUNNING:  91%|█████████▏| 137/150 [elapsed: 02:36 remaining: 00:13]
RUNNING:  98%|█████████▊| 147/150 [elapsed: 02:36 remaining: 00:03]
                                                                   

RUNNING:  98%|█████████▊| 147/150 [elapsed: 02:36 remaining: 00:03]
RUNNING:  98%|█████████▊| 147/150 [elapsed: 02:46 remaining: 00:03]
RUNNING: |          | 156/? [elapsed: 02:46 remaining: 00:00]      
                                                             

RUNNING: |          | 156/? [elapsed: 02:46 remaining: 00:00]
RUNNING: |          | 156/? [elapsed: 02:53 remaining: 00:00]
RUNNING: |          | 163/? [elapsed: 02:53 remaining: 00:00]
                                                             

RUNNING: |          | 163/? [elapsed: 02:53 remaining: 00:00]
RUNNING: |          | 163/? [elapsed: 02:59 remaining: 00:00]
RUNNING: |          | 168/? [elapsed: 02:59 remaining: 00:00]
                                                             

RUNNING: |          | 168/? [elapsed: 02:59 remaining: 00:00]
RUNNING: |          | 168/? [elapsed: 03:07 remaining: 00:00]
RUNNING: |          | 176/? [elapsed: 03:07 remaining: 00:00]
                                                             

RUNNING: |          | 176/? [elapsed: 03:07 remaining: 00:00]
RUNNING: |          | 176/? [elapsed: 03:15 remaining: 00:00]
RUNNING: |          | 183/? [elapsed: 03:15 remaining: 00:00]
                                                             

RUNNING: |          | 183/? [elapsed: 03:15 remaining: 00:00]
RUNNING: |          | 183/? [elapsed: 03:23 remaining: 00:00]
RUNNING: |          | 190/? [elapsed: 03:23 remaining: 00:00]
                                                             

RUNNING: |          | 190/? [elapsed: 03:23 remaining: 00:00]
COMPLETE: |          | 190/? [elapsed: 03:32 remaining: 00:00]
COMPLETE: |          | 190/? [elapsed: 03:34 remaining: 00:00]
2026-06-23 01:13:02,320 Sleeping for 6s. Reason: PENDING
2026-06-23 01:13:08,809 Sleeping for 8s. Reason: RUNNING
2026-06-23 01:13:17,306 Sleeping for 8s. Reason: RUNNING
2026-06-23 01:13:25,798 Sleeping for 9s. Reason: RUNNING
2026-06-23 01:13:35,290 Sleeping for 7s. Reason: RUNNING
2026-06-23 01:13:42,796 Sleeping for 10s. Reason: RUNNING
2026-06-23 01:13:53,295 Sleeping for 10s. Reason: RUNNING
2026-06-23 01:14:03,782 Sleeping for 9s. Reason: RUNNING
2026-06-23 01:14:13,266 Sleeping for 9s. Reason: RUNNING
2026-06-23 01:14:22,739 Sleeping for 6s. Reason: RUNNING
2026-06-23 01:14:29,275 Sleeping for 10s. Reason: RUNNING
2026-06-23 01:14:39,757 Sleeping for 5s. Reason: RUNNING
2026-06-23 01:14:45,276 Sleeping for 5s. Reason: RUNNING
2026-06-23 01:14:50,760 Sleeping for 6s. Reason: RUNNING
2026-06-23 01:14:57,262 Sleeping for 9s. Reason: RUNNING
2026-06-23 01:15:06,739 Sleeping for 10s. Reason: RUNNING
2026-06-23 01:15:17,210 Sleeping for 5s. Reason: RUNNING
2026-06-23 01:15:22,731 Sleeping for 5s. Reason: RUNNING
2026-06-23 01:15:28,204 Sleeping for 10s. Reason: RUNNING
2026-06-23 01:15:38,664 Sleeping for 9s. Reason: RUNNING
2026-06-23 01:15:48,131 Sleeping for 7s. Reason: RUNNING
2026-06-23 01:15:55,619 Sleeping for 5s. Reason: RUNNING
2026-06-23 01:16:01,092 Sleeping for 8s. Reason: RUNNING
2026-06-23 01:16:09,585 Sleeping for 7s. Reason: RUNNING
2026-06-23 01:16:17,699 Sleeping for 7s. Reason: RUNNING
2026-06-23 01:16:25,180 Sleeping for 9s. Reason: RUNNING
2026-06-23 01:16:53,837 Padding length to 783
2026-06-23 01:17:43,523 alphafold2_ptm_model_1_seed_000 recycle=0 pLDDT=74 pTM=0.501
2026-06-23 01:18:33,799 alphafold2_ptm_model_1_seed_000 recycle=1 pLDDT=76.8 pTM=0.51 tol=13.7
2026-06-23 01:18:33,801 alphafold2_ptm_model_1_seed_000 took 100.0s (1 recycles)
2026-06-23 01:18:34,614 reranking models by 'plddt' metric
2026-06-23 01:18:34,614 rank_001_alphafold2_ptm_model_1_seed_000 pLDDT=76.8 pTM=0.51
2026-06-23 01:18:36,126 Query 23/62: Vitis_vinifera_g357690.p01_VCORE (length 785)
    folding 23/62 · Vitis_vinifera_g357690.p01_VCORE (785 aa)

  0%|          | 0/150 [elapsed: 00:00 remaining: ?]
SUBMIT:   0%|          | 0/150 [elapsed: 00:00 remaining: ?]
PENDING:   0%|          | 0/150 [elapsed: 00:00 remaining: ?]
                                                             

PENDING:   0%|          | 0/150 [elapsed: 00:00 remaining: ?]
RUNNING:   0%|          | 0/150 [elapsed: 00:10 remaining: ?]
RUNNING:   6%|▌         | 9/150 [elapsed: 00:10 remaining: 02:39]
                                                                 

RUNNING:   6%|▌         | 9/150 [elapsed: 00:10 remaining: 02:39]
RUNNING:   6%|▌         | 9/150 [elapsed: 00:20 remaining: 02:39]
RUNNING:  13%|█▎        | 19/150 [elapsed: 00:20 remaining: 02:21]
                                                                  

RUNNING:  13%|█▎        | 19/150 [elapsed: 00:20 remaining: 02:21]
RUNNING:  13%|█▎        | 19/150 [elapsed: 00:30 remaining: 02:21]
RUNNING:  19%|█▊        | 28/150 [elapsed: 00:30 remaining: 02:10]
                                                                  

RUNNING:  19%|█▊        | 28/150 [elapsed: 00:30 remaining: 02:10]
RUNNING:  19%|█▊        | 28/150 [elapsed: 00:35 remaining: 02:10]
RUNNING:  22%|██▏       | 33/150 [elapsed: 00:35 remaining: 02:05]
                                                                  

RUNNING:  22%|██▏       | 33/150 [elapsed: 00:35 remaining: 02:05]
RUNNING:  22%|██▏       | 33/150 [elapsed: 00:46 remaining: 02:05]
RUNNING:  29%|██▊       | 43/150 [elapsed: 00:46 remaining: 01:53]
                                                                  

RUNNING:  29%|██▊       | 43/150 [elapsed: 00:46 remaining: 01:53]
RUNNING:  29%|██▊       | 43/150 [elapsed: 00:53 remaining: 01:53]
RUNNING:  33%|███▎      | 50/150 [elapsed: 00:53 remaining: 01:46]
                                                                  

RUNNING:  33%|███▎      | 50/150 [elapsed: 00:53 remaining: 01:46]
RUNNING:  33%|███▎      | 50/150 [elapsed: 01:00 remaining: 01:46]
RUNNING:  37%|███▋      | 56/150 [elapsed: 01:00 remaining: 01:40]
                                                                  

RUNNING:  37%|███▋      | 56/150 [elapsed: 01:00 remaining: 01:40]
RUNNING:  37%|███▋      | 56/150 [elapsed: 01:06 remaining: 01:40]
RUNNING:  41%|████▏     | 62/150 [elapsed: 01:06 remaining: 01:34]
                                                                  

RUNNING:  41%|████▏     | 62/150 [elapsed: 01:06 remaining: 01:34]
RUNNING:  41%|████▏     | 62/150 [elapsed: 01:13 remaining: 01:34]
RUNNING:  45%|████▌     | 68/150 [elapsed: 01:13 remaining: 01:28]
                                                                  

RUNNING:  45%|████▌     | 68/150 [elapsed: 01:13 remaining: 01:28]
RUNNING:  45%|████▌     | 68/150 [elapsed: 01:22 remaining: 01:28]
RUNNING:  51%|█████▏    | 77/150 [elapsed: 01:22 remaining: 01:18]
                                                                  

RUNNING:  51%|█████▏    | 77/150 [elapsed: 01:22 remaining: 01:18]
RUNNING:  51%|█████▏    | 77/150 [elapsed: 01:29 remaining: 01:18]
RUNNING:  55%|█████▌    | 83/150 [elapsed: 01:29 remaining: 01:11]
                                                                  

RUNNING:  55%|█████▌    | 83/150 [elapsed: 01:29 remaining: 01:11]
RUNNING:  55%|█████▌    | 83/150 [elapsed: 01:37 remaining: 01:11]
RUNNING:  61%|██████    | 91/150 [elapsed: 01:37 remaining: 01:03]
                                                                  

RUNNING:  61%|██████    | 91/150 [elapsed: 01:37 remaining: 01:03]
RUNNING:  61%|██████    | 91/150 [elapsed: 01:47 remaining: 01:03]
RUNNING:  67%|██████▋   | 100/150 [elapsed: 01:47 remaining: 00:53]
                                                                   

RUNNING:  67%|██████▋   | 100/150 [elapsed: 01:47 remaining: 00:53]
RUNNING:  67%|██████▋   | 100/150 [elapsed: 01:55 remaining: 00:53]
RUNNING:  72%|███████▏  | 108/150 [elapsed: 01:55 remaining: 00:44]
                                                                   

RUNNING:  72%|███████▏  | 108/150 [elapsed: 01:55 remaining: 00:44]
RUNNING:  72%|███████▏  | 108/150 [elapsed: 02:04 remaining: 00:44]
RUNNING:  77%|███████▋  | 116/150 [elapsed: 02:04 remaining: 00:36]
                                                                   

RUNNING:  77%|███████▋  | 116/150 [elapsed: 02:04 remaining: 00:36]
RUNNING:  77%|███████▋  | 116/150 [elapsed: 02:12 remaining: 00:36]
RUNNING:  83%|████████▎ | 124/150 [elapsed: 02:12 remaining: 00:27]
                                                                   

RUNNING:  83%|████████▎ | 124/150 [elapsed: 02:12 remaining: 00:27]
RUNNING:  83%|████████▎ | 124/150 [elapsed: 02:21 remaining: 00:27]
RUNNING:  88%|████████▊ | 132/150 [elapsed: 02:21 remaining: 00:19]
                                                                   

RUNNING:  88%|████████▊ | 132/150 [elapsed: 02:21 remaining: 00:19]
RUNNING:  88%|████████▊ | 132/150 [elapsed: 02:30 remaining: 00:19]
RUNNING:  94%|█████████▍| 141/150 [elapsed: 02:30 remaining: 00:09]
                                                                   

RUNNING:  94%|█████████▍| 141/150 [elapsed: 02:30 remaining: 00:09]
RUNNING:  94%|█████████▍| 141/150 [elapsed: 02:40 remaining: 00:09]
RUNNING: 100%|██████████| 150/150 [elapsed: 02:40 remaining: 00:00]
                                                                   

RUNNING: 100%|██████████| 150/150 [elapsed: 02:40 remaining: 00:00]
RUNNING: 100%|██████████| 150/150 [elapsed: 02:45 remaining: 00:00]
RUNNING: |          | 155/? [elapsed: 02:45 remaining: 00:00]      
                                                             

RUNNING: |          | 155/? [elapsed: 02:45 remaining: 00:00]
RUNNING: |          | 155/? [elapsed: 02:51 remaining: 00:00]
RUNNING: |          | 160/? [elapsed: 02:51 remaining: 00:00]
                                                             

RUNNING: |          | 160/? [elapsed: 02:51 remaining: 00:00]
RUNNING: |          | 160/? [elapsed: 03:01 remaining: 00:00]
RUNNING: |          | 170/? [elapsed: 03:01 remaining: 00:00]
                                                             

RUNNING: |          | 170/? [elapsed: 03:01 remaining: 00:00]
RUNNING: |          | 170/? [elapsed: 03:10 remaining: 00:00]
RUNNING: |          | 178/? [elapsed: 03:10 remaining: 00:00]
                                                             

RUNNING: |          | 178/? [elapsed: 03:10 remaining: 00:00]
RUNNING: |          | 178/? [elapsed: 03:20 remaining: 00:00]
RUNNING: |          | 188/? [elapsed: 03:20 remaining: 00:00]
                                                             

RUNNING: |          | 188/? [elapsed: 03:20 remaining: 00:00]
RUNNING: |          | 188/? [elapsed: 03:29 remaining: 00:00]
RUNNING: |          | 196/? [elapsed: 03:29 remaining: 00:00]
                                                             

RUNNING: |          | 196/? [elapsed: 03:29 remaining: 00:00]
RUNNING: |          | 196/? [elapsed: 03:35 remaining: 00:00]
RUNNING: |          | 202/? [elapsed: 03:35 remaining: 00:00]
                                                             

RUNNING: |          | 202/? [elapsed: 03:35 remaining: 00:00]
RUNNING: |          | 202/? [elapsed: 03:42 remaining: 00:00]
RUNNING: |          | 208/? [elapsed: 03:42 remaining: 00:00]
                                                             

RUNNING: |          | 208/? [elapsed: 03:42 remaining: 00:00]
RUNNING: |          | 208/? [elapsed: 03:49 remaining: 00:00]
RUNNING: |          | 215/? [elapsed: 03:49 remaining: 00:00]
                                                             

RUNNING: |          | 215/? [elapsed: 03:49 remaining: 00:00]
RUNNING: |          | 215/? [elapsed: 03:55 remaining: 00:00]
RUNNING: |          | 220/? [elapsed: 03:55 remaining: 00:00]
                                                             

RUNNING: |          | 220/? [elapsed: 03:55 remaining: 00:00]
RUNNING: |          | 220/? [elapsed: 04:01 remaining: 00:00]
RUNNING: |          | 226/? [elapsed: 04:01 remaining: 00:00]
                                                             

RUNNING: |          | 226/? [elapsed: 04:01 remaining: 00:00]
RUNNING: |          | 226/? [elapsed: 04:11 remaining: 00:00]
RUNNING: |          | 235/? [elapsed: 04:11 remaining: 00:00]
                                                             

RUNNING: |          | 235/? [elapsed: 04:11 remaining: 00:00]
RUNNING: |          | 235/? [elapsed: 04:19 remaining: 00:00]
RUNNING: |          | 243/? [elapsed: 04:19 remaining: 00:00]
                                                             

RUNNING: |          | 243/? [elapsed: 04:19 remaining: 00:00]
RUNNING: |          | 243/? [elapsed: 04:28 remaining: 00:00]
RUNNING: |          | 251/? [elapsed: 04:28 remaining: 00:00]
                                                             

RUNNING: |          | 251/? [elapsed: 04:28 remaining: 00:00]
RUNNING: |          | 251/? [elapsed: 04:33 remaining: 00:00]
RUNNING: |          | 256/? [elapsed: 04:33 remaining: 00:00]
                                                             

RUNNING: |          | 256/? [elapsed: 04:33 remaining: 00:00]
RUNNING: |          | 256/? [elapsed: 04:39 remaining: 00:00]
RUNNING: |          | 261/? [elapsed: 04:39 remaining: 00:00]
                                                             

RUNNING: |          | 261/? [elapsed: 04:39 remaining: 00:00]
COMPLETE: |          | 261/? [elapsed: 04:49 remaining: 00:00]
COMPLETE: |          | 261/? [elapsed: 04:51 remaining: 00:00]
2026-06-23 01:18:36,763 Sleeping for 9s. Reason: PENDING
2026-06-23 01:18:46,291 Sleeping for 10s. Reason: RUNNING
2026-06-23 01:18:56,769 Sleeping for 9s. Reason: RUNNING
2026-06-23 01:19:06,261 Sleeping for 5s. Reason: RUNNING
2026-06-23 01:19:11,724 Sleeping for 10s. Reason: RUNNING
2026-06-23 01:19:22,252 Sleeping for 7s. Reason: RUNNING
2026-06-23 01:19:29,748 Sleeping for 6s. Reason: RUNNING
2026-06-23 01:19:36,228 Sleeping for 6s. Reason: RUNNING
2026-06-23 01:19:42,756 Sleeping for 6s. Reason: RUNNING
2026-06-23 01:19:49,262 Sleeping for 9s. Reason: RUNNING
2026-06-23 01:19:58,767 Sleeping for 6s. Reason: RUNNING
2026-06-23 01:20:05,294 Sleeping for 8s. Reason: RUNNING
2026-06-23 01:20:13,789 Sleeping for 9s. Reason: RUNNING
2026-06-23 01:20:23,301 Sleeping for 8s. Reason: RUNNING
2026-06-23 01:20:31,795 Sleeping for 8s. Reason: RUNNING
2026-06-23 01:20:40,295 Sleeping for 8s. Reason: RUNNING
2026-06-23 01:20:48,794 Sleeping for 8s. Reason: RUNNING
2026-06-23 01:20:57,283 Sleeping for 9s. Reason: RUNNING
2026-06-23 01:21:06,800 Sleeping for 9s. Reason: RUNNING
2026-06-23 01:21:16,284 Sleeping for 5s. Reason: RUNNING
2026-06-23 01:21:21,770 Sleeping for 5s. Reason: RUNNING
2026-06-23 01:21:27,256 Sleeping for 10s. Reason: RUNNING
2026-06-23 01:21:37,728 Sleeping for 8s. Reason: RUNNING
2026-06-23 01:21:46,202 Sleeping for 10s. Reason: RUNNING
2026-06-23 01:21:56,694 Sleeping for 8s. Reason: RUNNING
2026-06-23 01:22:05,188 Sleeping for 6s. Reason: RUNNING
2026-06-23 01:22:11,672 Sleeping for 6s. Reason: RUNNING
2026-06-23 01:22:18,166 Sleeping for 7s. Reason: RUNNING
2026-06-23 01:22:25,673 Sleeping for 5s. Reason: RUNNING
2026-06-23 01:22:31,162 Sleeping for 6s. Reason: RUNNING
2026-06-23 01:22:37,657 Sleeping for 9s. Reason: RUNNING
2026-06-23 01:22:47,153 Sleeping for 8s. Reason: RUNNING
2026-06-23 01:22:55,647 Sleeping for 8s. Reason: RUNNING
2026-06-23 01:23:04,132 Sleeping for 5s. Reason: RUNNING
2026-06-23 01:23:09,634 Sleeping for 5s. Reason: RUNNING
2026-06-23 01:23:15,151 Sleeping for 10s. Reason: RUNNING
2026-06-23 01:23:45,474 Padding length to 795
2026-06-23 01:25:24,007 alphafold2_ptm_model_1_seed_000 recycle=0 pLDDT=77.6 pTM=0.453
2026-06-23 01:26:14,808 alphafold2_ptm_model_1_seed_000 recycle=1 pLDDT=78.3 pTM=0.469 tol=8.55
2026-06-23 01:26:14,811 alphafold2_ptm_model_1_seed_000 took 149.3s (1 recycles)
2026-06-23 01:26:15,445 reranking models by 'plddt' metric
2026-06-23 01:26:15,445 rank_001_alphafold2_ptm_model_1_seed_000 pLDDT=78.3 pTM=0.469
2026-06-23 01:26:16,403 Query 24/62: Vitis_vinifera_g075530.p01_VCORE (length 786)
    folding 24/62 · Vitis_vinifera_g075530.p01_VCORE (786 aa)

  0%|          | 0/150 [elapsed: 00:00 remaining: ?]
SUBMIT:   0%|          | 0/150 [elapsed: 00:00 remaining: ?]
PENDING:   0%|          | 0/150 [elapsed: 00:00 remaining: ?]
                                                             

PENDING:   0%|          | 0/150 [elapsed: 00:00 remaining: ?]
RUNNING:   0%|          | 0/150 [elapsed: 00:09 remaining: ?]
RUNNING:   5%|▌         | 8/150 [elapsed: 00:09 remaining: 02:39]
                                                                 

RUNNING:   5%|▌         | 8/150 [elapsed: 00:09 remaining: 02:39]
RUNNING:   5%|▌         | 8/150 [elapsed: 00:19 remaining: 02:39]
RUNNING:  12%|█▏        | 18/150 [elapsed: 00:19 remaining: 02:22]
                                                                  

RUNNING:  12%|█▏        | 18/150 [elapsed: 00:19 remaining: 02:22]
RUNNING:  12%|█▏        | 18/150 [elapsed: 00:29 remaining: 02:22]
RUNNING:  18%|█▊        | 27/150 [elapsed: 00:29 remaining: 02:13]
                                                                  

RUNNING:  18%|█▊        | 27/150 [elapsed: 00:29 remaining: 02:13]
RUNNING:  18%|█▊        | 27/150 [elapsed: 00:36 remaining: 02:13]
RUNNING:  23%|██▎       | 34/150 [elapsed: 00:36 remaining: 02:05]
                                                                  

RUNNING:  23%|██▎       | 34/150 [elapsed: 00:36 remaining: 02:05]
RUNNING:  23%|██▎       | 34/150 [elapsed: 00:44 remaining: 02:05]
RUNNING:  27%|██▋       | 41/150 [elapsed: 00:44 remaining: 01:57]
                                                                  

RUNNING:  27%|██▋       | 41/150 [elapsed: 00:44 remaining: 01:57]
RUNNING:  27%|██▋       | 41/150 [elapsed: 00:49 remaining: 01:57]
RUNNING:  31%|███       | 46/150 [elapsed: 00:49 remaining: 01:52]
                                                                  

RUNNING:  31%|███       | 46/150 [elapsed: 00:49 remaining: 01:52]
RUNNING:  31%|███       | 46/150 [elapsed: 00:55 remaining: 01:52]
RUNNING:  34%|███▍      | 51/150 [elapsed: 00:55 remaining: 01:47]
                                                                  

RUNNING:  34%|███▍      | 51/150 [elapsed: 00:55 remaining: 01:47]
RUNNING:  34%|███▍      | 51/150 [elapsed: 01:05 remaining: 01:47]
RUNNING:  41%|████      | 61/150 [elapsed: 01:05 remaining: 01:35]
                                                                  

RUNNING:  41%|████      | 61/150 [elapsed: 01:05 remaining: 01:35]
RUNNING:  41%|████      | 61/150 [elapsed: 01:12 remaining: 01:35]
RUNNING:  45%|████▍     | 67/150 [elapsed: 01:12 remaining: 01:29]
                                                                  

RUNNING:  45%|████▍     | 67/150 [elapsed: 01:12 remaining: 01:29]
RUNNING:  45%|████▍     | 67/150 [elapsed: 01:22 remaining: 01:29]
RUNNING:  51%|█████▏    | 77/150 [elapsed: 01:22 remaining: 01:17]
                                                                  

RUNNING:  51%|█████▏    | 77/150 [elapsed: 01:22 remaining: 01:17]
RUNNING:  51%|█████▏    | 77/150 [elapsed: 01:31 remaining: 01:17]
RUNNING:  57%|█████▋    | 85/150 [elapsed: 01:31 remaining: 01:09]
                                                                  

RUNNING:  57%|█████▋    | 85/150 [elapsed: 01:31 remaining: 01:09]
RUNNING:  57%|█████▋    | 85/150 [elapsed: 01:41 remaining: 01:09]
RUNNING:  63%|██████▎   | 95/150 [elapsed: 01:41 remaining: 00:58]
                                                                  

RUNNING:  63%|██████▎   | 95/150 [elapsed: 01:41 remaining: 00:58]
RUNNING:  63%|██████▎   | 95/150 [elapsed: 01:52 remaining: 00:58]
RUNNING:  70%|███████   | 105/150 [elapsed: 01:52 remaining: 00:47]
                                                                   

RUNNING:  70%|███████   | 105/150 [elapsed: 01:52 remaining: 00:47]
RUNNING:  70%|███████   | 105/150 [elapsed: 01:58 remaining: 00:47]
RUNNING:  74%|███████▍  | 111/150 [elapsed: 01:58 remaining: 00:41]
                                                                   

RUNNING:  74%|███████▍  | 111/150 [elapsed: 01:58 remaining: 00:41]
RUNNING:  74%|███████▍  | 111/150 [elapsed: 02:04 remaining: 00:41]
RUNNING:  77%|███████▋  | 116/150 [elapsed: 02:04 remaining: 00:36]
                                                                   

RUNNING:  77%|███████▋  | 116/150 [elapsed: 02:04 remaining: 00:36]
RUNNING:  77%|███████▋  | 116/150 [elapsed: 02:13 remaining: 00:36]
RUNNING:  83%|████████▎ | 125/150 [elapsed: 02:13 remaining: 00:26]
                                                                   

RUNNING:  83%|████████▎ | 125/150 [elapsed: 02:13 remaining: 00:26]
RUNNING:  83%|████████▎ | 125/150 [elapsed: 02:19 remaining: 00:26]
RUNNING:  87%|████████▋ | 130/150 [elapsed: 02:19 remaining: 00:21]
                                                                   

RUNNING:  87%|████████▋ | 130/150 [elapsed: 02:19 remaining: 00:21]
RUNNING:  87%|████████▋ | 130/150 [elapsed: 02:29 remaining: 00:21]
RUNNING:  93%|█████████▎| 140/150 [elapsed: 02:29 remaining: 00:10]
                                                                   

RUNNING:  93%|█████████▎| 140/150 [elapsed: 02:29 remaining: 00:10]
RUNNING:  93%|█████████▎| 140/150 [elapsed: 02:40 remaining: 00:10]
RUNNING: 100%|██████████| 150/150 [elapsed: 02:40 remaining: 00:00]
                                                                   

RUNNING: 100%|██████████| 150/150 [elapsed: 02:40 remaining: 00:00]
RUNNING: 100%|██████████| 150/150 [elapsed: 02:46 remaining: 00:00]
RUNNING: |          | 156/? [elapsed: 02:46 remaining: 00:00]      
                                                             

RUNNING: |          | 156/? [elapsed: 02:46 remaining: 00:00]
RUNNING: |          | 156/? [elapsed: 02:56 remaining: 00:00]
RUNNING: |          | 165/? [elapsed: 02:56 remaining: 00:00]
                                                             

RUNNING: |          | 165/? [elapsed: 02:56 remaining: 00:00]
RUNNING: |          | 165/? [elapsed: 03:05 remaining: 00:00]
RUNNING: |          | 174/? [elapsed: 03:05 remaining: 00:00]
                                                             

RUNNING: |          | 174/? [elapsed: 03:05 remaining: 00:00]
RUNNING: |          | 174/? [elapsed: 03:11 remaining: 00:00]
RUNNING: |          | 179/? [elapsed: 03:11 remaining: 00:00]
                                                             

RUNNING: |          | 179/? [elapsed: 03:11 remaining: 00:00]
RUNNING: |          | 179/? [elapsed: 03:18 remaining: 00:00]
RUNNING: |          | 186/? [elapsed: 03:18 remaining: 00:00]
                                                             

RUNNING: |          | 186/? [elapsed: 03:18 remaining: 00:00]
RUNNING: |          | 186/? [elapsed: 03:27 remaining: 00:00]
RUNNING: |          | 194/? [elapsed: 03:27 remaining: 00:00]
                                                             

RUNNING: |          | 194/? [elapsed: 03:27 remaining: 00:00]
RUNNING: |          | 194/? [elapsed: 03:36 remaining: 00:00]
RUNNING: |          | 203/? [elapsed: 03:36 remaining: 00:00]
                                                             

RUNNING: |          | 203/? [elapsed: 03:36 remaining: 00:00]
RUNNING: |          | 203/? [elapsed: 03:43 remaining: 00:00]
RUNNING: |          | 209/? [elapsed: 03:43 remaining: 00:00]
                                                             

RUNNING: |          | 209/? [elapsed: 03:43 remaining: 00:00]
RUNNING: |          | 209/? [elapsed: 03:48 remaining: 00:00]
RUNNING: |          | 214/? [elapsed: 03:48 remaining: 00:00]
                                                             

RUNNING: |          | 214/? [elapsed: 03:48 remaining: 00:00]
RUNNING: |          | 214/? [elapsed: 03:55 remaining: 00:00]
RUNNING: |          | 220/? [elapsed: 03:55 remaining: 00:00]
                                                             

RUNNING: |          | 220/? [elapsed: 03:55 remaining: 00:00]
COMPLETE: |          | 220/? [elapsed: 04:05 remaining: 00:00]
COMPLETE: |          | 220/? [elapsed: 04:07 remaining: 00:00]
2026-06-23 01:26:16,929 Sleeping for 8s. Reason: PENDING
2026-06-23 01:26:25,411 Sleeping for 10s. Reason: RUNNING
2026-06-23 01:26:35,918 Sleeping for 9s. Reason: RUNNING
2026-06-23 01:26:45,772 Sleeping for 7s. Reason: RUNNING
2026-06-23 01:26:53,265 Sleeping for 7s. Reason: RUNNING
2026-06-23 01:27:00,729 Sleeping for 5s. Reason: RUNNING
2026-06-23 01:27:06,220 Sleeping for 5s. Reason: RUNNING
2026-06-23 01:27:11,726 Sleeping for 10s. Reason: RUNNING
2026-06-23 01:27:22,228 Sleeping for 6s. Reason: RUNNING
2026-06-23 01:27:28,730 Sleeping for 10s. Reason: RUNNING
2026-06-23 01:27:39,236 Sleeping for 8s. Reason: RUNNING
2026-06-23 01:27:47,721 Sleeping for 10s. Reason: RUNNING
2026-06-23 01:27:58,185 Sleeping for 10s. Reason: RUNNING
2026-06-23 01:28:08,693 Sleeping for 6s. Reason: RUNNING
2026-06-23 01:28:15,156 Sleeping for 5s. Reason: RUNNING
2026-06-23 01:28:20,633 Sleeping for 9s. Reason: RUNNING
2026-06-23 01:28:30,112 Sleeping for 5s. Reason: RUNNING
2026-06-23 01:28:35,597 Sleeping for 10s. Reason: RUNNING
2026-06-23 01:28:46,111 Sleeping for 10s. Reason: RUNNING
2026-06-23 01:28:56,628 Sleeping for 6s. Reason: RUNNING
2026-06-23 01:29:03,180 Sleeping for 9s. Reason: RUNNING
2026-06-23 01:29:12,738 Sleeping for 9s. Reason: RUNNING
2026-06-23 01:29:22,223 Sleeping for 5s. Reason: RUNNING
2026-06-23 01:29:27,719 Sleeping for 7s. Reason: RUNNING
2026-06-23 01:29:35,192 Sleeping for 8s. Reason: RUNNING
2026-06-23 01:29:43,700 Sleeping for 9s. Reason: RUNNING
2026-06-23 01:29:53,225 Sleeping for 6s. Reason: RUNNING
2026-06-23 01:29:59,708 Sleeping for 5s. Reason: RUNNING
2026-06-23 01:30:05,222 Sleeping for 6s. Reason: RUNNING
2026-06-23 01:30:11,734 Sleeping for 10s. Reason: RUNNING
2026-06-23 01:30:42,171 Padding length to 795
2026-06-23 01:31:32,982 alphafold2_ptm_model_1_seed_000 recycle=0 pLDDT=77.1 pTM=0.501
2026-06-23 01:32:23,830 alphafold2_ptm_model_1_seed_000 recycle=1 pLDDT=78.3 pTM=0.504 tol=10.5
2026-06-23 01:32:23,832 alphafold2_ptm_model_1_seed_000 took 101.7s (1 recycles)
2026-06-23 01:32:24,462 reranking models by 'plddt' metric
2026-06-23 01:32:24,463 rank_001_alphafold2_ptm_model_1_seed_000 pLDDT=78.3 pTM=0.504
2026-06-23 01:32:25,402 Query 25/62: Vitis_vinifera_g385100.p01_VCORE (length 786)
    folding 25/62 · Vitis_vinifera_g385100.p01_VCORE (786 aa)

  0%|          | 0/150 [elapsed: 00:00 remaining: ?]
SUBMIT:   0%|          | 0/150 [elapsed: 00:00 remaining: ?]
PENDING:   0%|          | 0/150 [elapsed: 00:00 remaining: ?]
                                                             

PENDING:   0%|          | 0/150 [elapsed: 00:00 remaining: ?]
RUNNING:   0%|          | 0/150 [elapsed: 00:11 remaining: ?]
RUNNING:   7%|▋         | 10/150 [elapsed: 00:11 remaining: 02:34]
                                                                  

RUNNING:   7%|▋         | 10/150 [elapsed: 00:11 remaining: 02:34]
RUNNING:   7%|▋         | 10/150 [elapsed: 00:20 remaining: 02:34]
RUNNING:  13%|█▎        | 19/150 [elapsed: 00:20 remaining: 02:20]
                                                                  

RUNNING:  13%|█▎        | 19/150 [elapsed: 00:20 remaining: 02:20]
RUNNING:  13%|█▎        | 19/150 [elapsed: 00:26 remaining: 02:20]
RUNNING:  17%|█▋        | 25/150 [elapsed: 00:26 remaining: 02:14]
                                                                  

RUNNING:  17%|█▋        | 25/150 [elapsed: 00:26 remaining: 02:14]
RUNNING:  17%|█▋        | 25/150 [elapsed: 00:37 remaining: 02:14]
RUNNING:  23%|██▎       | 35/150 [elapsed: 00:37 remaining: 02:02]
                                                                  

RUNNING:  23%|██▎       | 35/150 [elapsed: 00:37 remaining: 02:02]
RUNNING:  23%|██▎       | 35/150 [elapsed: 00:43 remaining: 02:02]
RUNNING:  27%|██▋       | 41/150 [elapsed: 00:43 remaining: 01:56]
                                                                  

RUNNING:  27%|██▋       | 41/150 [elapsed: 00:43 remaining: 01:56]
RUNNING:  27%|██▋       | 41/150 [elapsed: 00:53 remaining: 01:56]
RUNNING:  33%|███▎      | 50/150 [elapsed: 00:53 remaining: 01:46]
                                                                  

RUNNING:  33%|███▎      | 50/150 [elapsed: 00:53 remaining: 01:46]
RUNNING:  33%|███▎      | 50/150 [elapsed: 00:59 remaining: 01:46]
RUNNING:  37%|███▋      | 56/150 [elapsed: 00:59 remaining: 01:40]
                                                                  

RUNNING:  37%|███▋      | 56/150 [elapsed: 00:59 remaining: 01:40]
RUNNING:  37%|███▋      | 56/150 [elapsed: 01:06 remaining: 01:40]
RUNNING:  41%|████▏     | 62/150 [elapsed: 01:06 remaining: 01:34]
                                                                  

RUNNING:  41%|████▏     | 62/150 [elapsed: 01:06 remaining: 01:34]
RUNNING:  41%|████▏     | 62/150 [elapsed: 01:13 remaining: 01:34]
RUNNING:  46%|████▌     | 69/150 [elapsed: 01:13 remaining: 01:26]
                                                                  

RUNNING:  46%|████▌     | 69/150 [elapsed: 01:13 remaining: 01:26]
RUNNING:  46%|████▌     | 69/150 [elapsed: 01:19 remaining: 01:26]
RUNNING:  49%|████▉     | 74/150 [elapsed: 01:19 remaining: 01:22]
                                                                  

RUNNING:  49%|████▉     | 74/150 [elapsed: 01:19 remaining: 01:22]
RUNNING:  49%|████▉     | 74/150 [elapsed: 01:30 remaining: 01:22]
RUNNING:  56%|█████▌    | 84/150 [elapsed: 01:30 remaining: 01:12]
                                                                  

RUNNING:  56%|█████▌    | 84/150 [elapsed: 01:30 remaining: 01:12]
RUNNING:  56%|█████▌    | 84/150 [elapsed: 01:39 remaining: 01:12]
RUNNING:  61%|██████▏   | 92/150 [elapsed: 01:39 remaining: 01:02]
                                                                  

RUNNING:  61%|██████▏   | 92/150 [elapsed: 01:39 remaining: 01:02]
RUNNING:  61%|██████▏   | 92/150 [elapsed: 01:47 remaining: 01:02]
RUNNING:  67%|██████▋   | 100/150 [elapsed: 01:47 remaining: 00:53]
                                                                   

RUNNING:  67%|██████▋   | 100/150 [elapsed: 01:47 remaining: 00:53]
RUNNING:  67%|██████▋   | 100/150 [elapsed: 01:53 remaining: 00:53]
RUNNING:  70%|███████   | 105/150 [elapsed: 01:53 remaining: 00:48]
                                                                   

RUNNING:  70%|███████   | 105/150 [elapsed: 01:53 remaining: 00:48]
RUNNING:  70%|███████   | 105/150 [elapsed: 01:58 remaining: 00:48]
RUNNING:  73%|███████▎  | 110/150 [elapsed: 01:58 remaining: 00:43]
                                                                   

RUNNING:  73%|███████▎  | 110/150 [elapsed: 01:58 remaining: 00:43]
RUNNING:  73%|███████▎  | 110/150 [elapsed: 02:09 remaining: 00:43]
RUNNING:  80%|████████  | 120/150 [elapsed: 02:09 remaining: 00:32]
                                                                   

RUNNING:  80%|████████  | 120/150 [elapsed: 02:09 remaining: 00:32]
RUNNING:  80%|████████  | 120/150 [elapsed: 02:18 remaining: 00:32]
RUNNING:  86%|████████▌ | 129/150 [elapsed: 02:18 remaining: 00:22]
                                                                   

RUNNING:  86%|████████▌ | 129/150 [elapsed: 02:18 remaining: 00:22]
RUNNING:  86%|████████▌ | 129/150 [elapsed: 02:27 remaining: 00:22]
RUNNING:  91%|█████████▏| 137/150 [elapsed: 02:27 remaining: 00:13]
                                                                   

RUNNING:  91%|█████████▏| 137/150 [elapsed: 02:27 remaining: 00:13]
RUNNING:  91%|█████████▏| 137/150 [elapsed: 02:36 remaining: 00:13]
RUNNING:  97%|█████████▋| 146/150 [elapsed: 02:36 remaining: 00:04]
                                                                   

RUNNING:  97%|█████████▋| 146/150 [elapsed: 02:36 remaining: 00:04]
RUNNING:  97%|█████████▋| 146/150 [elapsed: 02:47 remaining: 00:04]
RUNNING: |          | 156/? [elapsed: 02:47 remaining: 00:00]      
                                                             

RUNNING: |          | 156/? [elapsed: 02:47 remaining: 00:00]
RUNNING: |          | 156/? [elapsed: 02:56 remaining: 00:00]
RUNNING: |          | 165/? [elapsed: 02:56 remaining: 00:00]
                                                             

RUNNING: |          | 165/? [elapsed: 02:56 remaining: 00:00]
RUNNING: |          | 165/? [elapsed: 03:04 remaining: 00:00]
RUNNING: |          | 173/? [elapsed: 03:04 remaining: 00:00]
                                                             

RUNNING: |          | 173/? [elapsed: 03:04 remaining: 00:00]
RUNNING: |          | 173/? [elapsed: 03:12 remaining: 00:00]
RUNNING: |          | 180/? [elapsed: 03:12 remaining: 00:00]
                                                             

RUNNING: |          | 180/? [elapsed: 03:12 remaining: 00:00]
RUNNING: |          | 180/? [elapsed: 03:19 remaining: 00:00]
RUNNING: |          | 187/? [elapsed: 03:19 remaining: 00:00]
                                                             

RUNNING: |          | 187/? [elapsed: 03:19 remaining: 00:00]
RUNNING: |          | 187/? [elapsed: 03:28 remaining: 00:00]
RUNNING: |          | 195/? [elapsed: 03:28 remaining: 00:00]
                                                             

RUNNING: |          | 195/? [elapsed: 03:28 remaining: 00:00]
RUNNING: |          | 195/? [elapsed: 03:38 remaining: 00:00]
RUNNING: |          | 205/? [elapsed: 03:38 remaining: 00:00]
                                                             

RUNNING: |          | 205/? [elapsed: 03:38 remaining: 00:00]
RUNNING: |          | 205/? [elapsed: 03:44 remaining: 00:00]
RUNNING: |          | 210/? [elapsed: 03:44 remaining: 00:00]
                                                             

RUNNING: |          | 210/? [elapsed: 03:44 remaining: 00:00]
COMPLETE: |          | 210/? [elapsed: 03:49 remaining: 00:00]
COMPLETE: |          | 210/? [elapsed: 03:51 remaining: 00:00]
2026-06-23 01:32:25,878 Sleeping for 10s. Reason: PENDING
2026-06-23 01:32:36,417 Sleeping for 9s. Reason: RUNNING
2026-06-23 01:32:45,878 Sleeping for 6s. Reason: RUNNING
2026-06-23 01:32:52,381 Sleeping for 10s. Reason: RUNNING
2026-06-23 01:33:02,898 Sleeping for 6s. Reason: RUNNING
2026-06-23 01:33:09,398 Sleeping for 9s. Reason: RUNNING
2026-06-23 01:33:18,870 Sleeping for 6s. Reason: RUNNING
2026-06-23 01:33:25,336 Sleeping for 6s. Reason: RUNNING
2026-06-23 01:33:31,822 Sleeping for 7s. Reason: RUNNING
2026-06-23 01:33:39,373 Sleeping for 5s. Reason: RUNNING
2026-06-23 01:33:44,874 Sleeping for 10s. Reason: RUNNING
2026-06-23 01:33:56,001 Sleeping for 8s. Reason: RUNNING
2026-06-23 01:34:04,492 Sleeping for 8s. Reason: RUNNING
2026-06-23 01:34:12,997 Sleeping for 5s. Reason: RUNNING
2026-06-23 01:34:18,496 Sleeping for 5s. Reason: RUNNING
2026-06-23 01:34:23,996 Sleeping for 10s. Reason: RUNNING
2026-06-23 01:34:34,496 Sleeping for 9s. Reason: RUNNING
2026-06-23 01:34:43,986 Sleeping for 8s. Reason: RUNNING
2026-06-23 01:34:52,470 Sleeping for 9s. Reason: RUNNING
2026-06-23 01:35:01,942 Sleeping for 10s. Reason: RUNNING
2026-06-23 01:35:12,437 Sleeping for 9s. Reason: RUNNING
2026-06-23 01:35:21,929 Sleeping for 8s. Reason: RUNNING
2026-06-23 01:35:30,400 Sleeping for 7s. Reason: RUNNING
2026-06-23 01:35:37,869 Sleeping for 7s. Reason: RUNNING
2026-06-23 01:35:45,373 Sleeping for 8s. Reason: RUNNING
2026-06-23 01:35:53,872 Sleeping for 10s. Reason: RUNNING
2026-06-23 01:36:04,344 Sleeping for 5s. Reason: RUNNING
2026-06-23 01:36:09,859 Sleeping for 5s. Reason: RUNNING
2026-06-23 01:36:30,635 Padding length to 795
2026-06-23 01:37:23,644 alphafold2_ptm_model_1_seed_000 recycle=0 pLDDT=76.1 pTM=0.5
2026-06-23 01:38:14,523 alphafold2_ptm_model_1_seed_000 recycle=1 pLDDT=78.2 pTM=0.512 tol=11.9
2026-06-23 01:38:14,525 alphafold2_ptm_model_1_seed_000 took 103.9s (1 recycles)
2026-06-23 01:38:15,283 reranking models by 'plddt' metric
2026-06-23 01:38:15,283 rank_001_alphafold2_ptm_model_1_seed_000 pLDDT=78.2 pTM=0.512
2026-06-23 01:38:16,562 Query 26/62: Vitis_vinifera_g426490.p01_VCORE (length 844)
    folding 26/62 · Vitis_vinifera_g426490.p01_VCORE (844 aa)

  0%|          | 0/150 [elapsed: 00:00 remaining: ?]
SUBMIT:   0%|          | 0/150 [elapsed: 00:00 remaining: ?]
PENDING:   0%|          | 0/150 [elapsed: 00:00 remaining: ?]
                                                             

PENDING:   0%|          | 0/150 [elapsed: 00:00 remaining: ?]
RUNNING:   0%|          | 0/150 [elapsed: 00:08 remaining: ?]
RUNNING:   5%|▌         | 8/150 [elapsed: 00:08 remaining: 02:38]
                                                                 

RUNNING:   5%|▌         | 8/150 [elapsed: 00:08 remaining: 02:38]
RUNNING:   5%|▌         | 8/150 [elapsed: 00:14 remaining: 02:38]
RUNNING:   9%|▊         | 13/150 [elapsed: 00:14 remaining: 02:31]
                                                                  

RUNNING:   9%|▊         | 13/150 [elapsed: 00:14 remaining: 02:31]
RUNNING:   9%|▊         | 13/150 [elapsed: 00:21 remaining: 02:31]
RUNNING:  13%|█▎        | 20/150 [elapsed: 00:21 remaining: 02:21]
                                                                  

RUNNING:  13%|█▎        | 20/150 [elapsed: 00:21 remaining: 02:21]
RUNNING:  13%|█▎        | 20/150 [elapsed: 00:28 remaining: 02:21]
RUNNING:  17%|█▋        | 26/150 [elapsed: 00:28 remaining: 02:14]
                                                                  

RUNNING:  17%|█▋        | 26/150 [elapsed: 00:28 remaining: 02:14]
RUNNING:  17%|█▋        | 26/150 [elapsed: 00:38 remaining: 02:14]
RUNNING:  24%|██▍       | 36/150 [elapsed: 00:38 remaining: 02:01]
                                                                  

RUNNING:  24%|██▍       | 36/150 [elapsed: 00:38 remaining: 02:01]
RUNNING:  24%|██▍       | 36/150 [elapsed: 00:48 remaining: 02:01]
RUNNING:  30%|███       | 45/150 [elapsed: 00:48 remaining: 01:51]
                                                                  

RUNNING:  30%|███       | 45/150 [elapsed: 00:48 remaining: 01:51]
RUNNING:  30%|███       | 45/150 [elapsed: 00:54 remaining: 01:51]
RUNNING:  34%|███▍      | 51/150 [elapsed: 00:54 remaining: 01:45]
                                                                  

RUNNING:  34%|███▍      | 51/150 [elapsed: 00:54 remaining: 01:45]
RUNNING:  34%|███▍      | 51/150 [elapsed: 01:04 remaining: 01:45]
RUNNING:  40%|████      | 60/150 [elapsed: 01:04 remaining: 01:35]
                                                                  

RUNNING:  40%|████      | 60/150 [elapsed: 01:04 remaining: 01:35]
RUNNING:  40%|████      | 60/150 [elapsed: 01:14 remaining: 01:35]
RUNNING:  47%|████▋     | 70/150 [elapsed: 01:14 remaining: 01:24]
                                                                  

RUNNING:  47%|████▋     | 70/150 [elapsed: 01:14 remaining: 01:24]
RUNNING:  47%|████▋     | 70/150 [elapsed: 01:24 remaining: 01:24]
RUNNING:  53%|█████▎    | 79/150 [elapsed: 01:24 remaining: 01:15]
                                                                  

RUNNING:  53%|█████▎    | 79/150 [elapsed: 01:24 remaining: 01:15]
RUNNING:  53%|█████▎    | 79/150 [elapsed: 01:34 remaining: 01:15]
RUNNING:  59%|█████▉    | 89/150 [elapsed: 01:34 remaining: 01:04]
                                                                  

RUNNING:  59%|█████▉    | 89/150 [elapsed: 01:34 remaining: 01:04]
RUNNING:  59%|█████▉    | 89/150 [elapsed: 01:44 remaining: 01:04]
RUNNING:  65%|██████▌   | 98/150 [elapsed: 01:44 remaining: 00:54]
                                                                  

RUNNING:  65%|██████▌   | 98/150 [elapsed: 01:44 remaining: 00:54]
RUNNING:  65%|██████▌   | 98/150 [elapsed: 01:53 remaining: 00:54]
RUNNING:  71%|███████▏  | 107/150 [elapsed: 01:53 remaining: 00:45]
                                                                   

RUNNING:  71%|███████▏  | 107/150 [elapsed: 01:53 remaining: 00:45]
RUNNING:  71%|███████▏  | 107/150 [elapsed: 02:00 remaining: 00:45]
RUNNING:  75%|███████▌  | 113/150 [elapsed: 02:00 remaining: 00:39]
                                                                   

RUNNING:  75%|███████▌  | 113/150 [elapsed: 02:00 remaining: 00:39]
RUNNING:  75%|███████▌  | 113/150 [elapsed: 02:08 remaining: 00:39]
RUNNING:  81%|████████  | 121/150 [elapsed: 02:08 remaining: 00:30]
                                                                   

RUNNING:  81%|████████  | 121/150 [elapsed: 02:08 remaining: 00:30]
RUNNING:  81%|████████  | 121/150 [elapsed: 02:17 remaining: 00:30]
RUNNING:  86%|████████▌ | 129/150 [elapsed: 02:17 remaining: 00:22]
                                                                   

RUNNING:  86%|████████▌ | 129/150 [elapsed: 02:17 remaining: 00:22]
RUNNING:  86%|████████▌ | 129/150 [elapsed: 02:25 remaining: 00:22]
RUNNING:  91%|█████████ | 136/150 [elapsed: 02:25 remaining: 00:15]
                                                                   

RUNNING:  91%|█████████ | 136/150 [elapsed: 02:25 remaining: 00:15]
RUNNING:  91%|█████████ | 136/150 [elapsed: 02:31 remaining: 00:15]
RUNNING:  95%|█████████▍| 142/150 [elapsed: 02:31 remaining: 00:08]
                                                                   

RUNNING:  95%|█████████▍| 142/150 [elapsed: 02:31 remaining: 00:08]
RUNNING:  95%|█████████▍| 142/150 [elapsed: 02:39 remaining: 00:08]
RUNNING:  99%|█████████▉| 149/150 [elapsed: 02:39 remaining: 00:01]
                                                                   

RUNNING:  99%|█████████▉| 149/150 [elapsed: 02:39 remaining: 00:01]
RUNNING:  99%|█████████▉| 149/150 [elapsed: 02:47 remaining: 00:01]
RUNNING: |          | 157/? [elapsed: 02:47 remaining: 00:00]      
                                                             

RUNNING: |          | 157/? [elapsed: 02:47 remaining: 00:00]
RUNNING: |          | 157/? [elapsed: 02:57 remaining: 00:00]
RUNNING: |          | 166/? [elapsed: 02:57 remaining: 00:00]
                                                             

RUNNING: |          | 166/? [elapsed: 02:57 remaining: 00:00]
RUNNING: |          | 166/? [elapsed: 03:07 remaining: 00:00]
RUNNING: |          | 176/? [elapsed: 03:07 remaining: 00:00]
                                                             

RUNNING: |          | 176/? [elapsed: 03:07 remaining: 00:00]
RUNNING: |          | 176/? [elapsed: 03:13 remaining: 00:00]
RUNNING: |          | 181/? [elapsed: 03:13 remaining: 00:00]
                                                             

RUNNING: |          | 181/? [elapsed: 03:13 remaining: 00:00]
RUNNING: |          | 181/? [elapsed: 03:20 remaining: 00:00]
RUNNING: |          | 188/? [elapsed: 03:20 remaining: 00:00]
                                                             

RUNNING: |          | 188/? [elapsed: 03:20 remaining: 00:00]
RUNNING: |          | 188/? [elapsed: 03:31 remaining: 00:00]
RUNNING: |          | 198/? [elapsed: 03:31 remaining: 00:00]
                                                             

RUNNING: |          | 198/? [elapsed: 03:31 remaining: 00:00]
RUNNING: |          | 198/? [elapsed: 03:41 remaining: 00:00]
RUNNING: |          | 208/? [elapsed: 03:41 remaining: 00:00]
                                                             

RUNNING: |          | 208/? [elapsed: 03:41 remaining: 00:00]
RUNNING: |          | 208/? [elapsed: 03:49 remaining: 00:00]
RUNNING: |          | 215/? [elapsed: 03:49 remaining: 00:00]
                                                             

RUNNING: |          | 215/? [elapsed: 03:49 remaining: 00:00]
COMPLETE: |          | 215/? [elapsed: 03:58 remaining: 00:00]
COMPLETE: |          | 215/? [elapsed: 04:00 remaining: 00:00]
2026-06-23 01:38:17,016 Sleeping for 8s. Reason: PENDING
2026-06-23 01:38:25,512 Sleeping for 5s. Reason: RUNNING
2026-06-23 01:38:30,984 Sleeping for 7s. Reason: RUNNING
2026-06-23 01:38:38,445 Sleeping for 6s. Reason: RUNNING
2026-06-23 01:38:44,920 Sleeping for 10s. Reason: RUNNING
2026-06-23 01:38:55,376 Sleeping for 9s. Reason: RUNNING
2026-06-23 01:39:04,892 Sleeping for 6s. Reason: RUNNING
2026-06-23 01:39:11,401 Sleeping for 9s. Reason: RUNNING
2026-06-23 01:39:20,933 Sleeping for 10s. Reason: RUNNING
2026-06-23 01:39:31,411 Sleeping for 9s. Reason: RUNNING
2026-06-23 01:39:40,872 Sleeping for 10s. Reason: RUNNING
2026-06-23 01:39:51,348 Sleeping for 9s. Reason: RUNNING
2026-06-23 01:40:00,815 Sleeping for 9s. Reason: RUNNING
2026-06-23 01:40:10,306 Sleeping for 6s. Reason: RUNNING
2026-06-23 01:40:16,786 Sleeping for 8s. Reason: RUNNING
2026-06-23 01:40:25,262 Sleeping for 8s. Reason: RUNNING
2026-06-23 01:40:34,274 Sleeping for 7s. Reason: RUNNING
2026-06-23 01:40:41,772 Sleeping for 6s. Reason: RUNNING
2026-06-23 01:40:48,280 Sleeping for 7s. Reason: RUNNING
2026-06-23 01:40:55,762 Sleeping for 8s. Reason: RUNNING
2026-06-23 01:41:04,253 Sleeping for 9s. Reason: RUNNING
2026-06-23 01:41:13,751 Sleeping for 10s. Reason: RUNNING
2026-06-23 01:41:24,224 Sleeping for 5s. Reason: RUNNING
2026-06-23 01:41:29,696 Sleeping for 7s. Reason: RUNNING
2026-06-23 01:41:37,217 Sleeping for 10s. Reason: RUNNING
2026-06-23 01:41:47,675 Sleeping for 10s. Reason: RUNNING
2026-06-23 01:41:58,193 Sleeping for 7s. Reason: RUNNING
2026-06-23 01:42:05,665 Sleeping for 9s. Reason: RUNNING
2026-06-23 01:42:35,690 Padding length to 854
2026-06-23 01:44:32,252 alphafold2_ptm_model_1_seed_000 recycle=0 pLDDT=81.1 pTM=0.546
2026-06-23 01:45:30,638 alphafold2_ptm_model_1_seed_000 recycle=1 pLDDT=82.3 pTM=0.524 tol=5.11
2026-06-23 01:45:30,640 alphafold2_ptm_model_1_seed_000 took 174.9s (1 recycles)
2026-06-23 01:45:31,371 reranking models by 'plddt' metric
2026-06-23 01:45:31,372 rank_001_alphafold2_ptm_model_1_seed_000 pLDDT=82.3 pTM=0.524
2026-06-23 01:45:32,398 Query 27/62: Vitis_vinifera_g346540.p01_VCORE (length 883)
    folding 27/62 · Vitis_vinifera_g346540.p01_VCORE (883 aa)

  0%|          | 0/150 [elapsed: 00:00 remaining: ?]
SUBMIT:   0%|          | 0/150 [elapsed: 00:00 remaining: ?]
PENDING:   0%|          | 0/150 [elapsed: 00:00 remaining: ?]
                                                             

PENDING:   0%|          | 0/150 [elapsed: 00:00 remaining: ?]
RUNNING:   0%|          | 0/150 [elapsed: 00:10 remaining: ?]
RUNNING:   7%|▋         | 10/150 [elapsed: 00:10 remaining: 02:33]
                                                                  

RUNNING:   7%|▋         | 10/150 [elapsed: 00:10 remaining: 02:33]
RUNNING:   7%|▋         | 10/150 [elapsed: 00:17 remaining: 02:33]
RUNNING:  11%|█         | 16/150 [elapsed: 00:17 remaining: 02:26]
                                                                  

RUNNING:  11%|█         | 16/150 [elapsed: 00:17 remaining: 02:26]
RUNNING:  11%|█         | 16/150 [elapsed: 00:26 remaining: 02:26]
RUNNING:  17%|█▋        | 25/150 [elapsed: 00:26 remaining: 02:14]
                                                                  

RUNNING:  17%|█▋        | 25/150 [elapsed: 00:26 remaining: 02:14]
RUNNING:  17%|█▋        | 25/150 [elapsed: 00:34 remaining: 02:14]
RUNNING:  21%|██▏       | 32/150 [elapsed: 00:34 remaining: 02:06]
                                                                  

RUNNING:  21%|██▏       | 32/150 [elapsed: 00:34 remaining: 02:06]
RUNNING:  21%|██▏       | 32/150 [elapsed: 00:40 remaining: 02:06]
RUNNING:  25%|██▍       | 37/150 [elapsed: 00:40 remaining: 02:02]
                                                                  

RUNNING:  25%|██▍       | 37/150 [elapsed: 00:40 remaining: 02:02]
RUNNING:  25%|██▍       | 37/150 [elapsed: 00:45 remaining: 02:02]
RUNNING:  28%|██▊       | 42/150 [elapsed: 00:45 remaining: 01:57]
                                                                  

RUNNING:  28%|██▊       | 42/150 [elapsed: 00:45 remaining: 01:57]
RUNNING:  28%|██▊       | 42/150 [elapsed: 00:52 remaining: 01:57]
RUNNING:  32%|███▏      | 48/150 [elapsed: 00:52 remaining: 01:50]
                                                                  

RUNNING:  32%|███▏      | 48/150 [elapsed: 00:52 remaining: 01:50]
RUNNING:  32%|███▏      | 48/150 [elapsed: 00:59 remaining: 01:50]
RUNNING:  37%|███▋      | 55/150 [elapsed: 00:59 remaining: 01:42]
                                                                  

RUNNING:  37%|███▋      | 55/150 [elapsed: 00:59 remaining: 01:42]
RUNNING:  37%|███▋      | 55/150 [elapsed: 01:07 remaining: 01:42]
RUNNING:  42%|████▏     | 63/150 [elapsed: 01:07 remaining: 01:33]
                                                                  

RUNNING:  42%|████▏     | 63/150 [elapsed: 01:07 remaining: 01:33]
RUNNING:  42%|████▏     | 63/150 [elapsed: 01:13 remaining: 01:33]
RUNNING:  45%|████▌     | 68/150 [elapsed: 01:13 remaining: 01:28]
                                                                  

RUNNING:  45%|████▌     | 68/150 [elapsed: 01:13 remaining: 01:28]
RUNNING:  45%|████▌     | 68/150 [elapsed: 01:18 remaining: 01:28]
RUNNING:  49%|████▊     | 73/150 [elapsed: 01:18 remaining: 01:23]
                                                                  

RUNNING:  49%|████▊     | 73/150 [elapsed: 01:18 remaining: 01:23]
RUNNING:  49%|████▊     | 73/150 [elapsed: 01:26 remaining: 01:23]
RUNNING:  53%|█████▎    | 80/150 [elapsed: 01:26 remaining: 01:15]
                                                                  

RUNNING:  53%|█████▎    | 80/150 [elapsed: 01:26 remaining: 01:15]
RUNNING:  53%|█████▎    | 80/150 [elapsed: 01:31 remaining: 01:15]
RUNNING:  57%|█████▋    | 85/150 [elapsed: 01:31 remaining: 01:10]
                                                                  

RUNNING:  57%|█████▋    | 85/150 [elapsed: 01:31 remaining: 01:10]
RUNNING:  57%|█████▋    | 85/150 [elapsed: 01:38 remaining: 01:10]
RUNNING:  61%|██████    | 91/150 [elapsed: 01:38 remaining: 01:03]
                                                                  

RUNNING:  61%|██████    | 91/150 [elapsed: 01:38 remaining: 01:03]
RUNNING:  61%|██████    | 91/150 [elapsed: 01:44 remaining: 01:03]
RUNNING:  65%|██████▍   | 97/150 [elapsed: 01:44 remaining: 00:57]
                                                                  

RUNNING:  65%|██████▍   | 97/150 [elapsed: 01:44 remaining: 00:57]
RUNNING:  65%|██████▍   | 97/150 [elapsed: 01:53 remaining: 00:57]
RUNNING:  70%|███████   | 105/150 [elapsed: 01:53 remaining: 00:48]
                                                                   

RUNNING:  70%|███████   | 105/150 [elapsed: 01:53 remaining: 00:48]
RUNNING:  70%|███████   | 105/150 [elapsed: 02:03 remaining: 00:48]
RUNNING:  76%|███████▌  | 114/150 [elapsed: 02:03 remaining: 00:38]
                                                                   

RUNNING:  76%|███████▌  | 114/150 [elapsed: 02:03 remaining: 00:38]
RUNNING:  76%|███████▌  | 114/150 [elapsed: 02:10 remaining: 00:38]
RUNNING:  81%|████████  | 121/150 [elapsed: 02:10 remaining: 00:31]
                                                                   

RUNNING:  81%|████████  | 121/150 [elapsed: 02:10 remaining: 00:31]
RUNNING:  81%|████████  | 121/150 [elapsed: 02:20 remaining: 00:31]
RUNNING:  87%|████████▋ | 131/150 [elapsed: 02:20 remaining: 00:20]
                                                                   

RUNNING:  87%|████████▋ | 131/150 [elapsed: 02:20 remaining: 00:20]
RUNNING:  87%|████████▋ | 131/150 [elapsed: 02:30 remaining: 00:20]
RUNNING:  93%|█████████▎| 140/150 [elapsed: 02:30 remaining: 00:10]
                                                                   

RUNNING:  93%|█████████▎| 140/150 [elapsed: 02:30 remaining: 00:10]
RUNNING:  93%|█████████▎| 140/150 [elapsed: 02:37 remaining: 00:10]
RUNNING:  98%|█████████▊| 147/150 [elapsed: 02:37 remaining: 00:03]
                                                                   

RUNNING:  98%|█████████▊| 147/150 [elapsed: 02:37 remaining: 00:03]
RUNNING:  98%|█████████▊| 147/150 [elapsed: 02:44 remaining: 00:03]
RUNNING: |          | 153/? [elapsed: 02:44 remaining: 00:00]      
                                                             

RUNNING: |          | 153/? [elapsed: 02:44 remaining: 00:00]
RUNNING: |          | 153/? [elapsed: 02:49 remaining: 00:00]
RUNNING: |          | 158/? [elapsed: 02:49 remaining: 00:00]
                                                             

RUNNING: |          | 158/? [elapsed: 02:49 remaining: 00:00]
RUNNING: |          | 158/? [elapsed: 02:58 remaining: 00:00]
RUNNING: |          | 166/? [elapsed: 02:58 remaining: 00:00]
                                                             

RUNNING: |          | 166/? [elapsed: 02:58 remaining: 00:00]
RUNNING: |          | 166/? [elapsed: 03:04 remaining: 00:00]
RUNNING: |          | 172/? [elapsed: 03:04 remaining: 00:00]
                                                             

RUNNING: |          | 172/? [elapsed: 03:04 remaining: 00:00]
RUNNING: |          | 172/? [elapsed: 03:14 remaining: 00:00]
RUNNING: |          | 181/? [elapsed: 03:14 remaining: 00:00]
                                                             

RUNNING: |          | 181/? [elapsed: 03:14 remaining: 00:00]
RUNNING: |          | 181/? [elapsed: 03:20 remaining: 00:00]
RUNNING: |          | 187/? [elapsed: 03:20 remaining: 00:00]
                                                             

RUNNING: |          | 187/? [elapsed: 03:20 remaining: 00:00]
RUNNING: |          | 187/? [elapsed: 03:30 remaining: 00:00]
RUNNING: |          | 196/? [elapsed: 03:30 remaining: 00:00]
                                                             

RUNNING: |          | 196/? [elapsed: 03:30 remaining: 00:00]
RUNNING: |          | 196/? [elapsed: 03:37 remaining: 00:00]
RUNNING: |          | 203/? [elapsed: 03:37 remaining: 00:00]
                                                             

RUNNING: |          | 203/? [elapsed: 03:37 remaining: 00:00]
RUNNING: |          | 203/? [elapsed: 03:46 remaining: 00:00]
RUNNING: |          | 211/? [elapsed: 03:46 remaining: 00:00]
                                                             

RUNNING: |          | 211/? [elapsed: 03:46 remaining: 00:00]
RUNNING: |          | 211/? [elapsed: 03:51 remaining: 00:00]
RUNNING: |          | 216/? [elapsed: 03:51 remaining: 00:00]
                                                             

RUNNING: |          | 216/? [elapsed: 03:51 remaining: 00:00]
RUNNING: |          | 216/? [elapsed: 03:58 remaining: 00:00]
RUNNING: |          | 222/? [elapsed: 03:58 remaining: 00:00]
                                                             

RUNNING: |          | 222/? [elapsed: 03:58 remaining: 00:00]
RUNNING: |          | 222/? [elapsed: 04:08 remaining: 00:00]
RUNNING: |          | 232/? [elapsed: 04:08 remaining: 00:00]
                                                             

RUNNING: |          | 232/? [elapsed: 04:08 remaining: 00:00]
RUNNING: |          | 232/? [elapsed: 04:19 remaining: 00:00]
RUNNING: |          | 242/? [elapsed: 04:19 remaining: 00:00]
                                                             

RUNNING: |          | 242/? [elapsed: 04:19 remaining: 00:00]
RUNNING: |          | 242/? [elapsed: 04:25 remaining: 00:00]
RUNNING: |          | 248/? [elapsed: 04:25 remaining: 00:00]
                                                             

RUNNING: |          | 248/? [elapsed: 04:25 remaining: 00:00]
RUNNING: |          | 248/? [elapsed: 04:35 remaining: 00:00]
RUNNING: |          | 257/? [elapsed: 04:35 remaining: 00:00]
                                                             

RUNNING: |          | 257/? [elapsed: 04:35 remaining: 00:00]
RUNNING: |          | 257/? [elapsed: 04:44 remaining: 00:00]
RUNNING: |          | 266/? [elapsed: 04:44 remaining: 00:00]
                                                             

RUNNING: |          | 266/? [elapsed: 04:44 remaining: 00:00]
RUNNING: |          | 266/? [elapsed: 04:55 remaining: 00:00]
RUNNING: |          | 276/? [elapsed: 04:55 remaining: 00:00]
                                                             

RUNNING: |          | 276/? [elapsed: 04:55 remaining: 00:00]
RUNNING: |          | 276/? [elapsed: 05:02 remaining: 00:00]
RUNNING: |          | 283/? [elapsed: 05:02 remaining: 00:00]
                                                             

RUNNING: |          | 283/? [elapsed: 05:02 remaining: 00:00]
COMPLETE: |          | 283/? [elapsed: 05:11 remaining: 00:00]
COMPLETE: |          | 283/? [elapsed: 05:13 remaining: 00:00]
2026-06-23 01:45:32,871 Sleeping for 10s. Reason: PENDING
2026-06-23 01:45:43,402 Sleeping for 6s. Reason: RUNNING
2026-06-23 01:45:49,898 Sleeping for 9s. Reason: RUNNING
2026-06-23 01:45:59,385 Sleeping for 7s. Reason: RUNNING
2026-06-23 01:46:06,863 Sleeping for 5s. Reason: RUNNING
2026-06-23 01:46:12,483 Sleeping for 5s. Reason: RUNNING
2026-06-23 01:46:17,937 Sleeping for 6s. Reason: RUNNING
2026-06-23 01:46:24,416 Sleeping for 7s. Reason: RUNNING
2026-06-23 01:46:31,902 Sleeping for 8s. Reason: RUNNING
2026-06-23 01:46:40,388 Sleeping for 5s. Reason: RUNNING
2026-06-23 01:46:45,868 Sleeping for 5s. Reason: RUNNING
2026-06-23 01:46:51,395 Sleeping for 7s. Reason: RUNNING
2026-06-23 01:46:58,863 Sleeping for 5s. Reason: RUNNING
2026-06-23 01:47:04,354 Sleeping for 6s. Reason: RUNNING
2026-06-23 01:47:10,868 Sleeping for 6s. Reason: RUNNING
2026-06-23 01:47:17,360 Sleeping for 8s. Reason: RUNNING
2026-06-23 01:47:25,836 Sleeping for 9s. Reason: RUNNING
2026-06-23 01:47:35,478 Sleeping for 7s. Reason: RUNNING
2026-06-23 01:47:42,933 Sleeping for 10s. Reason: RUNNING
2026-06-23 01:47:53,376 Sleeping for 9s. Reason: RUNNING
2026-06-23 01:48:02,881 Sleeping for 7s. Reason: RUNNING
2026-06-23 01:48:10,365 Sleeping for 6s. Reason: RUNNING
2026-06-23 01:48:16,830 Sleeping for 5s. Reason: RUNNING
2026-06-23 01:48:22,283 Sleeping for 8s. Reason: RUNNING
2026-06-23 01:48:30,764 Sleeping for 6s. Reason: RUNNING
2026-06-23 01:48:37,271 Sleeping for 9s. Reason: RUNNING
2026-06-23 01:48:46,751 Sleeping for 6s. Reason: RUNNING
2026-06-23 01:48:53,260 Sleeping for 9s. Reason: RUNNING
2026-06-23 01:49:02,770 Sleeping for 7s. Reason: RUNNING
2026-06-23 01:49:10,261 Sleeping for 8s. Reason: RUNNING
2026-06-23 01:49:18,792 Sleeping for 5s. Reason: RUNNING
2026-06-23 01:49:24,275 Sleeping for 6s. Reason: RUNNING
2026-06-23 01:49:30,761 Sleeping for 10s. Reason: RUNNING
2026-06-23 01:49:41,241 Sleeping for 10s. Reason: RUNNING
2026-06-23 01:49:51,732 Sleeping for 6s. Reason: RUNNING
2026-06-23 01:49:58,240 Sleeping for 9s. Reason: RUNNING
2026-06-23 01:50:07,743 Sleeping for 9s. Reason: RUNNING
2026-06-23 01:50:17,252 Sleeping for 10s. Reason: RUNNING
2026-06-23 01:50:27,747 Sleeping for 7s. Reason: RUNNING
2026-06-23 01:50:35,248 Sleeping for 8s. Reason: RUNNING
2026-06-23 01:51:06,099 Padding length to 893
2026-06-23 01:52:32,335 alphafold2_ptm_model_1_seed_000 recycle=0 pLDDT=82.4 pTM=0.598
2026-06-23 01:53:37,774 alphafold2_ptm_model_1_seed_000 recycle=1 pLDDT=82.9 pTM=0.606 tol=5.29
2026-06-23 01:53:37,853 alphafold2_ptm_model_1_seed_000 took 151.7s (1 recycles)
2026-06-23 01:53:39,283 reranking models by 'plddt' metric
2026-06-23 01:53:39,289 rank_001_alphafold2_ptm_model_1_seed_000 pLDDT=82.9 pTM=0.606
2026-06-23 01:53:41,876 Query 28/62: Vitis_vinifera_g196580.p01_VCORE (length 896)
    folding 28/62 · Vitis_vinifera_g196580.p01_VCORE (896 aa)

  0%|          | 0/150 [elapsed: 00:00 remaining: ?]
SUBMIT:   0%|          | 0/150 [elapsed: 00:00 remaining: ?]
PENDING:   0%|          | 0/150 [elapsed: 00:01 remaining: ?]
                                                             

PENDING:   0%|          | 0/150 [elapsed: 00:01 remaining: ?]
RUNNING:   0%|          | 0/150 [elapsed: 00:09 remaining: ?]
RUNNING:   5%|▌         | 8/150 [elapsed: 00:09 remaining: 02:51]
                                                                 

RUNNING:   5%|▌         | 8/150 [elapsed: 00:09 remaining: 02:51]
RUNNING:   5%|▌         | 8/150 [elapsed: 00:15 remaining: 02:51]
RUNNING:   9%|▊         | 13/150 [elapsed: 00:15 remaining: 02:38]
                                                                  

RUNNING:   9%|▊         | 13/150 [elapsed: 00:15 remaining: 02:38]
RUNNING:   9%|▊         | 13/150 [elapsed: 00:24 remaining: 02:38]
RUNNING:  15%|█▍        | 22/150 [elapsed: 00:24 remaining: 02:20]
                                                                  

RUNNING:  15%|█▍        | 22/150 [elapsed: 00:24 remaining: 02:20]
RUNNING:  15%|█▍        | 22/150 [elapsed: 00:31 remaining: 02:20]
RUNNING:  19%|█▊        | 28/150 [elapsed: 00:31 remaining: 02:13]
                                                                  

RUNNING:  19%|█▊        | 28/150 [elapsed: 00:31 remaining: 02:13]
RUNNING:  19%|█▊        | 28/150 [elapsed: 00:40 remaining: 02:13]
RUNNING:  25%|██▍       | 37/150 [elapsed: 00:40 remaining: 02:01]
                                                                  

RUNNING:  25%|██▍       | 37/150 [elapsed: 00:40 remaining: 02:01]
RUNNING:  25%|██▍       | 37/150 [elapsed: 00:49 remaining: 02:01]
RUNNING:  30%|███       | 45/150 [elapsed: 00:49 remaining: 01:52]
                                                                  

RUNNING:  30%|███       | 45/150 [elapsed: 00:49 remaining: 01:52]
RUNNING:  30%|███       | 45/150 [elapsed: 00:55 remaining: 01:52]
RUNNING:  34%|███▍      | 51/150 [elapsed: 00:55 remaining: 01:46]
                                                                  

RUNNING:  34%|███▍      | 51/150 [elapsed: 00:55 remaining: 01:46]
RUNNING:  34%|███▍      | 51/150 [elapsed: 01:04 remaining: 01:46]
RUNNING:  39%|███▉      | 59/150 [elapsed: 01:04 remaining: 01:37]
                                                                  

RUNNING:  39%|███▉      | 59/150 [elapsed: 01:04 remaining: 01:37]
RUNNING:  39%|███▉      | 59/150 [elapsed: 01:14 remaining: 01:37]
RUNNING:  46%|████▌     | 69/150 [elapsed: 01:14 remaining: 01:25]
                                                                  

RUNNING:  46%|████▌     | 69/150 [elapsed: 01:14 remaining: 01:25]
RUNNING:  46%|████▌     | 69/150 [elapsed: 01:21 remaining: 01:25]
RUNNING:  51%|█████     | 76/150 [elapsed: 01:21 remaining: 01:18]
                                                                  

RUNNING:  51%|█████     | 76/150 [elapsed: 01:21 remaining: 01:18]
RUNNING:  51%|█████     | 76/150 [elapsed: 01:29 remaining: 01:18]
RUNNING:  55%|█████▌    | 83/150 [elapsed: 01:29 remaining: 01:11]
                                                                  

RUNNING:  55%|█████▌    | 83/150 [elapsed: 01:29 remaining: 01:11]
RUNNING:  55%|█████▌    | 83/150 [elapsed: 01:38 remaining: 01:11]
RUNNING:  61%|██████▏   | 92/150 [elapsed: 01:38 remaining: 01:01]
                                                                  

RUNNING:  61%|██████▏   | 92/150 [elapsed: 01:38 remaining: 01:01]
RUNNING:  61%|██████▏   | 92/150 [elapsed: 01:45 remaining: 01:01]
RUNNING:  65%|██████▌   | 98/150 [elapsed: 01:45 remaining: 00:55]
                                                                  

RUNNING:  65%|██████▌   | 98/150 [elapsed: 01:45 remaining: 00:55]
RUNNING:  65%|██████▌   | 98/150 [elapsed: 01:50 remaining: 00:55]
RUNNING:  69%|██████▊   | 103/150 [elapsed: 01:50 remaining: 00:50]
                                                                   

RUNNING:  69%|██████▊   | 103/150 [elapsed: 01:50 remaining: 00:50]
RUNNING:  69%|██████▊   | 103/150 [elapsed: 01:59 remaining: 00:50]
RUNNING:  74%|███████▍  | 111/150 [elapsed: 01:59 remaining: 00:41]
                                                                   

RUNNING:  74%|███████▍  | 111/150 [elapsed: 01:59 remaining: 00:41]
RUNNING:  74%|███████▍  | 111/150 [elapsed: 02:08 remaining: 00:41]
RUNNING:  80%|████████  | 120/150 [elapsed: 02:08 remaining: 00:31]
                                                                   

RUNNING:  80%|████████  | 120/150 [elapsed: 02:08 remaining: 00:31]
RUNNING:  80%|████████  | 120/150 [elapsed: 02:19 remaining: 00:31]
RUNNING:  87%|████████▋ | 130/150 [elapsed: 02:19 remaining: 00:21]
                                                                   

RUNNING:  87%|████████▋ | 130/150 [elapsed: 02:19 remaining: 00:21]
RUNNING:  87%|████████▋ | 130/150 [elapsed: 02:26 remaining: 00:21]
RUNNING:  91%|█████████▏| 137/150 [elapsed: 02:26 remaining: 00:13]
                                                                   

RUNNING:  91%|█████████▏| 137/150 [elapsed: 02:26 remaining: 00:13]
RUNNING:  91%|█████████▏| 137/150 [elapsed: 02:35 remaining: 00:13]
RUNNING:  97%|█████████▋| 145/150 [elapsed: 02:35 remaining: 00:05]
                                                                   

RUNNING:  97%|█████████▋| 145/150 [elapsed: 02:35 remaining: 00:05]
RUNNING:  97%|█████████▋| 145/150 [elapsed: 02:42 remaining: 00:05]
RUNNING: |          | 152/? [elapsed: 02:42 remaining: 00:00]      
                                                             

RUNNING: |          | 152/? [elapsed: 02:42 remaining: 00:00]
RUNNING: |          | 152/? [elapsed: 02:48 remaining: 00:00]
RUNNING: |          | 157/? [elapsed: 02:48 remaining: 00:00]
                                                             

RUNNING: |          | 157/? [elapsed: 02:48 remaining: 00:00]
RUNNING: |          | 157/? [elapsed: 02:54 remaining: 00:00]
RUNNING: |          | 163/? [elapsed: 02:54 remaining: 00:00]
                                                             

RUNNING: |          | 163/? [elapsed: 02:54 remaining: 00:00]
RUNNING: |          | 163/? [elapsed: 03:04 remaining: 00:00]
RUNNING: |          | 172/? [elapsed: 03:04 remaining: 00:00]
                                                             

RUNNING: |          | 172/? [elapsed: 03:04 remaining: 00:00]
RUNNING: |          | 172/? [elapsed: 03:09 remaining: 00:00]
RUNNING: |          | 177/? [elapsed: 03:09 remaining: 00:00]
                                                             

RUNNING: |          | 177/? [elapsed: 03:09 remaining: 00:00]
RUNNING: |          | 177/? [elapsed: 03:19 remaining: 00:00]
RUNNING: |          | 186/? [elapsed: 03:19 remaining: 00:00]
                                                             

RUNNING: |          | 186/? [elapsed: 03:19 remaining: 00:00]
RUNNING: |          | 186/? [elapsed: 03:27 remaining: 00:00]
RUNNING: |          | 194/? [elapsed: 03:27 remaining: 00:00]
                                                             

RUNNING: |          | 194/? [elapsed: 03:27 remaining: 00:00]
RUNNING: |          | 194/? [elapsed: 03:36 remaining: 00:00]
RUNNING: |          | 202/? [elapsed: 03:36 remaining: 00:00]
                                                             

RUNNING: |          | 202/? [elapsed: 03:36 remaining: 00:00]
RUNNING: |          | 202/? [elapsed: 03:43 remaining: 00:00]
RUNNING: |          | 209/? [elapsed: 03:43 remaining: 00:00]
                                                             

RUNNING: |          | 209/? [elapsed: 03:43 remaining: 00:00]
RUNNING: |          | 209/? [elapsed: 03:54 remaining: 00:00]
RUNNING: |          | 219/? [elapsed: 03:54 remaining: 00:00]
                                                             

RUNNING: |          | 219/? [elapsed: 03:54 remaining: 00:00]
RUNNING: |          | 219/? [elapsed: 04:04 remaining: 00:00]
RUNNING: |          | 229/? [elapsed: 04:04 remaining: 00:00]
                                                             

RUNNING: |          | 229/? [elapsed: 04:04 remaining: 00:00]
COMPLETE: |          | 229/? [elapsed: 04:13 remaining: 00:00]
COMPLETE: |          | 229/? [elapsed: 04:14 remaining: 00:00]
2026-06-23 01:53:43,124 Sleeping for 8s. Reason: PENDING
2026-06-23 01:53:51,625 Sleeping for 5s. Reason: RUNNING
2026-06-23 01:53:57,111 Sleeping for 9s. Reason: RUNNING
2026-06-23 01:54:06,612 Sleeping for 6s. Reason: RUNNING
2026-06-23 01:54:13,085 Sleeping for 9s. Reason: RUNNING
2026-06-23 01:54:22,560 Sleeping for 8s. Reason: RUNNING
2026-06-23 01:54:31,043 Sleeping for 6s. Reason: RUNNING
2026-06-23 01:54:37,534 Sleeping for 8s. Reason: RUNNING
2026-06-23 01:54:46,004 Sleeping for 10s. Reason: RUNNING
2026-06-23 01:54:56,500 Sleeping for 7s. Reason: RUNNING
2026-06-23 01:55:03,969 Sleeping for 7s. Reason: RUNNING
2026-06-23 01:55:11,425 Sleeping for 9s. Reason: RUNNING
2026-06-23 01:55:20,884 Sleeping for 6s. Reason: RUNNING
2026-06-23 01:55:27,377 Sleeping for 5s. Reason: RUNNING
2026-06-23 01:55:32,863 Sleeping for 8s. Reason: RUNNING
2026-06-23 01:55:41,366 Sleeping for 9s. Reason: RUNNING
2026-06-23 01:55:50,836 Sleeping for 10s. Reason: RUNNING
2026-06-23 01:56:01,341 Sleeping for 7s. Reason: RUNNING
2026-06-23 01:56:08,810 Sleeping for 8s. Reason: RUNNING
2026-06-23 01:56:17,299 Sleeping for 7s. Reason: RUNNING
2026-06-23 01:56:24,789 Sleeping for 5s. Reason: RUNNING
2026-06-23 01:56:30,283 Sleeping for 6s. Reason: RUNNING
2026-06-23 01:56:36,790 Sleeping for 9s. Reason: RUNNING
2026-06-23 01:56:46,263 Sleeping for 5s. Reason: RUNNING
2026-06-23 01:56:51,745 Sleeping for 9s. Reason: RUNNING
2026-06-23 01:57:01,218 Sleeping for 8s. Reason: RUNNING
2026-06-23 01:57:09,699 Sleeping for 8s. Reason: RUNNING
2026-06-23 01:57:18,164 Sleeping for 7s. Reason: RUNNING
2026-06-23 01:57:25,656 Sleeping for 10s. Reason: RUNNING
2026-06-23 01:57:36,155 Sleeping for 10s. Reason: RUNNING
2026-06-23 01:57:46,655 Sleeping for 8s. Reason: RUNNING
2026-06-23 01:58:17,175 Padding length to 906
2026-06-23 01:59:53,155 alphafold2_ptm_model_1_seed_000 recycle=0 pLDDT=81.5 pTM=0.629
2026-06-23 02:00:59,257 alphafold2_ptm_model_1_seed_000 recycle=1 pLDDT=81.8 pTM=0.646 tol=4.61
2026-06-23 02:00:59,281 alphafold2_ptm_model_1_seed_000 took 162.1s (1 recycles)
2026-06-23 02:01:00,148 reranking models by 'plddt' metric
2026-06-23 02:01:00,148 rank_001_alphafold2_ptm_model_1_seed_000 pLDDT=81.8 pTM=0.646
2026-06-23 02:01:01,662 Query 29/62: Vitis_vinifera_g386140.p01_VCORE (length 896)
    folding 29/62 · Vitis_vinifera_g386140.p01_VCORE (896 aa)

  0%|          | 0/150 [elapsed: 00:00 remaining: ?]
SUBMIT:   0%|          | 0/150 [elapsed: 00:00 remaining: ?]
PENDING:   0%|          | 0/150 [elapsed: 00:01 remaining: ?]
                                                             

PENDING:   0%|          | 0/150 [elapsed: 00:01 remaining: ?]
RUNNING:   0%|          | 0/150 [elapsed: 00:09 remaining: ?]
RUNNING:   5%|▌         | 8/150 [elapsed: 00:09 remaining: 02:50]
                                                                 

RUNNING:   5%|▌         | 8/150 [elapsed: 00:09 remaining: 02:50]
RUNNING:   5%|▌         | 8/150 [elapsed: 00:15 remaining: 02:50]
RUNNING:   9%|▊         | 13/150 [elapsed: 00:15 remaining: 02:37]
                                                                  

RUNNING:   9%|▊         | 13/150 [elapsed: 00:15 remaining: 02:37]
RUNNING:   9%|▊         | 13/150 [elapsed: 00:22 remaining: 02:37]
RUNNING:  13%|█▎        | 20/150 [elapsed: 00:22 remaining: 02:24]
                                                                  

RUNNING:  13%|█▎        | 20/150 [elapsed: 00:22 remaining: 02:24]
RUNNING:  13%|█▎        | 20/150 [elapsed: 00:33 remaining: 02:24]
RUNNING:  20%|██        | 30/150 [elapsed: 00:33 remaining: 02:09]
                                                                  

RUNNING:  20%|██        | 30/150 [elapsed: 00:33 remaining: 02:09]
RUNNING:  20%|██        | 30/150 [elapsed: 00:43 remaining: 02:09]
RUNNING:  27%|██▋       | 40/150 [elapsed: 00:43 remaining: 01:57]
                                                                  

RUNNING:  27%|██▋       | 40/150 [elapsed: 00:43 remaining: 01:57]
RUNNING:  27%|██▋       | 40/150 [elapsed: 00:50 remaining: 01:57]
RUNNING:  31%|███       | 46/150 [elapsed: 00:50 remaining: 01:51]
                                                                  

RUNNING:  31%|███       | 46/150 [elapsed: 00:50 remaining: 01:51]
RUNNING:  31%|███       | 46/150 [elapsed: 01:00 remaining: 01:51]
RUNNING:  37%|███▋      | 56/150 [elapsed: 01:00 remaining: 01:39]
                                                                  

RUNNING:  37%|███▋      | 56/150 [elapsed: 01:00 remaining: 01:39]
RUNNING:  37%|███▋      | 56/150 [elapsed: 01:10 remaining: 01:39]
RUNNING:  43%|████▎     | 65/150 [elapsed: 01:10 remaining: 01:30]
                                                                  

RUNNING:  43%|████▎     | 65/150 [elapsed: 01:10 remaining: 01:30]
RUNNING:  43%|████▎     | 65/150 [elapsed: 01:15 remaining: 01:30]
RUNNING:  47%|████▋     | 70/150 [elapsed: 01:15 remaining: 01:25]
                                                                  

RUNNING:  47%|████▋     | 70/150 [elapsed: 01:15 remaining: 01:25]
RUNNING:  47%|████▋     | 70/150 [elapsed: 01:20 remaining: 01:25]
RUNNING:  50%|█████     | 75/150 [elapsed: 01:20 remaining: 01:20]
                                                                  

RUNNING:  50%|█████     | 75/150 [elapsed: 01:20 remaining: 01:20]
RUNNING:  50%|█████     | 75/150 [elapsed: 01:26 remaining: 01:20]
RUNNING:  53%|█████▎    | 80/150 [elapsed: 01:26 remaining: 01:15]
                                                                  

RUNNING:  53%|█████▎    | 80/150 [elapsed: 01:26 remaining: 01:15]
RUNNING:  53%|█████▎    | 80/150 [elapsed: 01:32 remaining: 01:15]
RUNNING:  57%|█████▋    | 86/150 [elapsed: 01:32 remaining: 01:09]
                                                                  

RUNNING:  57%|█████▋    | 86/150 [elapsed: 01:32 remaining: 01:09]
RUNNING:  57%|█████▋    | 86/150 [elapsed: 01:41 remaining: 01:09]
RUNNING:  63%|██████▎   | 94/150 [elapsed: 01:41 remaining: 01:00]
                                                                  

RUNNING:  63%|██████▎   | 94/150 [elapsed: 01:41 remaining: 01:00]
RUNNING:  63%|██████▎   | 94/150 [elapsed: 01:47 remaining: 01:00]
RUNNING:  67%|██████▋   | 100/150 [elapsed: 01:47 remaining: 00:53]
                                                                   

RUNNING:  67%|██████▋   | 100/150 [elapsed: 01:47 remaining: 00:53]
RUNNING:  67%|██████▋   | 100/150 [elapsed: 01:56 remaining: 00:53]
RUNNING:  72%|███████▏  | 108/150 [elapsed: 01:56 remaining: 00:44]
                                                                   

RUNNING:  72%|███████▏  | 108/150 [elapsed: 01:56 remaining: 00:44]
RUNNING:  72%|███████▏  | 108/150 [elapsed: 02:01 remaining: 00:44]
RUNNING:  75%|███████▌  | 113/150 [elapsed: 02:01 remaining: 00:39]
                                                                   

RUNNING:  75%|███████▌  | 113/150 [elapsed: 02:01 remaining: 00:39]
RUNNING:  75%|███████▌  | 113/150 [elapsed: 02:09 remaining: 00:39]
RUNNING:  80%|████████  | 120/150 [elapsed: 02:09 remaining: 00:32]
                                                                   

RUNNING:  80%|████████  | 120/150 [elapsed: 02:09 remaining: 00:32]
RUNNING:  80%|████████  | 120/150 [elapsed: 02:14 remaining: 00:32]
RUNNING:  83%|████████▎ | 125/150 [elapsed: 02:14 remaining: 00:26]
                                                                   

RUNNING:  83%|████████▎ | 125/150 [elapsed: 02:14 remaining: 00:26]
RUNNING:  83%|████████▎ | 125/150 [elapsed: 02:23 remaining: 00:26]
RUNNING:  89%|████████▊ | 133/150 [elapsed: 02:23 remaining: 00:18]
                                                                   

RUNNING:  89%|████████▊ | 133/150 [elapsed: 02:23 remaining: 00:18]
RUNNING:  89%|████████▊ | 133/150 [elapsed: 02:32 remaining: 00:18]
RUNNING:  95%|█████████▍| 142/150 [elapsed: 02:32 remaining: 00:08]
                                                                   

RUNNING:  95%|█████████▍| 142/150 [elapsed: 02:32 remaining: 00:08]
RUNNING:  95%|█████████▍| 142/150 [elapsed: 02:38 remaining: 00:08]
RUNNING:  98%|█████████▊| 147/150 [elapsed: 02:38 remaining: 00:03]
                                                                   

RUNNING:  98%|█████████▊| 147/150 [elapsed: 02:38 remaining: 00:03]
RUNNING:  98%|█████████▊| 147/150 [elapsed: 02:45 remaining: 00:03]
RUNNING: |          | 154/? [elapsed: 02:45 remaining: 00:00]      
                                                             

RUNNING: |          | 154/? [elapsed: 02:45 remaining: 00:00]
RUNNING: |          | 154/? [elapsed: 02:54 remaining: 00:00]
RUNNING: |          | 162/? [elapsed: 02:54 remaining: 00:00]
                                                             

RUNNING: |          | 162/? [elapsed: 02:54 remaining: 00:00]
RUNNING: |          | 162/? [elapsed: 03:01 remaining: 00:00]
RUNNING: |          | 169/? [elapsed: 03:01 remaining: 00:00]
                                                             

RUNNING: |          | 169/? [elapsed: 03:01 remaining: 00:00]
RUNNING: |          | 169/? [elapsed: 03:09 remaining: 00:00]
RUNNING: |          | 176/? [elapsed: 03:09 remaining: 00:00]
                                                             

RUNNING: |          | 176/? [elapsed: 03:09 remaining: 00:00]
RUNNING: |          | 176/? [elapsed: 03:14 remaining: 00:00]
RUNNING: |          | 181/? [elapsed: 03:14 remaining: 00:00]
                                                             

RUNNING: |          | 181/? [elapsed: 03:14 remaining: 00:00]
RUNNING: |          | 181/? [elapsed: 03:20 remaining: 00:00]
RUNNING: |          | 186/? [elapsed: 03:20 remaining: 00:00]
                                                             

RUNNING: |          | 186/? [elapsed: 03:20 remaining: 00:00]
RUNNING: |          | 186/? [elapsed: 03:25 remaining: 00:00]
RUNNING: |          | 191/? [elapsed: 03:25 remaining: 00:00]
                                                             

RUNNING: |          | 191/? [elapsed: 03:25 remaining: 00:00]
RUNNING: |          | 191/? [elapsed: 03:32 remaining: 00:00]
RUNNING: |          | 197/? [elapsed: 03:32 remaining: 00:00]
                                                             

RUNNING: |          | 197/? [elapsed: 03:32 remaining: 00:00]
RUNNING: |          | 197/? [elapsed: 03:42 remaining: 00:00]
RUNNING: |          | 207/? [elapsed: 03:42 remaining: 00:00]
                                                             

RUNNING: |          | 207/? [elapsed: 03:42 remaining: 00:00]
RUNNING: |          | 207/? [elapsed: 03:48 remaining: 00:00]
RUNNING: |          | 212/? [elapsed: 03:48 remaining: 00:00]
                                                             

RUNNING: |          | 212/? [elapsed: 03:48 remaining: 00:00]
RUNNING: |          | 212/? [elapsed: 03:53 remaining: 00:00]
RUNNING: |          | 217/? [elapsed: 03:53 remaining: 00:00]
                                                             

RUNNING: |          | 217/? [elapsed: 03:53 remaining: 00:00]
RUNNING: |          | 217/? [elapsed: 04:01 remaining: 00:00]
RUNNING: |          | 224/? [elapsed: 04:01 remaining: 00:00]
                                                             

RUNNING: |          | 224/? [elapsed: 04:01 remaining: 00:00]
COMPLETE: |          | 224/? [elapsed: 04:08 remaining: 00:00]
COMPLETE: |          | 224/? [elapsed: 04:10 remaining: 00:00]
2026-06-23 02:01:02,819 Sleeping for 8s. Reason: PENDING
2026-06-23 02:01:11,298 Sleeping for 5s. Reason: RUNNING
2026-06-23 02:01:16,762 Sleeping for 7s. Reason: RUNNING
2026-06-23 02:01:24,246 Sleeping for 10s. Reason: RUNNING
2026-06-23 02:01:34,728 Sleeping for 10s. Reason: RUNNING
2026-06-23 02:01:45,235 Sleeping for 6s. Reason: RUNNING
2026-06-23 02:01:51,723 Sleeping for 10s. Reason: RUNNING
2026-06-23 02:02:02,183 Sleeping for 9s. Reason: RUNNING
2026-06-23 02:02:11,674 Sleeping for 5s. Reason: RUNNING
2026-06-23 02:02:17,162 Sleeping for 5s. Reason: RUNNING
2026-06-23 02:02:22,650 Sleeping for 5s. Reason: RUNNING
2026-06-23 02:02:28,131 Sleeping for 6s. Reason: RUNNING
2026-06-23 02:02:34,598 Sleeping for 8s. Reason: RUNNING
2026-06-23 02:02:43,075 Sleeping for 6s. Reason: RUNNING
2026-06-23 02:02:49,572 Sleeping for 8s. Reason: RUNNING
2026-06-23 02:02:58,065 Sleeping for 5s. Reason: RUNNING
2026-06-23 02:03:03,519 Sleeping for 7s. Reason: RUNNING
2026-06-23 02:03:11,003 Sleeping for 5s. Reason: RUNNING
2026-06-23 02:03:16,499 Sleeping for 8s. Reason: RUNNING
2026-06-23 02:03:24,981 Sleeping for 9s. Reason: RUNNING
2026-06-23 02:03:34,467 Sleeping for 5s. Reason: RUNNING
2026-06-23 02:03:39,948 Sleeping for 7s. Reason: RUNNING
2026-06-23 02:03:47,632 Sleeping for 8s. Reason: RUNNING
2026-06-23 02:03:56,127 Sleeping for 7s. Reason: RUNNING
2026-06-23 02:04:03,636 Sleeping for 7s. Reason: RUNNING
2026-06-23 02:04:11,130 Sleeping for 5s. Reason: RUNNING
2026-06-23 02:04:16,624 Sleeping for 5s. Reason: RUNNING
2026-06-23 02:04:22,083 Sleeping for 5s. Reason: RUNNING
2026-06-23 02:04:27,555 Sleeping for 6s. Reason: RUNNING
2026-06-23 02:04:34,029 Sleeping for 10s. Reason: RUNNING
2026-06-23 02:04:44,517 Sleeping for 5s. Reason: RUNNING
2026-06-23 02:04:49,970 Sleeping for 5s. Reason: RUNNING
2026-06-23 02:04:55,448 Sleeping for 7s. Reason: RUNNING
2026-06-23 02:05:02,974 Sleeping for 7s. Reason: RUNNING
2026-06-23 02:05:27,075 Padding length to 906
2026-06-23 02:06:34,437 alphafold2_ptm_model_1_seed_000 recycle=0 pLDDT=81.4 pTM=0.628
2026-06-23 02:07:40,494 alphafold2_ptm_model_1_seed_000 recycle=1 pLDDT=81.7 pTM=0.645 tol=4.52
2026-06-23 02:07:40,496 alphafold2_ptm_model_1_seed_000 took 133.4s (1 recycles)
2026-06-23 02:07:41,321 reranking models by 'plddt' metric
2026-06-23 02:07:41,321 rank_001_alphafold2_ptm_model_1_seed_000 pLDDT=81.7 pTM=0.645
2026-06-23 02:07:42,362 Query 30/62: Vitis_vinifera_g370750.p01_VCORE (length 903)
    folding 30/62 · Vitis_vinifera_g370750.p01_VCORE (903 aa)

  0%|          | 0/150 [elapsed: 00:00 remaining: ?]
SUBMIT:   0%|          | 0/150 [elapsed: 00:00 remaining: ?]
PENDING:   0%|          | 0/150 [elapsed: 00:00 remaining: ?]
                                                             

PENDING:   0%|          | 0/150 [elapsed: 00:00 remaining: ?]
PENDING:   0%|          | 0/150 [elapsed: 00:08 remaining: ?]
                                                             

PENDING:   0%|          | 0/150 [elapsed: 00:08 remaining: ?]
RUNNING:   0%|          | 0/150 [elapsed: 00:16 remaining: ?]
RUNNING:   5%|▍         | 7/150 [elapsed: 00:16 remaining: 05:36]
                                                                 

RUNNING:   5%|▍         | 7/150 [elapsed: 00:16 remaining: 05:36]
RUNNING:   5%|▍         | 7/150 [elapsed: 00:26 remaining: 05:36]
RUNNING:  11%|█▏        | 17/150 [elapsed: 00:26 remaining: 03:16]
                                                                  

RUNNING:  11%|█▏        | 17/150 [elapsed: 00:26 remaining: 03:16]
RUNNING:  11%|█▏        | 17/150 [elapsed: 00:34 remaining: 03:16]
RUNNING:  16%|█▌        | 24/150 [elapsed: 00:34 remaining: 02:45]
                                                                  

RUNNING:  16%|█▌        | 24/150 [elapsed: 00:34 remaining: 02:45]
RUNNING:  16%|█▌        | 24/150 [elapsed: 00:46 remaining: 02:45]
RUNNING:  23%|██▎       | 34/150 [elapsed: 00:46 remaining: 02:24]
                                                                  

RUNNING:  23%|██▎       | 34/150 [elapsed: 00:46 remaining: 02:24]
RUNNING:  23%|██▎       | 34/150 [elapsed: 00:51 remaining: 02:24]
RUNNING:  26%|██▌       | 39/150 [elapsed: 00:51 remaining: 02:14]
                                                                  

RUNNING:  26%|██▌       | 39/150 [elapsed: 00:51 remaining: 02:14]
RUNNING:  26%|██▌       | 39/150 [elapsed: 00:57 remaining: 02:14]
RUNNING:  29%|██▉       | 44/150 [elapsed: 00:57 remaining: 02:05]
                                                                  

RUNNING:  29%|██▉       | 44/150 [elapsed: 00:57 remaining: 02:05]
RUNNING:  29%|██▉       | 44/150 [elapsed: 01:03 remaining: 02:05]
RUNNING:  33%|███▎      | 50/150 [elapsed: 01:03 remaining: 01:55]
                                                                  

RUNNING:  33%|███▎      | 50/150 [elapsed: 01:03 remaining: 01:55]
RUNNING:  33%|███▎      | 50/150 [elapsed: 01:13 remaining: 01:55]
RUNNING:  39%|███▉      | 59/150 [elapsed: 01:13 remaining: 01:41]
                                                                  

RUNNING:  39%|███▉      | 59/150 [elapsed: 01:13 remaining: 01:41]
RUNNING:  39%|███▉      | 59/150 [elapsed: 01:18 remaining: 01:41]
RUNNING:  43%|████▎     | 64/150 [elapsed: 01:18 remaining: 01:35]
                                                                  

RUNNING:  43%|████▎     | 64/150 [elapsed: 01:18 remaining: 01:35]
RUNNING:  43%|████▎     | 64/150 [elapsed: 01:26 remaining: 01:35]
RUNNING:  47%|████▋     | 71/150 [elapsed: 01:26 remaining: 01:26]
                                                                  

RUNNING:  47%|████▋     | 71/150 [elapsed: 01:26 remaining: 01:26]
RUNNING:  47%|████▋     | 71/150 [elapsed: 01:32 remaining: 01:26]
RUNNING:  51%|█████▏    | 77/150 [elapsed: 01:32 remaining: 01:19]
                                                                  

RUNNING:  51%|█████▏    | 77/150 [elapsed: 01:32 remaining: 01:19]
RUNNING:  51%|█████▏    | 77/150 [elapsed: 01:42 remaining: 01:19]
RUNNING:  57%|█████▋    | 86/150 [elapsed: 01:42 remaining: 01:08]
                                                                  

RUNNING:  57%|█████▋    | 86/150 [elapsed: 01:42 remaining: 01:08]
RUNNING:  57%|█████▋    | 86/150 [elapsed: 01:50 remaining: 01:08]
RUNNING:  63%|██████▎   | 94/150 [elapsed: 01:50 remaining: 01:00]
                                                                  

RUNNING:  63%|██████▎   | 94/150 [elapsed: 01:50 remaining: 01:00]
RUNNING:  63%|██████▎   | 94/150 [elapsed: 01:56 remaining: 01:00]
RUNNING:  67%|██████▋   | 100/150 [elapsed: 01:56 remaining: 00:53]
                                                                   

RUNNING:  67%|██████▋   | 100/150 [elapsed: 01:56 remaining: 00:53]
RUNNING:  67%|██████▋   | 100/150 [elapsed: 02:02 remaining: 00:53]
RUNNING:  70%|███████   | 105/150 [elapsed: 02:02 remaining: 00:48]
                                                                   

RUNNING:  70%|███████   | 105/150 [elapsed: 02:02 remaining: 00:48]
RUNNING:  70%|███████   | 105/150 [elapsed: 02:11 remaining: 00:48]
RUNNING:  76%|███████▌  | 114/150 [elapsed: 02:11 remaining: 00:38]
                                                                   

RUNNING:  76%|███████▌  | 114/150 [elapsed: 02:11 remaining: 00:38]
RUNNING:  76%|███████▌  | 114/150 [elapsed: 02:17 remaining: 00:38]
RUNNING:  79%|███████▉  | 119/150 [elapsed: 02:17 remaining: 00:33]
                                                                   

RUNNING:  79%|███████▉  | 119/150 [elapsed: 02:17 remaining: 00:33]
RUNNING:  79%|███████▉  | 119/150 [elapsed: 02:23 remaining: 00:33]
RUNNING:  83%|████████▎ | 125/150 [elapsed: 02:23 remaining: 00:26]
                                                                   

RUNNING:  83%|████████▎ | 125/150 [elapsed: 02:23 remaining: 00:26]
RUNNING:  83%|████████▎ | 125/150 [elapsed: 02:33 remaining: 00:26]
RUNNING:  89%|████████▉ | 134/150 [elapsed: 02:33 remaining: 00:17]
                                                                   

RUNNING:  89%|████████▉ | 134/150 [elapsed: 02:33 remaining: 00:17]
RUNNING:  89%|████████▉ | 134/150 [elapsed: 02:38 remaining: 00:17]
RUNNING:  93%|█████████▎| 139/150 [elapsed: 02:38 remaining: 00:11]
                                                                   

RUNNING:  93%|█████████▎| 139/150 [elapsed: 02:38 remaining: 00:11]
RUNNING:  93%|█████████▎| 139/150 [elapsed: 02:49 remaining: 00:11]
RUNNING:  99%|█████████▉| 149/150 [elapsed: 02:49 remaining: 00:01]
                                                                   

RUNNING:  99%|█████████▉| 149/150 [elapsed: 02:49 remaining: 00:01]
RUNNING:  99%|█████████▉| 149/150 [elapsed: 02:56 remaining: 00:01]
RUNNING: |          | 156/? [elapsed: 02:56 remaining: 00:00]      
                                                             

RUNNING: |          | 156/? [elapsed: 02:56 remaining: 00:00]
RUNNING: |          | 156/? [elapsed: 03:02 remaining: 00:00]
RUNNING: |          | 161/? [elapsed: 03:02 remaining: 00:00]
                                                             

RUNNING: |          | 161/? [elapsed: 03:02 remaining: 00:00]
RUNNING: |          | 161/? [elapsed: 03:11 remaining: 00:00]
RUNNING: |          | 170/? [elapsed: 03:11 remaining: 00:00]
                                                             

RUNNING: |          | 170/? [elapsed: 03:11 remaining: 00:00]
RUNNING: |          | 170/? [elapsed: 03:19 remaining: 00:00]
RUNNING: |          | 177/? [elapsed: 03:19 remaining: 00:00]
                                                             

RUNNING: |          | 177/? [elapsed: 03:19 remaining: 00:00]
RUNNING: |          | 177/? [elapsed: 03:27 remaining: 00:00]
RUNNING: |          | 185/? [elapsed: 03:27 remaining: 00:00]
                                                             

RUNNING: |          | 185/? [elapsed: 03:27 remaining: 00:00]
RUNNING: |          | 185/? [elapsed: 03:33 remaining: 00:00]
RUNNING: |          | 190/? [elapsed: 03:33 remaining: 00:00]
                                                             

RUNNING: |          | 190/? [elapsed: 03:33 remaining: 00:00]
RUNNING: |          | 190/? [elapsed: 03:40 remaining: 00:00]
RUNNING: |          | 197/? [elapsed: 03:40 remaining: 00:00]
                                                             

RUNNING: |          | 197/? [elapsed: 03:40 remaining: 00:00]
RUNNING: |          | 197/? [elapsed: 03:46 remaining: 00:00]
RUNNING: |          | 202/? [elapsed: 03:46 remaining: 00:00]
                                                             

RUNNING: |          | 202/? [elapsed: 03:46 remaining: 00:00]
RUNNING: |          | 202/? [elapsed: 03:53 remaining: 00:00]
RUNNING: |          | 209/? [elapsed: 03:53 remaining: 00:00]
                                                             

RUNNING: |          | 209/? [elapsed: 03:53 remaining: 00:00]
RUNNING: |          | 209/? [elapsed: 04:04 remaining: 00:00]
RUNNING: |          | 219/? [elapsed: 04:04 remaining: 00:00]
                                                             

RUNNING: |          | 219/? [elapsed: 04:04 remaining: 00:00]
RUNNING: |          | 219/? [elapsed: 04:09 remaining: 00:00]
RUNNING: |          | 224/? [elapsed: 04:09 remaining: 00:00]
                                                             

RUNNING: |          | 224/? [elapsed: 04:09 remaining: 00:00]
RUNNING: |          | 224/? [elapsed: 04:17 remaining: 00:00]
RUNNING: |          | 231/? [elapsed: 04:17 remaining: 00:00]
                                                             

RUNNING: |          | 231/? [elapsed: 04:17 remaining: 00:00]
RUNNING: |          | 231/? [elapsed: 04:25 remaining: 00:00]
RUNNING: |          | 239/? [elapsed: 04:25 remaining: 00:00]
                                                             

RUNNING: |          | 239/? [elapsed: 04:25 remaining: 00:00]
RUNNING: |          | 239/? [elapsed: 04:33 remaining: 00:00]
RUNNING: |          | 246/? [elapsed: 04:33 remaining: 00:00]
                                                             

RUNNING: |          | 246/? [elapsed: 04:33 remaining: 00:00]
RUNNING: |          | 246/? [elapsed: 04:42 remaining: 00:00]
RUNNING: |          | 255/? [elapsed: 04:42 remaining: 00:00]
                                                             

RUNNING: |          | 255/? [elapsed: 04:42 remaining: 00:00]
COMPLETE: |          | 255/? [elapsed: 04:50 remaining: 00:00]
COMPLETE: |          | 255/? [elapsed: 04:51 remaining: 00:00]
2026-06-23 02:07:42,855 Sleeping for 8s. Reason: PENDING
2026-06-23 02:07:51,313 Sleeping for 7s. Reason: PENDING
2026-06-23 02:07:58,815 Sleeping for 10s. Reason: RUNNING
2026-06-23 02:08:09,345 Sleeping for 7s. Reason: RUNNING
2026-06-23 02:08:16,806 Sleeping for 10s. Reason: RUNNING
2026-06-23 02:08:28,505 Sleeping for 5s. Reason: RUNNING
2026-06-23 02:08:34,013 Sleeping for 5s. Reason: RUNNING
2026-06-23 02:08:39,482 Sleeping for 6s. Reason: RUNNING
2026-06-23 02:08:45,993 Sleeping for 9s. Reason: RUNNING
2026-06-23 02:08:55,467 Sleeping for 5s. Reason: RUNNING
2026-06-23 02:09:00,953 Sleeping for 7s. Reason: RUNNING
2026-06-23 02:09:08,440 Sleeping for 6s. Reason: RUNNING
2026-06-23 02:09:14,894 Sleeping for 9s. Reason: RUNNING
2026-06-23 02:09:24,397 Sleeping for 8s. Reason: RUNNING
2026-06-23 02:09:32,875 Sleeping for 6s. Reason: RUNNING
2026-06-23 02:09:39,330 Sleeping for 5s. Reason: RUNNING
2026-06-23 02:09:44,830 Sleeping for 9s. Reason: RUNNING
2026-06-23 02:09:54,346 Sleeping for 5s. Reason: RUNNING
2026-06-23 02:09:59,831 Sleeping for 6s. Reason: RUNNING
2026-06-23 02:10:06,327 Sleeping for 9s. Reason: RUNNING
2026-06-23 02:10:15,792 Sleeping for 5s. Reason: RUNNING
2026-06-23 02:10:21,293 Sleeping for 10s. Reason: RUNNING
2026-06-23 02:10:31,782 Sleeping for 7s. Reason: RUNNING
2026-06-23 02:10:39,256 Sleeping for 5s. Reason: RUNNING
2026-06-23 02:10:44,758 Sleeping for 9s. Reason: RUNNING
2026-06-23 02:10:54,227 Sleeping for 7s. Reason: RUNNING
2026-06-23 02:11:01,719 Sleeping for 8s. Reason: RUNNING
2026-06-23 02:11:10,177 Sleeping for 5s. Reason: RUNNING
2026-06-23 02:11:15,682 Sleeping for 7s. Reason: RUNNING
2026-06-23 02:11:23,168 Sleeping for 5s. Reason: RUNNING
2026-06-23 02:11:28,694 Sleeping for 7s. Reason: RUNNING
2026-06-23 02:11:36,184 Sleeping for 10s. Reason: RUNNING
2026-06-23 02:11:46,668 Sleeping for 5s. Reason: RUNNING
2026-06-23 02:11:52,155 Sleeping for 7s. Reason: RUNNING
2026-06-23 02:11:59,636 Sleeping for 8s. Reason: RUNNING
2026-06-23 02:12:08,136 Sleeping for 7s. Reason: RUNNING
2026-06-23 02:12:15,614 Sleeping for 9s. Reason: RUNNING
2026-06-23 02:12:25,105 Sleeping for 7s. Reason: RUNNING
2026-06-23 02:12:53,680 Padding length to 906
2026-06-23 02:14:00,334 alphafold2_ptm_model_1_seed_000 recycle=0 pLDDT=75.6 pTM=0.523
2026-06-23 02:15:06,300 alphafold2_ptm_model_1_seed_000 recycle=1 pLDDT=77 pTM=0.537 tol=7.95
2026-06-23 02:15:06,301 alphafold2_ptm_model_1_seed_000 took 132.6s (1 recycles)
2026-06-23 02:15:07,244 reranking models by 'plddt' metric
2026-06-23 02:15:07,244 rank_001_alphafold2_ptm_model_1_seed_000 pLDDT=77 pTM=0.537
2026-06-23 02:15:08,366 Query 31/62: Vitis_vinifera_g480270.p01_VCORE (length 907)
    folding 31/62 · Vitis_vinifera_g480270.p01_VCORE (907 aa)

  0%|          | 0/150 [elapsed: 00:00 remaining: ?]
SUBMIT:   0%|          | 0/150 [elapsed: 00:00 remaining: ?]
PENDING:   0%|          | 0/150 [elapsed: 00:00 remaining: ?]
                                                             

PENDING:   0%|          | 0/150 [elapsed: 00:00 remaining: ?]
RUNNING:   0%|          | 0/150 [elapsed: 00:08 remaining: ?]
RUNNING:   5%|▍         | 7/150 [elapsed: 00:08 remaining: 02:44]
                                                                 

RUNNING:   5%|▍         | 7/150 [elapsed: 00:08 remaining: 02:44]
RUNNING:   5%|▍         | 7/150 [elapsed: 00:16 remaining: 02:44]
RUNNING:  10%|█         | 15/150 [elapsed: 00:16 remaining: 02:30]
                                                                  

RUNNING:  10%|█         | 15/150 [elapsed: 00:16 remaining: 02:30]
RUNNING:  10%|█         | 15/150 [elapsed: 00:23 remaining: 02:30]
RUNNING:  14%|█▍        | 21/150 [elapsed: 00:23 remaining: 02:22]
                                                                  

RUNNING:  14%|█▍        | 21/150 [elapsed: 00:23 remaining: 02:22]
RUNNING:  14%|█▍        | 21/150 [elapsed: 00:31 remaining: 02:22]
RUNNING:  19%|█▉        | 29/150 [elapsed: 00:31 remaining: 02:11]
                                                                  

RUNNING:  19%|█▉        | 29/150 [elapsed: 00:31 remaining: 02:11]
RUNNING:  19%|█▉        | 29/150 [elapsed: 00:37 remaining: 02:11]
RUNNING:  23%|██▎       | 34/150 [elapsed: 00:37 remaining: 02:06]
                                                                  

RUNNING:  23%|██▎       | 34/150 [elapsed: 00:37 remaining: 02:06]
RUNNING:  23%|██▎       | 34/150 [elapsed: 00:45 remaining: 02:06]
RUNNING:  28%|██▊       | 42/150 [elapsed: 00:45 remaining: 01:56]
                                                                  

RUNNING:  28%|██▊       | 42/150 [elapsed: 00:45 remaining: 01:56]
RUNNING:  28%|██▊       | 42/150 [elapsed: 00:53 remaining: 01:56]
RUNNING:  33%|███▎      | 49/150 [elapsed: 00:53 remaining: 01:48]
                                                                  

RUNNING:  33%|███▎      | 49/150 [elapsed: 00:53 remaining: 01:48]
RUNNING:  33%|███▎      | 49/150 [elapsed: 01:00 remaining: 01:48]
RUNNING:  37%|███▋      | 56/150 [elapsed: 01:00 remaining: 01:41]
                                                                  

RUNNING:  37%|███▋      | 56/150 [elapsed: 01:00 remaining: 01:41]
RUNNING:  37%|███▋      | 56/150 [elapsed: 01:07 remaining: 01:41]
RUNNING:  41%|████▏     | 62/150 [elapsed: 01:07 remaining: 01:34]
                                                                  

RUNNING:  41%|████▏     | 62/150 [elapsed: 01:07 remaining: 01:34]
RUNNING:  41%|████▏     | 62/150 [elapsed: 01:12 remaining: 01:34]
RUNNING:  45%|████▍     | 67/150 [elapsed: 01:12 remaining: 01:29]
                                                                  

RUNNING:  45%|████▍     | 67/150 [elapsed: 01:12 remaining: 01:29]
RUNNING:  45%|████▍     | 67/150 [elapsed: 01:18 remaining: 01:29]
RUNNING:  48%|████▊     | 72/150 [elapsed: 01:18 remaining: 01:24]
                                                                  

RUNNING:  48%|████▊     | 72/150 [elapsed: 01:18 remaining: 01:24]
RUNNING:  48%|████▊     | 72/150 [elapsed: 01:27 remaining: 01:24]
RUNNING:  54%|█████▍    | 81/150 [elapsed: 01:27 remaining: 01:14]
                                                                  

RUNNING:  54%|█████▍    | 81/150 [elapsed: 01:27 remaining: 01:14]
RUNNING:  54%|█████▍    | 81/150 [elapsed: 01:34 remaining: 01:14]
RUNNING:  58%|█████▊    | 87/150 [elapsed: 01:34 remaining: 01:07]
                                                                  

RUNNING:  58%|█████▊    | 87/150 [elapsed: 01:34 remaining: 01:07]
RUNNING:  58%|█████▊    | 87/150 [elapsed: 01:41 remaining: 01:07]
RUNNING:  63%|██████▎   | 94/150 [elapsed: 01:41 remaining: 01:00]
                                                                  

RUNNING:  63%|██████▎   | 94/150 [elapsed: 01:41 remaining: 01:00]
RUNNING:  63%|██████▎   | 94/150 [elapsed: 01:51 remaining: 01:00]
RUNNING:  69%|██████▊   | 103/150 [elapsed: 01:51 remaining: 00:50]
                                                                   

RUNNING:  69%|██████▊   | 103/150 [elapsed: 01:51 remaining: 00:50]
RUNNING:  69%|██████▊   | 103/150 [elapsed: 01:56 remaining: 00:50]
RUNNING:  72%|███████▏  | 108/150 [elapsed: 01:56 remaining: 00:45]
                                                                   

RUNNING:  72%|███████▏  | 108/150 [elapsed: 01:56 remaining: 00:45]
RUNNING:  72%|███████▏  | 108/150 [elapsed: 02:05 remaining: 00:45]
RUNNING:  77%|███████▋  | 116/150 [elapsed: 02:05 remaining: 00:36]
                                                                   

RUNNING:  77%|███████▋  | 116/150 [elapsed: 02:05 remaining: 00:36]
RUNNING:  77%|███████▋  | 116/150 [elapsed: 02:10 remaining: 00:36]
RUNNING:  81%|████████  | 121/150 [elapsed: 02:10 remaining: 00:31]
                                                                   

RUNNING:  81%|████████  | 121/150 [elapsed: 02:10 remaining: 00:31]
RUNNING:  81%|████████  | 121/150 [elapsed: 02:17 remaining: 00:31]
RUNNING:  85%|████████▍ | 127/150 [elapsed: 02:17 remaining: 00:24]
                                                                   

RUNNING:  85%|████████▍ | 127/150 [elapsed: 02:17 remaining: 00:24]
RUNNING:  85%|████████▍ | 127/150 [elapsed: 02:27 remaining: 00:24]
RUNNING:  91%|█████████▏| 137/150 [elapsed: 02:27 remaining: 00:13]
                                                                   

RUNNING:  91%|█████████▏| 137/150 [elapsed: 02:27 remaining: 00:13]
RUNNING:  91%|█████████▏| 137/150 [elapsed: 02:35 remaining: 00:13]
RUNNING:  96%|█████████▌| 144/150 [elapsed: 02:35 remaining: 00:06]
                                                                   

RUNNING:  96%|█████████▌| 144/150 [elapsed: 02:35 remaining: 00:06]
RUNNING:  96%|█████████▌| 144/150 [elapsed: 02:45 remaining: 00:06]
RUNNING: |          | 154/? [elapsed: 02:45 remaining: 00:00]      
                                                             

RUNNING: |          | 154/? [elapsed: 02:45 remaining: 00:00]
RUNNING: |          | 154/? [elapsed: 02:54 remaining: 00:00]
RUNNING: |          | 162/? [elapsed: 02:54 remaining: 00:00]
                                                             

RUNNING: |          | 162/? [elapsed: 02:54 remaining: 00:00]
RUNNING: |          | 162/? [elapsed: 03:03 remaining: 00:00]
RUNNING: |          | 171/? [elapsed: 03:03 remaining: 00:00]
                                                             

RUNNING: |          | 171/? [elapsed: 03:03 remaining: 00:00]
RUNNING: |          | 171/? [elapsed: 03:09 remaining: 00:00]
RUNNING: |          | 176/? [elapsed: 03:09 remaining: 00:00]
                                                             

RUNNING: |          | 176/? [elapsed: 03:09 remaining: 00:00]
RUNNING: |          | 176/? [elapsed: 03:15 remaining: 00:00]
RUNNING: |          | 182/? [elapsed: 03:15 remaining: 00:00]
                                                             

RUNNING: |          | 182/? [elapsed: 03:15 remaining: 00:00]
RUNNING: |          | 182/? [elapsed: 03:24 remaining: 00:00]
RUNNING: |          | 190/? [elapsed: 03:24 remaining: 00:00]
                                                             

RUNNING: |          | 190/? [elapsed: 03:24 remaining: 00:00]
RUNNING: |          | 190/? [elapsed: 03:31 remaining: 00:00]
RUNNING: |          | 196/? [elapsed: 03:31 remaining: 00:00]
                                                             

RUNNING: |          | 196/? [elapsed: 03:31 remaining: 00:00]
RUNNING: |          | 196/? [elapsed: 03:37 remaining: 00:00]
RUNNING: |          | 202/? [elapsed: 03:37 remaining: 00:00]
                                                             

RUNNING: |          | 202/? [elapsed: 03:37 remaining: 00:00]
COMPLETE: |          | 202/? [elapsed: 03:47 remaining: 00:00]
COMPLETE: |          | 202/? [elapsed: 03:48 remaining: 00:00]
2026-06-23 02:15:08,872 Sleeping for 7s. Reason: PENDING
2026-06-23 02:15:16,405 Sleeping for 8s. Reason: RUNNING
2026-06-23 02:15:25,159 Sleeping for 6s. Reason: RUNNING
2026-06-23 02:15:31,649 Sleeping for 8s. Reason: RUNNING
2026-06-23 02:15:40,155 Sleeping for 5s. Reason: RUNNING
2026-06-23 02:15:45,678 Sleeping for 8s. Reason: RUNNING
2026-06-23 02:15:54,194 Sleeping for 7s. Reason: RUNNING
2026-06-23 02:16:01,693 Sleeping for 7s. Reason: RUNNING
2026-06-23 02:16:09,202 Sleeping for 6s. Reason: RUNNING
2026-06-23 02:16:15,670 Sleeping for 5s. Reason: RUNNING
2026-06-23 02:16:21,172 Sleeping for 5s. Reason: RUNNING
2026-06-23 02:16:26,639 Sleeping for 9s. Reason: RUNNING
2026-06-23 02:16:36,126 Sleeping for 6s. Reason: RUNNING
2026-06-23 02:16:42,641 Sleeping for 7s. Reason: RUNNING
2026-06-23 02:16:50,129 Sleeping for 9s. Reason: RUNNING
2026-06-23 02:16:59,601 Sleeping for 5s. Reason: RUNNING
2026-06-23 02:17:05,089 Sleeping for 8s. Reason: RUNNING
2026-06-23 02:17:13,565 Sleeping for 5s. Reason: RUNNING
2026-06-23 02:17:19,043 Sleeping for 6s. Reason: RUNNING
2026-06-23 02:17:25,539 Sleeping for 10s. Reason: RUNNING
2026-06-23 02:17:36,040 Sleeping for 7s. Reason: RUNNING
2026-06-23 02:17:43,545 Sleeping for 10s. Reason: RUNNING
2026-06-23 02:17:54,114 Sleeping for 8s. Reason: RUNNING
2026-06-23 02:18:02,604 Sleeping for 9s. Reason: RUNNING
2026-06-23 02:18:12,072 Sleeping for 5s. Reason: RUNNING
2026-06-23 02:18:17,564 Sleeping for 6s. Reason: RUNNING
2026-06-23 02:18:24,056 Sleeping for 8s. Reason: RUNNING
2026-06-23 02:18:33,125 Sleeping for 6s. Reason: RUNNING
2026-06-23 02:18:39,621 Sleeping for 6s. Reason: RUNNING
2026-06-23 02:18:46,104 Sleeping for 9s. Reason: RUNNING
2026-06-23 02:19:29,727 Padding length to 917
2026-06-23 02:21:28,073 alphafold2_ptm_model_1_seed_000 recycle=0 pLDDT=85.6 pTM=0.688
2026-06-23 02:22:36,554 alphafold2_ptm_model_1_seed_000 recycle=1 pLDDT=86.6 pTM=0.714 tol=4.53
2026-06-23 02:22:36,556 alphafold2_ptm_model_1_seed_000 took 186.8s (1 recycles)
2026-06-23 02:22:37,513 reranking models by 'plddt' metric
2026-06-23 02:22:37,513 rank_001_alphafold2_ptm_model_1_seed_000 pLDDT=86.6 pTM=0.714
2026-06-23 02:22:38,634 Query 32/62: Vitis_vinifera_g484580.p01_VCORE (length 909)
    folding 32/62 · Vitis_vinifera_g484580.p01_VCORE (909 aa)

  0%|          | 0/150 [elapsed: 00:00 remaining: ?]
SUBMIT:   0%|          | 0/150 [elapsed: 00:00 remaining: ?]
PENDING:   0%|          | 0/150 [elapsed: 00:00 remaining: ?]
                                                             

PENDING:   0%|          | 0/150 [elapsed: 00:00 remaining: ?]
RUNNING:   0%|          | 0/150 [elapsed: 00:07 remaining: ?]
RUNNING:   5%|▍         | 7/150 [elapsed: 00:07 remaining: 02:42]
                                                                 

RUNNING:   5%|▍         | 7/150 [elapsed: 00:07 remaining: 02:42]
RUNNING:   5%|▍         | 7/150 [elapsed: 00:13 remaining: 02:42]
RUNNING:   8%|▊         | 12/150 [elapsed: 00:13 remaining: 02:34]
                                                                  

RUNNING:   8%|▊         | 12/150 [elapsed: 00:13 remaining: 02:34]
RUNNING:   8%|▊         | 12/150 [elapsed: 00:20 remaining: 02:34]
RUNNING:  13%|█▎        | 19/150 [elapsed: 00:20 remaining: 02:23]
                                                                  

RUNNING:  13%|█▎        | 19/150 [elapsed: 00:20 remaining: 02:23]
RUNNING:  13%|█▎        | 19/150 [elapsed: 00:31 remaining: 02:23]
RUNNING:  19%|█▉        | 29/150 [elapsed: 00:31 remaining: 02:09]
                                                                  

RUNNING:  19%|█▉        | 29/150 [elapsed: 00:31 remaining: 02:09]
RUNNING:  19%|█▉        | 29/150 [elapsed: 00:39 remaining: 02:09]
RUNNING:  25%|██▍       | 37/150 [elapsed: 00:39 remaining: 02:00]
                                                                  

RUNNING:  25%|██▍       | 37/150 [elapsed: 00:39 remaining: 02:00]
RUNNING:  25%|██▍       | 37/150 [elapsed: 00:48 remaining: 02:00]
RUNNING:  30%|███       | 45/150 [elapsed: 00:48 remaining: 01:51]
                                                                  

RUNNING:  30%|███       | 45/150 [elapsed: 00:48 remaining: 01:51]
RUNNING:  30%|███       | 45/150 [elapsed: 00:53 remaining: 01:51]
RUNNING:  33%|███▎      | 50/150 [elapsed: 00:53 remaining: 01:47]
                                                                  

RUNNING:  33%|███▎      | 50/150 [elapsed: 00:53 remaining: 01:47]
RUNNING:  33%|███▎      | 50/150 [elapsed: 01:00 remaining: 01:47]
RUNNING:  37%|███▋      | 56/150 [elapsed: 01:00 remaining: 01:41]
                                                                  

RUNNING:  37%|███▋      | 56/150 [elapsed: 01:00 remaining: 01:41]
RUNNING:  37%|███▋      | 56/150 [elapsed: 01:09 remaining: 01:41]
RUNNING:  43%|████▎     | 65/150 [elapsed: 01:09 remaining: 01:30]
                                                                  

RUNNING:  43%|████▎     | 65/150 [elapsed: 01:09 remaining: 01:30]
RUNNING:  43%|████▎     | 65/150 [elapsed: 01:20 remaining: 01:30]
RUNNING:  50%|█████     | 75/150 [elapsed: 01:20 remaining: 01:19]
                                                                  

RUNNING:  50%|█████     | 75/150 [elapsed: 01:20 remaining: 01:19]
RUNNING:  50%|█████     | 75/150 [elapsed: 01:25 remaining: 01:19]
RUNNING:  53%|█████▎    | 80/150 [elapsed: 01:25 remaining: 01:14]
                                                                  

RUNNING:  53%|█████▎    | 80/150 [elapsed: 01:25 remaining: 01:14]
RUNNING:  53%|█████▎    | 80/150 [elapsed: 01:34 remaining: 01:14]
RUNNING:  59%|█████▊    | 88/150 [elapsed: 01:34 remaining: 01:06]
                                                                  

RUNNING:  59%|█████▊    | 88/150 [elapsed: 01:34 remaining: 01:06]
RUNNING:  59%|█████▊    | 88/150 [elapsed: 01:41 remaining: 01:06]
RUNNING:  63%|██████▎   | 95/150 [elapsed: 01:41 remaining: 00:58]
                                                                  

RUNNING:  63%|██████▎   | 95/150 [elapsed: 01:41 remaining: 00:58]
RUNNING:  63%|██████▎   | 95/150 [elapsed: 01:52 remaining: 00:58]
RUNNING:  70%|███████   | 105/150 [elapsed: 01:52 remaining: 00:47]
                                                                   

RUNNING:  70%|███████   | 105/150 [elapsed: 01:52 remaining: 00:47]
RUNNING:  70%|███████   | 105/150 [elapsed: 02:01 remaining: 00:47]
RUNNING:  76%|███████▌  | 114/150 [elapsed: 02:01 remaining: 00:38]
                                                                   

RUNNING:  76%|███████▌  | 114/150 [elapsed: 02:01 remaining: 00:38]
RUNNING:  76%|███████▌  | 114/150 [elapsed: 02:07 remaining: 00:38]
RUNNING:  79%|███████▉  | 119/150 [elapsed: 02:07 remaining: 00:33]
                                                                   

RUNNING:  79%|███████▉  | 119/150 [elapsed: 02:07 remaining: 00:33]
RUNNING:  79%|███████▉  | 119/150 [elapsed: 02:12 remaining: 00:33]
RUNNING:  83%|████████▎ | 124/150 [elapsed: 02:12 remaining: 00:27]
                                                                   

RUNNING:  83%|████████▎ | 124/150 [elapsed: 02:12 remaining: 00:27]
RUNNING:  83%|████████▎ | 124/150 [elapsed: 02:22 remaining: 00:27]
RUNNING:  89%|████████▊ | 133/150 [elapsed: 02:22 remaining: 00:18]
                                                                   

RUNNING:  89%|████████▊ | 133/150 [elapsed: 02:22 remaining: 00:18]
RUNNING:  89%|████████▊ | 133/150 [elapsed: 02:32 remaining: 00:18]
RUNNING:  95%|█████████▌| 143/150 [elapsed: 02:32 remaining: 00:07]
                                                                   

RUNNING:  95%|█████████▌| 143/150 [elapsed: 02:32 remaining: 00:07]
RUNNING:  95%|█████████▌| 143/150 [elapsed: 02:41 remaining: 00:07]
RUNNING: |          | 151/? [elapsed: 02:41 remaining: 00:00]      
                                                             

RUNNING: |          | 151/? [elapsed: 02:41 remaining: 00:00]
RUNNING: |          | 151/? [elapsed: 02:51 remaining: 00:00]
RUNNING: |          | 161/? [elapsed: 02:51 remaining: 00:00]
                                                             

RUNNING: |          | 161/? [elapsed: 02:51 remaining: 00:00]
RUNNING: |          | 161/? [elapsed: 02:57 remaining: 00:00]
RUNNING: |          | 166/? [elapsed: 02:57 remaining: 00:00]
                                                             

RUNNING: |          | 166/? [elapsed: 02:57 remaining: 00:00]
RUNNING: |          | 166/? [elapsed: 03:05 remaining: 00:00]
RUNNING: |          | 174/? [elapsed: 03:05 remaining: 00:00]
                                                             

RUNNING: |          | 174/? [elapsed: 03:05 remaining: 00:00]
RUNNING: |          | 174/? [elapsed: 03:13 remaining: 00:00]
RUNNING: |          | 181/? [elapsed: 03:13 remaining: 00:00]
                                                             

RUNNING: |          | 181/? [elapsed: 03:13 remaining: 00:00]
RUNNING: |          | 181/? [elapsed: 03:22 remaining: 00:00]
RUNNING: |          | 190/? [elapsed: 03:22 remaining: 00:00]
                                                             

RUNNING: |          | 190/? [elapsed: 03:22 remaining: 00:00]
RUNNING: |          | 190/? [elapsed: 03:33 remaining: 00:00]
RUNNING: |          | 200/? [elapsed: 03:33 remaining: 00:00]
                                                             

RUNNING: |          | 200/? [elapsed: 03:33 remaining: 00:00]
RUNNING: |          | 200/? [elapsed: 03:43 remaining: 00:00]
RUNNING: |          | 210/? [elapsed: 03:43 remaining: 00:00]
                                                             

RUNNING: |          | 210/? [elapsed: 03:43 remaining: 00:00]
RUNNING: |          | 210/? [elapsed: 03:54 remaining: 00:00]
RUNNING: |          | 220/? [elapsed: 03:54 remaining: 00:00]
                                                             

RUNNING: |          | 220/? [elapsed: 03:54 remaining: 00:00]
RUNNING: |          | 220/? [elapsed: 03:59 remaining: 00:00]
RUNNING: |          | 225/? [elapsed: 03:59 remaining: 00:00]
                                                             

RUNNING: |          | 225/? [elapsed: 03:59 remaining: 00:00]
RUNNING: |          | 225/? [elapsed: 04:06 remaining: 00:00]
RUNNING: |          | 231/? [elapsed: 04:06 remaining: 00:00]
                                                             

RUNNING: |          | 231/? [elapsed: 04:06 remaining: 00:00]
RUNNING: |          | 231/? [elapsed: 04:16 remaining: 00:00]
RUNNING: |          | 241/? [elapsed: 04:16 remaining: 00:00]
                                                             

RUNNING: |          | 241/? [elapsed: 04:16 remaining: 00:00]
RUNNING: |          | 241/? [elapsed: 04:27 remaining: 00:00]
RUNNING: |          | 251/? [elapsed: 04:27 remaining: 00:00]
                                                             

RUNNING: |          | 251/? [elapsed: 04:27 remaining: 00:00]
RUNNING: |          | 251/? [elapsed: 04:36 remaining: 00:00]
RUNNING: |          | 260/? [elapsed: 04:36 remaining: 00:00]
                                                             

RUNNING: |          | 260/? [elapsed: 04:36 remaining: 00:00]
RUNNING: |          | 260/? [elapsed: 04:43 remaining: 00:00]
RUNNING: |          | 266/? [elapsed: 04:43 remaining: 00:00]
                                                             

RUNNING: |          | 266/? [elapsed: 04:43 remaining: 00:00]
RUNNING: |          | 266/? [elapsed: 04:51 remaining: 00:00]
RUNNING: |          | 274/? [elapsed: 04:51 remaining: 00:00]
                                                             

RUNNING: |          | 274/? [elapsed: 04:51 remaining: 00:00]
RUNNING: |          | 274/? [elapsed: 05:00 remaining: 00:00]
RUNNING: |          | 282/? [elapsed: 05:00 remaining: 00:00]
                                                             

RUNNING: |          | 282/? [elapsed: 05:00 remaining: 00:00]
RUNNING: |          | 282/? [elapsed: 05:07 remaining: 00:00]
RUNNING: |          | 289/? [elapsed: 05:07 remaining: 00:00]
                                                             

RUNNING: |          | 289/? [elapsed: 05:07 remaining: 00:00]
RUNNING: |          | 289/? [elapsed: 05:14 remaining: 00:00]
RUNNING: |          | 295/? [elapsed: 05:14 remaining: 00:00]
                                                             

RUNNING: |          | 295/? [elapsed: 05:14 remaining: 00:00]
RUNNING: |          | 295/? [elapsed: 05:22 remaining: 00:00]
RUNNING: |          | 303/? [elapsed: 05:22 remaining: 00:00]
                                                             

RUNNING: |          | 303/? [elapsed: 05:22 remaining: 00:00]
RUNNING: |          | 303/? [elapsed: 05:33 remaining: 00:00]
RUNNING: |          | 313/? [elapsed: 05:33 remaining: 00:00]
                                                             

RUNNING: |          | 313/? [elapsed: 05:33 remaining: 00:00]
RUNNING: |          | 313/? [elapsed: 05:38 remaining: 00:00]
RUNNING: |          | 318/? [elapsed: 05:38 remaining: 00:00]
                                                             

RUNNING: |          | 318/? [elapsed: 05:38 remaining: 00:00]
RUNNING: |          | 318/? [elapsed: 05:44 remaining: 00:00]
RUNNING: |          | 323/? [elapsed: 05:44 remaining: 00:00]
                                                             

RUNNING: |          | 323/? [elapsed: 05:44 remaining: 00:00]
COMPLETE: |          | 323/? [elapsed: 05:52 remaining: 00:00]
COMPLETE: |          | 323/? [elapsed: 05:54 remaining: 00:00]
2026-06-23 02:22:39,136 Sleeping for 7s. Reason: PENDING
2026-06-23 02:22:46,603 Sleeping for 5s. Reason: RUNNING
2026-06-23 02:22:52,095 Sleeping for 7s. Reason: RUNNING
2026-06-23 02:22:59,564 Sleeping for 10s. Reason: RUNNING
2026-06-23 02:23:10,060 Sleeping for 8s. Reason: RUNNING
2026-06-23 02:23:18,568 Sleeping for 8s. Reason: RUNNING
2026-06-23 02:23:27,066 Sleeping for 5s. Reason: RUNNING
2026-06-23 02:23:32,539 Sleeping for 6s. Reason: RUNNING
2026-06-23 02:23:39,040 Sleeping for 9s. Reason: RUNNING
2026-06-23 02:23:48,511 Sleeping for 10s. Reason: RUNNING
2026-06-23 02:23:58,976 Sleeping for 5s. Reason: RUNNING
2026-06-23 02:24:04,469 Sleeping for 8s. Reason: RUNNING
2026-06-23 02:24:12,988 Sleeping for 7s. Reason: RUNNING
2026-06-23 02:24:20,474 Sleeping for 10s. Reason: RUNNING
2026-06-23 02:24:30,957 Sleeping for 9s. Reason: RUNNING
2026-06-23 02:24:40,433 Sleeping for 5s. Reason: RUNNING
2026-06-23 02:24:45,936 Sleeping for 5s. Reason: RUNNING
2026-06-23 02:24:51,429 Sleeping for 9s. Reason: RUNNING
2026-06-23 02:25:00,922 Sleeping for 10s. Reason: RUNNING
2026-06-23 02:25:11,401 Sleeping for 8s. Reason: RUNNING
2026-06-23 02:25:19,866 Sleeping for 10s. Reason: RUNNING
2026-06-23 02:25:30,382 Sleeping for 5s. Reason: RUNNING
2026-06-23 02:25:35,849 Sleeping for 8s. Reason: RUNNING
2026-06-23 02:25:44,334 Sleeping for 7s. Reason: RUNNING
2026-06-23 02:25:51,859 Sleeping for 9s. Reason: RUNNING
2026-06-23 02:26:01,324 Sleeping for 10s. Reason: RUNNING
2026-06-23 02:26:11,821 Sleeping for 10s. Reason: RUNNING
2026-06-23 02:26:22,303 Sleeping for 10s. Reason: RUNNING
2026-06-23 02:26:32,791 Sleeping for 5s. Reason: RUNNING
2026-06-23 02:26:38,277 Sleeping for 6s. Reason: RUNNING
2026-06-23 02:26:44,756 Sleeping for 10s. Reason: RUNNING
2026-06-23 02:26:55,242 Sleeping for 10s. Reason: RUNNING
2026-06-23 02:27:05,760 Sleeping for 9s. Reason: RUNNING
2026-06-23 02:27:15,241 Sleeping for 6s. Reason: RUNNING
2026-06-23 02:27:21,741 Sleeping for 8s. Reason: RUNNING
2026-06-23 02:27:30,230 Sleeping for 8s. Reason: RUNNING
2026-06-23 02:27:38,714 Sleeping for 7s. Reason: RUNNING
2026-06-23 02:27:46,209 Sleeping for 6s. Reason: RUNNING
2026-06-23 02:27:52,690 Sleeping for 8s. Reason: RUNNING
2026-06-23 02:28:01,218 Sleeping for 10s. Reason: RUNNING
2026-06-23 02:28:11,751 Sleeping for 5s. Reason: RUNNING
2026-06-23 02:28:17,257 Sleeping for 5s. Reason: RUNNING
2026-06-23 02:28:22,728 Sleeping for 8s. Reason: RUNNING
2026-06-23 02:28:59,225 Padding length to 917
2026-06-23 02:30:08,759 alphafold2_ptm_model_1_seed_000 recycle=0 pLDDT=78.5 pTM=0.609
2026-06-23 02:31:17,455 alphafold2_ptm_model_1_seed_000 recycle=1 pLDDT=81.6 pTM=0.638 tol=8.66
2026-06-23 02:31:17,544 alphafold2_ptm_model_1_seed_000 took 138.3s (1 recycles)
2026-06-23 02:31:19,061 reranking models by 'plddt' metric
2026-06-23 02:31:19,074 rank_001_alphafold2_ptm_model_1_seed_000 pLDDT=81.6 pTM=0.638
2026-06-23 02:31:21,232 Query 33/62: Vitis_vinifera_g347440.p01_VCORE (length 910)
    folding 33/62 · Vitis_vinifera_g347440.p01_VCORE (910 aa)

  0%|          | 0/150 [elapsed: 00:00 remaining: ?]
SUBMIT:   0%|          | 0/150 [elapsed: 00:00 remaining: ?]
PENDING:   0%|          | 0/150 [elapsed: 00:01 remaining: ?]
                                                             

PENDING:   0%|          | 0/150 [elapsed: 00:01 remaining: ?]
RUNNING:   0%|          | 0/150 [elapsed: 00:09 remaining: ?]
RUNNING:   5%|▌         | 8/150 [elapsed: 00:09 remaining: 02:51]
                                                                 

RUNNING:   5%|▌         | 8/150 [elapsed: 00:09 remaining: 02:51]
RUNNING:   5%|▌         | 8/150 [elapsed: 00:15 remaining: 02:51]
RUNNING:   9%|▊         | 13/150 [elapsed: 00:15 remaining: 02:38]
                                                                  

RUNNING:   9%|▊         | 13/150 [elapsed: 00:15 remaining: 02:38]
RUNNING:   9%|▊         | 13/150 [elapsed: 00:25 remaining: 02:38]
RUNNING:  15%|█▌        | 23/150 [elapsed: 00:25 remaining: 02:19]
                                                                  

RUNNING:  15%|█▌        | 23/150 [elapsed: 00:25 remaining: 02:19]
RUNNING:  15%|█▌        | 23/150 [elapsed: 00:33 remaining: 02:19]
RUNNING:  20%|██        | 30/150 [elapsed: 00:33 remaining: 02:10]
                                                                  

RUNNING:  20%|██        | 30/150 [elapsed: 00:33 remaining: 02:10]
RUNNING:  20%|██        | 30/150 [elapsed: 00:39 remaining: 02:10]
RUNNING:  24%|██▍       | 36/150 [elapsed: 00:39 remaining: 02:03]
                                                                  

RUNNING:  24%|██▍       | 36/150 [elapsed: 00:39 remaining: 02:03]
RUNNING:  24%|██▍       | 36/150 [elapsed: 00:45 remaining: 02:03]
RUNNING:  27%|██▋       | 41/150 [elapsed: 00:45 remaining: 01:58]
                                                                  

RUNNING:  27%|██▋       | 41/150 [elapsed: 00:45 remaining: 01:58]
RUNNING:  27%|██▋       | 41/150 [elapsed: 00:54 remaining: 01:58]
RUNNING:  33%|███▎      | 50/150 [elapsed: 00:54 remaining: 01:47]
                                                                  

RUNNING:  33%|███▎      | 50/150 [elapsed: 00:54 remaining: 01:47]
RUNNING:  33%|███▎      | 50/150 [elapsed: 01:02 remaining: 01:47]
RUNNING:  38%|███▊      | 57/150 [elapsed: 01:02 remaining: 01:39]
                                                                  

RUNNING:  38%|███▊      | 57/150 [elapsed: 01:02 remaining: 01:39]
RUNNING:  38%|███▊      | 57/150 [elapsed: 01:07 remaining: 01:39]
RUNNING:  41%|████▏     | 62/150 [elapsed: 01:07 remaining: 01:35]
                                                                  

RUNNING:  41%|████▏     | 62/150 [elapsed: 01:07 remaining: 01:35]
RUNNING:  41%|████▏     | 62/150 [elapsed: 01:13 remaining: 01:35]
RUNNING:  45%|████▍     | 67/150 [elapsed: 01:13 remaining: 01:30]
                                                                  

RUNNING:  45%|████▍     | 67/150 [elapsed: 01:13 remaining: 01:30]
RUNNING:  45%|████▍     | 67/150 [elapsed: 01:23 remaining: 01:30]
RUNNING:  51%|█████▏    | 77/150 [elapsed: 01:23 remaining: 01:18]
                                                                  

RUNNING:  51%|█████▏    | 77/150 [elapsed: 01:23 remaining: 01:18]
RUNNING:  51%|█████▏    | 77/150 [elapsed: 01:34 remaining: 01:18]
RUNNING:  58%|█████▊    | 87/150 [elapsed: 01:34 remaining: 01:06]
                                                                  

RUNNING:  58%|█████▊    | 87/150 [elapsed: 01:34 remaining: 01:06]
RUNNING:  58%|█████▊    | 87/150 [elapsed: 01:42 remaining: 01:06]
RUNNING:  63%|██████▎   | 95/150 [elapsed: 01:42 remaining: 00:58]
                                                                  

RUNNING:  63%|██████▎   | 95/150 [elapsed: 01:42 remaining: 00:58]
RUNNING:  63%|██████▎   | 95/150 [elapsed: 01:53 remaining: 00:58]
RUNNING:  70%|███████   | 105/150 [elapsed: 01:53 remaining: 00:47]
                                                                   

RUNNING:  70%|███████   | 105/150 [elapsed: 01:53 remaining: 00:47]
RUNNING:  70%|███████   | 105/150 [elapsed: 02:02 remaining: 00:47]
RUNNING:  76%|███████▌  | 114/150 [elapsed: 02:02 remaining: 00:38]
                                                                   

RUNNING:  76%|███████▌  | 114/150 [elapsed: 02:02 remaining: 00:38]
RUNNING:  76%|███████▌  | 114/150 [elapsed: 02:10 remaining: 00:38]
RUNNING:  81%|████████  | 121/150 [elapsed: 02:10 remaining: 00:30]
                                                                   

RUNNING:  81%|████████  | 121/150 [elapsed: 02:10 remaining: 00:30]
RUNNING:  81%|████████  | 121/150 [elapsed: 02:16 remaining: 00:30]
RUNNING:  85%|████████▍ | 127/150 [elapsed: 02:16 remaining: 00:24]
                                                                   

RUNNING:  85%|████████▍ | 127/150 [elapsed: 02:16 remaining: 00:24]
RUNNING:  85%|████████▍ | 127/150 [elapsed: 02:23 remaining: 00:24]
RUNNING:  89%|████████▊ | 133/150 [elapsed: 02:23 remaining: 00:18]
                                                                   

RUNNING:  89%|████████▊ | 133/150 [elapsed: 02:23 remaining: 00:18]
RUNNING:  89%|████████▊ | 133/150 [elapsed: 02:33 remaining: 00:18]
RUNNING:  95%|█████████▌| 143/150 [elapsed: 02:33 remaining: 00:07]
                                                                   

RUNNING:  95%|█████████▌| 143/150 [elapsed: 02:33 remaining: 00:07]
RUNNING:  95%|█████████▌| 143/150 [elapsed: 02:42 remaining: 00:07]
RUNNING: |          | 151/? [elapsed: 02:42 remaining: 00:00]      
                                                             

RUNNING: |          | 151/? [elapsed: 02:42 remaining: 00:00]
RUNNING: |          | 151/? [elapsed: 02:47 remaining: 00:00]
RUNNING: |          | 156/? [elapsed: 02:47 remaining: 00:00]
                                                             

RUNNING: |          | 156/? [elapsed: 02:47 remaining: 00:00]
RUNNING: |          | 156/? [elapsed: 02:57 remaining: 00:00]
RUNNING: |          | 165/? [elapsed: 02:57 remaining: 00:00]
                                                             

RUNNING: |          | 165/? [elapsed: 02:57 remaining: 00:00]
RUNNING: |          | 165/? [elapsed: 03:03 remaining: 00:00]
RUNNING: |          | 171/? [elapsed: 03:03 remaining: 00:00]
                                                             

RUNNING: |          | 171/? [elapsed: 03:03 remaining: 00:00]
RUNNING: |          | 171/? [elapsed: 03:12 remaining: 00:00]
RUNNING: |          | 179/? [elapsed: 03:12 remaining: 00:00]
                                                             

RUNNING: |          | 179/? [elapsed: 03:12 remaining: 00:00]
RUNNING: |          | 179/? [elapsed: 03:20 remaining: 00:00]
RUNNING: |          | 187/? [elapsed: 03:20 remaining: 00:00]
                                                             

RUNNING: |          | 187/? [elapsed: 03:20 remaining: 00:00]
RUNNING: |          | 187/? [elapsed: 03:26 remaining: 00:00]
RUNNING: |          | 192/? [elapsed: 03:26 remaining: 00:00]
                                                             

RUNNING: |          | 192/? [elapsed: 03:26 remaining: 00:00]
RUNNING: |          | 192/? [elapsed: 03:36 remaining: 00:00]
RUNNING: |          | 202/? [elapsed: 03:36 remaining: 00:00]
                                                             

RUNNING: |          | 202/? [elapsed: 03:36 remaining: 00:00]
RUNNING: |          | 202/? [elapsed: 03:44 remaining: 00:00]
RUNNING: |          | 209/? [elapsed: 03:44 remaining: 00:00]
                                                             

RUNNING: |          | 209/? [elapsed: 03:44 remaining: 00:00]
RUNNING: |          | 209/? [elapsed: 03:52 remaining: 00:00]
RUNNING: |          | 217/? [elapsed: 03:52 remaining: 00:00]
                                                             

RUNNING: |          | 217/? [elapsed: 03:52 remaining: 00:00]
RUNNING: |          | 217/? [elapsed: 04:00 remaining: 00:00]
RUNNING: |          | 224/? [elapsed: 04:00 remaining: 00:00]
                                                             

RUNNING: |          | 224/? [elapsed: 04:00 remaining: 00:00]
RUNNING: |          | 224/? [elapsed: 04:10 remaining: 00:00]
RUNNING: |          | 234/? [elapsed: 04:10 remaining: 00:00]
                                                             

RUNNING: |          | 234/? [elapsed: 04:10 remaining: 00:00]
RUNNING: |          | 234/? [elapsed: 04:21 remaining: 00:00]
RUNNING: |          | 244/? [elapsed: 04:21 remaining: 00:00]
                                                             

RUNNING: |          | 244/? [elapsed: 04:21 remaining: 00:00]
RUNNING: |          | 244/? [elapsed: 04:30 remaining: 00:00]
RUNNING: |          | 253/? [elapsed: 04:30 remaining: 00:00]
                                                             

RUNNING: |          | 253/? [elapsed: 04:30 remaining: 00:00]
COMPLETE: |          | 253/? [elapsed: 04:38 remaining: 00:00]
COMPLETE: |          | 253/? [elapsed: 04:39 remaining: 00:00]
2026-06-23 02:31:22,501 Sleeping for 8s. Reason: PENDING
2026-06-23 02:31:30,984 Sleeping for 5s. Reason: RUNNING
2026-06-23 02:31:36,475 Sleeping for 10s. Reason: RUNNING
2026-06-23 02:31:46,977 Sleeping for 7s. Reason: RUNNING
2026-06-23 02:31:54,467 Sleeping for 6s. Reason: RUNNING
2026-06-23 02:32:00,924 Sleeping for 5s. Reason: RUNNING
2026-06-23 02:32:06,428 Sleeping for 9s. Reason: RUNNING
2026-06-23 02:32:15,923 Sleeping for 7s. Reason: RUNNING
2026-06-23 02:32:23,413 Sleeping for 5s. Reason: RUNNING
2026-06-23 02:32:28,929 Sleeping for 5s. Reason: RUNNING
2026-06-23 02:32:34,432 Sleeping for 10s. Reason: RUNNING
2026-06-23 02:32:44,907 Sleeping for 10s. Reason: RUNNING
2026-06-23 02:32:55,378 Sleeping for 8s. Reason: RUNNING
2026-06-23 02:33:03,877 Sleeping for 10s. Reason: RUNNING
2026-06-23 02:33:14,396 Sleeping for 9s. Reason: RUNNING
2026-06-23 02:33:23,927 Sleeping for 7s. Reason: RUNNING
2026-06-23 02:33:31,431 Sleeping for 6s. Reason: RUNNING
2026-06-23 02:33:37,896 Sleeping for 6s. Reason: RUNNING
2026-06-23 02:33:44,390 Sleeping for 10s. Reason: RUNNING
2026-06-23 02:33:54,878 Sleeping for 8s. Reason: RUNNING
2026-06-23 02:34:03,380 Sleeping for 5s. Reason: RUNNING
2026-06-23 02:34:08,884 Sleeping for 9s. Reason: RUNNING
2026-06-23 02:34:18,405 Sleeping for 6s. Reason: RUNNING
2026-06-23 02:34:24,887 Sleeping for 8s. Reason: RUNNING
2026-06-23 02:34:33,376 Sleeping for 8s. Reason: RUNNING
2026-06-23 02:34:41,887 Sleeping for 5s. Reason: RUNNING
2026-06-23 02:34:47,387 Sleeping for 10s. Reason: RUNNING
2026-06-23 02:34:57,883 Sleeping for 7s. Reason: RUNNING
2026-06-23 02:35:05,364 Sleeping for 8s. Reason: RUNNING
2026-06-23 02:35:13,868 Sleeping for 7s. Reason: RUNNING
2026-06-23 02:35:21,349 Sleeping for 10s. Reason: RUNNING
2026-06-23 02:35:31,839 Sleeping for 10s. Reason: RUNNING
2026-06-23 02:35:42,339 Sleeping for 9s. Reason: RUNNING
2026-06-23 02:35:51,830 Sleeping for 7s. Reason: RUNNING
2026-06-23 02:36:32,833 Padding length to 917
2026-06-23 02:37:42,284 alphafold2_ptm_model_1_seed_000 recycle=0 pLDDT=84.4 pTM=0.647
2026-06-23 02:38:51,574 alphafold2_ptm_model_1_seed_000 recycle=1 pLDDT=85.4 pTM=0.669 tol=5.94
2026-06-23 02:38:51,609 alphafold2_ptm_model_1_seed_000 took 138.8s (1 recycles)
2026-06-23 02:38:52,598 reranking models by 'plddt' metric
2026-06-23 02:38:52,598 rank_001_alphafold2_ptm_model_1_seed_000 pLDDT=85.4 pTM=0.669
2026-06-23 02:38:54,145 Query 34/62: Vitis_vinifera_g408120.p01_VCORE (length 923)
    folding 34/62 · Vitis_vinifera_g408120.p01_VCORE (923 aa)

  0%|          | 0/150 [elapsed: 00:00 remaining: ?]
SUBMIT:   0%|          | 0/150 [elapsed: 00:00 remaining: ?]
PENDING:   0%|          | 0/150 [elapsed: 00:00 remaining: ?]
                                                             

PENDING:   0%|          | 0/150 [elapsed: 00:00 remaining: ?]
RUNNING:   0%|          | 0/150 [elapsed: 00:11 remaining: ?]
RUNNING:   7%|▋         | 10/150 [elapsed: 00:11 remaining: 02:34]
                                                                  

RUNNING:   7%|▋         | 10/150 [elapsed: 00:11 remaining: 02:34]
RUNNING:   7%|▋         | 10/150 [elapsed: 00:19 remaining: 02:34]
RUNNING:  12%|█▏        | 18/150 [elapsed: 00:19 remaining: 02:22]
                                                                  

RUNNING:  12%|█▏        | 18/150 [elapsed: 00:19 remaining: 02:22]
RUNNING:  12%|█▏        | 18/150 [elapsed: 00:28 remaining: 02:22]
RUNNING:  17%|█▋        | 26/150 [elapsed: 00:28 remaining: 02:12]
                                                                  

RUNNING:  17%|█▋        | 26/150 [elapsed: 00:28 remaining: 02:12]
RUNNING:  17%|█▋        | 26/150 [elapsed: 00:37 remaining: 02:12]
RUNNING:  23%|██▎       | 35/150 [elapsed: 00:37 remaining: 02:02]
                                                                  

RUNNING:  23%|██▎       | 35/150 [elapsed: 00:37 remaining: 02:02]
RUNNING:  23%|██▎       | 35/150 [elapsed: 00:47 remaining: 02:02]
RUNNING:  30%|███       | 45/150 [elapsed: 00:47 remaining: 01:51]
                                                                  

RUNNING:  30%|███       | 45/150 [elapsed: 00:47 remaining: 01:51]
RUNNING:  30%|███       | 45/150 [elapsed: 00:58 remaining: 01:51]
RUNNING:  37%|███▋      | 55/150 [elapsed: 00:58 remaining: 01:40]
                                                                  

RUNNING:  37%|███▋      | 55/150 [elapsed: 00:58 remaining: 01:40]
RUNNING:  37%|███▋      | 55/150 [elapsed: 01:08 remaining: 01:40]
RUNNING:  43%|████▎     | 65/150 [elapsed: 01:08 remaining: 01:29]
                                                                  

RUNNING:  43%|████▎     | 65/150 [elapsed: 01:08 remaining: 01:29]
RUNNING:  43%|████▎     | 65/150 [elapsed: 01:18 remaining: 01:29]
RUNNING:  49%|████▉     | 74/150 [elapsed: 01:18 remaining: 01:20]
                                                                  

RUNNING:  49%|████▉     | 74/150 [elapsed: 01:18 remaining: 01:20]
RUNNING:  49%|████▉     | 74/150 [elapsed: 01:24 remaining: 01:20]
RUNNING:  53%|█████▎    | 80/150 [elapsed: 01:24 remaining: 01:14]
                                                                  

RUNNING:  53%|█████▎    | 80/150 [elapsed: 01:24 remaining: 01:14]
RUNNING:  53%|█████▎    | 80/150 [elapsed: 01:32 remaining: 01:14]
RUNNING:  58%|█████▊    | 87/150 [elapsed: 01:32 remaining: 01:06]
                                                                  

RUNNING:  58%|█████▊    | 87/150 [elapsed: 01:32 remaining: 01:06]
RUNNING:  58%|█████▊    | 87/150 [elapsed: 01:42 remaining: 01:06]
RUNNING:  65%|██████▍   | 97/150 [elapsed: 01:42 remaining: 00:56]
                                                                  

RUNNING:  65%|██████▍   | 97/150 [elapsed: 01:42 remaining: 00:56]
RUNNING:  65%|██████▍   | 97/150 [elapsed: 01:53 remaining: 00:56]
RUNNING:  71%|███████▏  | 107/150 [elapsed: 01:53 remaining: 00:45]
                                                                   

RUNNING:  71%|███████▏  | 107/150 [elapsed: 01:53 remaining: 00:45]
RUNNING:  71%|███████▏  | 107/150 [elapsed: 02:02 remaining: 00:45]
RUNNING:  77%|███████▋  | 116/150 [elapsed: 02:02 remaining: 00:35]
                                                                   

RUNNING:  77%|███████▋  | 116/150 [elapsed: 02:02 remaining: 00:35]
RUNNING:  77%|███████▋  | 116/150 [elapsed: 02:10 remaining: 00:35]
RUNNING:  82%|████████▏ | 123/150 [elapsed: 02:10 remaining: 00:28]
                                                                   

RUNNING:  82%|████████▏ | 123/150 [elapsed: 02:10 remaining: 00:28]
RUNNING:  82%|████████▏ | 123/150 [elapsed: 02:16 remaining: 00:28]
RUNNING:  86%|████████▌ | 129/150 [elapsed: 02:16 remaining: 00:22]
                                                                   

RUNNING:  86%|████████▌ | 129/150 [elapsed: 02:16 remaining: 00:22]
RUNNING:  86%|████████▌ | 129/150 [elapsed: 02:25 remaining: 00:22]
RUNNING:  91%|█████████▏| 137/150 [elapsed: 02:25 remaining: 00:13]
                                                                   

RUNNING:  91%|█████████▏| 137/150 [elapsed: 02:25 remaining: 00:13]
RUNNING:  91%|█████████▏| 137/150 [elapsed: 02:33 remaining: 00:13]
RUNNING:  96%|█████████▌| 144/150 [elapsed: 02:33 remaining: 00:06]
                                                                   

RUNNING:  96%|█████████▌| 144/150 [elapsed: 02:33 remaining: 00:06]
RUNNING:  96%|█████████▌| 144/150 [elapsed: 02:41 remaining: 00:06]
RUNNING: |          | 151/? [elapsed: 02:41 remaining: 00:00]      
                                                             

RUNNING: |          | 151/? [elapsed: 02:41 remaining: 00:00]
RUNNING: |          | 151/? [elapsed: 02:47 remaining: 00:00]
RUNNING: |          | 157/? [elapsed: 02:47 remaining: 00:00]
                                                             

RUNNING: |          | 157/? [elapsed: 02:47 remaining: 00:00]
RUNNING: |          | 157/? [elapsed: 02:55 remaining: 00:00]
RUNNING: |          | 164/? [elapsed: 02:55 remaining: 00:00]
                                                             

RUNNING: |          | 164/? [elapsed: 02:55 remaining: 00:00]
RUNNING: |          | 164/? [elapsed: 03:00 remaining: 00:00]
RUNNING: |          | 169/? [elapsed: 03:00 remaining: 00:00]
                                                             

RUNNING: |          | 169/? [elapsed: 03:00 remaining: 00:00]
RUNNING: |          | 169/? [elapsed: 03:07 remaining: 00:00]
RUNNING: |          | 175/? [elapsed: 03:07 remaining: 00:00]
                                                             

RUNNING: |          | 175/? [elapsed: 03:07 remaining: 00:00]
RUNNING: |          | 175/? [elapsed: 03:16 remaining: 00:00]
RUNNING: |          | 184/? [elapsed: 03:16 remaining: 00:00]
                                                             

RUNNING: |          | 184/? [elapsed: 03:16 remaining: 00:00]
RUNNING: |          | 184/? [elapsed: 03:26 remaining: 00:00]
RUNNING: |          | 193/? [elapsed: 03:26 remaining: 00:00]
                                                             

RUNNING: |          | 193/? [elapsed: 03:26 remaining: 00:00]
RUNNING: |          | 193/? [elapsed: 03:31 remaining: 00:00]
RUNNING: |          | 198/? [elapsed: 03:31 remaining: 00:00]
                                                             

RUNNING: |          | 198/? [elapsed: 03:31 remaining: 00:00]
RUNNING: |          | 198/? [elapsed: 03:37 remaining: 00:00]
RUNNING: |          | 203/? [elapsed: 03:37 remaining: 00:00]
                                                             

RUNNING: |          | 203/? [elapsed: 03:37 remaining: 00:00]
RUNNING: |          | 203/? [elapsed: 03:46 remaining: 00:00]
RUNNING: |          | 212/? [elapsed: 03:46 remaining: 00:00]
                                                             

RUNNING: |          | 212/? [elapsed: 03:46 remaining: 00:00]
RUNNING: |          | 212/? [elapsed: 03:55 remaining: 00:00]
RUNNING: |          | 220/? [elapsed: 03:55 remaining: 00:00]
                                                             

RUNNING: |          | 220/? [elapsed: 03:55 remaining: 00:00]
COMPLETE: |          | 220/? [elapsed: 04:01 remaining: 00:00]
COMPLETE: |          | 220/? [elapsed: 04:03 remaining: 00:00]
2026-06-23 02:38:54,755 Sleeping for 10s. Reason: PENDING
2026-06-23 02:39:05,248 Sleeping for 8s. Reason: RUNNING
2026-06-23 02:39:13,754 Sleeping for 8s. Reason: RUNNING
2026-06-23 02:39:22,220 Sleeping for 9s. Reason: RUNNING
2026-06-23 02:39:31,692 Sleeping for 10s. Reason: RUNNING
2026-06-23 02:39:42,177 Sleeping for 10s. Reason: RUNNING
2026-06-23 02:39:52,668 Sleeping for 10s. Reason: RUNNING
2026-06-23 02:40:03,142 Sleeping for 9s. Reason: RUNNING
2026-06-23 02:40:12,643 Sleeping for 6s. Reason: RUNNING
2026-06-23 02:40:19,112 Sleeping for 7s. Reason: RUNNING
2026-06-23 02:40:26,603 Sleeping for 10s. Reason: RUNNING
2026-06-23 02:40:37,119 Sleeping for 10s. Reason: RUNNING
2026-06-23 02:40:47,610 Sleeping for 9s. Reason: RUNNING
2026-06-23 02:40:57,096 Sleeping for 7s. Reason: RUNNING
2026-06-23 02:41:04,575 Sleeping for 6s. Reason: RUNNING
2026-06-23 02:41:11,049 Sleeping for 8s. Reason: RUNNING
2026-06-23 02:41:19,557 Sleeping for 7s. Reason: RUNNING
2026-06-23 02:41:28,186 Sleeping for 7s. Reason: RUNNING
2026-06-23 02:41:35,680 Sleeping for 6s. Reason: RUNNING
2026-06-23 02:41:42,172 Sleeping for 7s. Reason: RUNNING
2026-06-23 02:41:49,669 Sleeping for 5s. Reason: RUNNING
2026-06-23 02:41:55,150 Sleeping for 6s. Reason: RUNNING
2026-06-23 02:42:01,637 Sleeping for 9s. Reason: RUNNING
2026-06-23 02:42:11,155 Sleeping for 9s. Reason: RUNNING
2026-06-23 02:42:20,625 Sleeping for 5s. Reason: RUNNING
2026-06-23 02:42:26,091 Sleeping for 5s. Reason: RUNNING
2026-06-23 02:42:31,575 Sleeping for 9s. Reason: RUNNING
2026-06-23 02:42:41,080 Sleeping for 8s. Reason: RUNNING
2026-06-23 02:42:49,547 Sleeping for 6s. Reason: RUNNING
2026-06-23 02:43:13,350 Padding length to 933
2026-06-23 02:45:17,167 alphafold2_ptm_model_1_seed_000 recycle=0 pLDDT=73.9 pTM=0.503
2026-06-23 02:46:28,188 alphafold2_ptm_model_1_seed_000 recycle=1 pLDDT=76.2 pTM=0.512 tol=11.3
2026-06-23 02:46:28,190 alphafold2_ptm_model_1_seed_000 took 194.8s (1 recycles)
2026-06-23 02:46:29,058 reranking models by 'plddt' metric
2026-06-23 02:46:29,058 rank_001_alphafold2_ptm_model_1_seed_000 pLDDT=76.2 pTM=0.512
2026-06-23 02:46:30,314 Query 35/62: Vitis_vinifera_g067750.p01_VCORE (length 928)
    folding 35/62 · Vitis_vinifera_g067750.p01_VCORE (928 aa)

  0%|          | 0/150 [elapsed: 00:00 remaining: ?]
SUBMIT:   0%|          | 0/150 [elapsed: 00:00 remaining: ?]
PENDING:   0%|          | 0/150 [elapsed: 00:00 remaining: ?]
                                                             

PENDING:   0%|          | 0/150 [elapsed: 00:00 remaining: ?]
PENDING:   0%|          | 0/150 [elapsed: 00:07 remaining: ?]
                                                             

PENDING:   0%|          | 0/150 [elapsed: 00:07 remaining: ?]
RUNNING:   0%|          | 0/150 [elapsed: 00:14 remaining: ?]
RUNNING:   5%|▍         | 7/150 [elapsed: 00:14 remaining: 04:55]
                                                                 

RUNNING:   5%|▍         | 7/150 [elapsed: 00:14 remaining: 04:55]
RUNNING:   5%|▍         | 7/150 [elapsed: 00:20 remaining: 04:55]
RUNNING:   9%|▊         | 13/150 [elapsed: 00:20 remaining: 03:29]
                                                                  

RUNNING:   9%|▊         | 13/150 [elapsed: 00:20 remaining: 03:29]
RUNNING:   9%|▊         | 13/150 [elapsed: 00:29 remaining: 03:29]
RUNNING:  14%|█▍        | 21/150 [elapsed: 00:29 remaining: 02:46]
                                                                  

RUNNING:  14%|█▍        | 21/150 [elapsed: 00:29 remaining: 02:46]
RUNNING:  14%|█▍        | 21/150 [elapsed: 00:37 remaining: 02:46]
RUNNING:  19%|█▉        | 29/150 [elapsed: 00:37 remaining: 02:24]
                                                                  

RUNNING:  19%|█▉        | 29/150 [elapsed: 00:37 remaining: 02:24]
RUNNING:  19%|█▉        | 29/150 [elapsed: 00:43 remaining: 02:24]
RUNNING:  23%|██▎       | 34/150 [elapsed: 00:43 remaining: 02:15]
                                                                  

RUNNING:  23%|██▎       | 34/150 [elapsed: 00:43 remaining: 02:15]
RUNNING:  23%|██▎       | 34/150 [elapsed: 00:49 remaining: 02:15]
RUNNING:  27%|██▋       | 40/150 [elapsed: 00:49 remaining: 02:05]
                                                                  

RUNNING:  27%|██▋       | 40/150 [elapsed: 00:49 remaining: 02:05]
RUNNING:  27%|██▋       | 40/150 [elapsed: 00:58 remaining: 02:05]
RUNNING:  32%|███▏      | 48/150 [elapsed: 00:58 remaining: 01:53]
                                                                  

RUNNING:  32%|███▏      | 48/150 [elapsed: 00:58 remaining: 01:53]
RUNNING:  32%|███▏      | 48/150 [elapsed: 01:06 remaining: 01:53]
RUNNING:  37%|███▋      | 56/150 [elapsed: 01:06 remaining: 01:42]
                                                                  

RUNNING:  37%|███▋      | 56/150 [elapsed: 01:06 remaining: 01:42]
RUNNING:  37%|███▋      | 56/150 [elapsed: 01:12 remaining: 01:42]
RUNNING:  41%|████      | 61/150 [elapsed: 01:12 remaining: 01:37]
                                                                  

RUNNING:  41%|████      | 61/150 [elapsed: 01:12 remaining: 01:37]
RUNNING:  41%|████      | 61/150 [elapsed: 01:21 remaining: 01:37]
RUNNING:  47%|████▋     | 70/150 [elapsed: 01:21 remaining: 01:26]
                                                                  

RUNNING:  47%|████▋     | 70/150 [elapsed: 01:21 remaining: 01:26]
RUNNING:  47%|████▋     | 70/150 [elapsed: 01:28 remaining: 01:26]
RUNNING:  51%|█████     | 76/150 [elapsed: 01:28 remaining: 01:19]
                                                                  

RUNNING:  51%|█████     | 76/150 [elapsed: 01:28 remaining: 01:19]
RUNNING:  51%|█████     | 76/150 [elapsed: 01:33 remaining: 01:19]
RUNNING:  54%|█████▍    | 81/150 [elapsed: 01:33 remaining: 01:14]
                                                                  

RUNNING:  54%|█████▍    | 81/150 [elapsed: 01:33 remaining: 01:14]
RUNNING:  54%|█████▍    | 81/150 [elapsed: 01:42 remaining: 01:14]
RUNNING:  59%|█████▉    | 89/150 [elapsed: 01:42 remaining: 01:05]
                                                                  

RUNNING:  59%|█████▉    | 89/150 [elapsed: 01:42 remaining: 01:05]
RUNNING:  59%|█████▉    | 89/150 [elapsed: 01:51 remaining: 01:05]
RUNNING:  65%|██████▌   | 98/150 [elapsed: 01:51 remaining: 00:55]
                                                                  

RUNNING:  65%|██████▌   | 98/150 [elapsed: 01:51 remaining: 00:55]
RUNNING:  65%|██████▌   | 98/150 [elapsed: 01:59 remaining: 00:55]
RUNNING:  70%|███████   | 105/150 [elapsed: 01:59 remaining: 00:48]
                                                                   

RUNNING:  70%|███████   | 105/150 [elapsed: 01:59 remaining: 00:48]
RUNNING:  70%|███████   | 105/150 [elapsed: 02:08 remaining: 00:48]
RUNNING:  76%|███████▌  | 114/150 [elapsed: 02:08 remaining: 00:38]
                                                                   

RUNNING:  76%|███████▌  | 114/150 [elapsed: 02:08 remaining: 00:38]
RUNNING:  76%|███████▌  | 114/150 [elapsed: 02:16 remaining: 00:38]
RUNNING:  81%|████████  | 121/150 [elapsed: 02:16 remaining: 00:30]
                                                                   

RUNNING:  81%|████████  | 121/150 [elapsed: 02:16 remaining: 00:30]
RUNNING:  81%|████████  | 121/150 [elapsed: 02:24 remaining: 00:30]
RUNNING:  86%|████████▌ | 129/150 [elapsed: 02:24 remaining: 00:22]
                                                                   

RUNNING:  86%|████████▌ | 129/150 [elapsed: 02:24 remaining: 00:22]
RUNNING:  86%|████████▌ | 129/150 [elapsed: 02:35 remaining: 00:22]
RUNNING:  92%|█████████▏| 138/150 [elapsed: 02:35 remaining: 00:13]
                                                                   

RUNNING:  92%|█████████▏| 138/150 [elapsed: 02:35 remaining: 00:13]
RUNNING:  92%|█████████▏| 138/150 [elapsed: 02:42 remaining: 00:13]
RUNNING:  97%|█████████▋| 145/150 [elapsed: 02:42 remaining: 00:05]
                                                                   

RUNNING:  97%|█████████▋| 145/150 [elapsed: 02:42 remaining: 00:05]
RUNNING:  97%|█████████▋| 145/150 [elapsed: 02:50 remaining: 00:05]
RUNNING: |          | 152/? [elapsed: 02:50 remaining: 00:00]      
                                                             

RUNNING: |          | 152/? [elapsed: 02:50 remaining: 00:00]
RUNNING: |          | 152/? [elapsed: 03:00 remaining: 00:00]
RUNNING: |          | 162/? [elapsed: 03:00 remaining: 00:00]
                                                             

RUNNING: |          | 162/? [elapsed: 03:00 remaining: 00:00]
RUNNING: |          | 162/? [elapsed: 03:08 remaining: 00:00]
RUNNING: |          | 169/? [elapsed: 03:08 remaining: 00:00]
                                                             

RUNNING: |          | 169/? [elapsed: 03:08 remaining: 00:00]
RUNNING: |          | 169/? [elapsed: 03:17 remaining: 00:00]
RUNNING: |          | 178/? [elapsed: 03:17 remaining: 00:00]
                                                             

RUNNING: |          | 178/? [elapsed: 03:17 remaining: 00:00]
RUNNING: |          | 178/? [elapsed: 03:24 remaining: 00:00]
RUNNING: |          | 184/? [elapsed: 03:24 remaining: 00:00]
                                                             

RUNNING: |          | 184/? [elapsed: 03:24 remaining: 00:00]
RUNNING: |          | 184/? [elapsed: 03:33 remaining: 00:00]
RUNNING: |          | 193/? [elapsed: 03:33 remaining: 00:00]
                                                             

RUNNING: |          | 193/? [elapsed: 03:33 remaining: 00:00]
RUNNING: |          | 193/? [elapsed: 03:44 remaining: 00:00]
RUNNING: |          | 203/? [elapsed: 03:44 remaining: 00:00]
                                                             

RUNNING: |          | 203/? [elapsed: 03:44 remaining: 00:00]
RUNNING: |          | 203/? [elapsed: 03:53 remaining: 00:00]
RUNNING: |          | 212/? [elapsed: 03:53 remaining: 00:00]
                                                             

RUNNING: |          | 212/? [elapsed: 03:53 remaining: 00:00]
RUNNING: |          | 212/? [elapsed: 04:03 remaining: 00:00]
RUNNING: |          | 221/? [elapsed: 04:03 remaining: 00:00]
                                                             

RUNNING: |          | 221/? [elapsed: 04:03 remaining: 00:00]
RUNNING: |          | 221/? [elapsed: 04:09 remaining: 00:00]
RUNNING: |          | 227/? [elapsed: 04:09 remaining: 00:00]
                                                             

RUNNING: |          | 227/? [elapsed: 04:09 remaining: 00:00]
RUNNING: |          | 227/? [elapsed: 04:19 remaining: 00:00]
RUNNING: |          | 236/? [elapsed: 04:19 remaining: 00:00]
                                                             

RUNNING: |          | 236/? [elapsed: 04:19 remaining: 00:00]
RUNNING: |          | 236/? [elapsed: 04:27 remaining: 00:00]
RUNNING: |          | 244/? [elapsed: 04:27 remaining: 00:00]
                                                             

RUNNING: |          | 244/? [elapsed: 04:27 remaining: 00:00]
RUNNING: |          | 244/? [elapsed: 04:33 remaining: 00:00]
RUNNING: |          | 249/? [elapsed: 04:33 remaining: 00:00]
                                                             

RUNNING: |          | 249/? [elapsed: 04:33 remaining: 00:00]
RUNNING: |          | 249/? [elapsed: 04:40 remaining: 00:00]
RUNNING: |          | 256/? [elapsed: 04:40 remaining: 00:00]
                                                             

RUNNING: |          | 256/? [elapsed: 04:40 remaining: 00:00]
RUNNING: |          | 256/? [elapsed: 04:50 remaining: 00:00]
RUNNING: |          | 265/? [elapsed: 04:50 remaining: 00:00]
                                                             

RUNNING: |          | 265/? [elapsed: 04:50 remaining: 00:00]
RUNNING: |          | 265/? [elapsed: 05:00 remaining: 00:00]
RUNNING: |          | 275/? [elapsed: 05:00 remaining: 00:00]
                                                             

RUNNING: |          | 275/? [elapsed: 05:00 remaining: 00:00]
RUNNING: |          | 275/? [elapsed: 05:10 remaining: 00:00]
RUNNING: |          | 284/? [elapsed: 05:10 remaining: 00:00]
                                                             

RUNNING: |          | 284/? [elapsed: 05:10 remaining: 00:00]
COMPLETE: |          | 284/? [elapsed: 05:17 remaining: 00:00]
COMPLETE: |          | 284/? [elapsed: 05:19 remaining: 00:00]
2026-06-23 02:46:30,871 Sleeping for 6s. Reason: PENDING
2026-06-23 02:46:37,339 Sleeping for 7s. Reason: PENDING
2026-06-23 02:46:44,804 Sleeping for 6s. Reason: RUNNING
2026-06-23 02:46:51,296 Sleeping for 8s. Reason: RUNNING
2026-06-23 02:46:59,784 Sleeping for 8s. Reason: RUNNING
2026-06-23 02:47:08,274 Sleeping for 5s. Reason: RUNNING
2026-06-23 02:47:13,768 Sleeping for 6s. Reason: RUNNING
2026-06-23 02:47:20,242 Sleeping for 8s. Reason: RUNNING
2026-06-23 02:47:28,726 Sleeping for 8s. Reason: RUNNING
2026-06-23 02:47:37,229 Sleeping for 5s. Reason: RUNNING
2026-06-23 02:47:42,709 Sleeping for 9s. Reason: RUNNING
2026-06-23 02:47:52,169 Sleeping for 6s. Reason: RUNNING
2026-06-23 02:47:58,628 Sleeping for 5s. Reason: RUNNING
2026-06-23 02:48:04,119 Sleeping for 8s. Reason: RUNNING
2026-06-23 02:48:12,577 Sleeping for 9s. Reason: RUNNING
2026-06-23 02:48:22,071 Sleeping for 7s. Reason: RUNNING
2026-06-23 02:48:29,552 Sleeping for 9s. Reason: RUNNING
2026-06-23 02:48:39,052 Sleeping for 7s. Reason: RUNNING
2026-06-23 02:48:46,534 Sleeping for 8s. Reason: RUNNING
2026-06-23 02:48:55,037 Sleeping for 9s. Reason: RUNNING
2026-06-23 02:49:05,743 Sleeping for 7s. Reason: RUNNING
2026-06-23 02:49:13,207 Sleeping for 7s. Reason: RUNNING
2026-06-23 02:49:20,711 Sleeping for 10s. Reason: RUNNING
2026-06-23 02:49:31,214 Sleeping for 7s. Reason: RUNNING
2026-06-23 02:49:38,699 Sleeping for 9s. Reason: RUNNING
2026-06-23 02:49:48,184 Sleeping for 6s. Reason: RUNNING
2026-06-23 02:49:54,652 Sleeping for 9s. Reason: RUNNING
2026-06-23 02:50:04,137 Sleeping for 10s. Reason: RUNNING
2026-06-23 02:50:14,602 Sleeping for 9s. Reason: RUNNING
2026-06-23 02:50:24,096 Sleeping for 9s. Reason: RUNNING
2026-06-23 02:50:33,599 Sleeping for 6s. Reason: RUNNING
2026-06-23 02:50:40,129 Sleeping for 9s. Reason: RUNNING
2026-06-23 02:50:49,579 Sleeping for 8s. Reason: RUNNING
2026-06-23 02:50:58,075 Sleeping for 5s. Reason: RUNNING
2026-06-23 02:51:03,561 Sleeping for 7s. Reason: RUNNING
2026-06-23 02:51:11,033 Sleeping for 9s. Reason: RUNNING
2026-06-23 02:51:20,535 Sleeping for 10s. Reason: RUNNING
2026-06-23 02:51:31,012 Sleeping for 9s. Reason: RUNNING
2026-06-23 02:51:40,521 Sleeping for 7s. Reason: RUNNING
2026-06-23 02:52:15,223 Padding length to 933
2026-06-23 02:53:27,850 alphafold2_ptm_model_1_seed_000 recycle=0 pLDDT=85.3 pTM=0.596
2026-06-23 02:54:39,474 alphafold2_ptm_model_1_seed_000 recycle=1 pLDDT=86.9 pTM=0.611 tol=6.6
2026-06-23 02:54:39,476 alphafold2_ptm_model_1_seed_000 took 144.3s (1 recycles)
2026-06-23 02:54:40,474 reranking models by 'plddt' metric
2026-06-23 02:54:40,474 rank_001_alphafold2_ptm_model_1_seed_000 pLDDT=86.9 pTM=0.611
2026-06-23 02:54:41,980 Query 36/62: Vitis_vinifera_g347400.p01_VCORE (length 928)
    folding 36/62 · Vitis_vinifera_g347400.p01_VCORE (928 aa)

  0%|          | 0/150 [elapsed: 00:00 remaining: ?]
SUBMIT:   0%|          | 0/150 [elapsed: 00:00 remaining: ?]
PENDING:   0%|          | 0/150 [elapsed: 00:00 remaining: ?]
                                                             

PENDING:   0%|          | 0/150 [elapsed: 00:00 remaining: ?]
PENDING:   0%|          | 0/150 [elapsed: 00:06 remaining: ?]
                                                             

PENDING:   0%|          | 0/150 [elapsed: 00:06 remaining: ?]
PENDING:   0%|          | 0/150 [elapsed: 00:11 remaining: ?]
                                                             

PENDING:   0%|          | 0/150 [elapsed: 00:11 remaining: ?]
PENDING:   0%|          | 0/150 [elapsed: 00:20 remaining: ?]
                                                             

PENDING:   0%|          | 0/150 [elapsed: 00:20 remaining: ?]
PENDING:   0%|          | 0/150 [elapsed: 00:27 remaining: ?]
                                                             

PENDING:   0%|          | 0/150 [elapsed: 00:27 remaining: ?]
PENDING:   0%|          | 0/150 [elapsed: 00:34 remaining: ?]
                                                             

PENDING:   0%|          | 0/150 [elapsed: 00:34 remaining: ?]
RUNNING:   0%|          | 0/150 [elapsed: 00:44 remaining: ?]
RUNNING:   7%|▋         | 10/150 [elapsed: 00:44 remaining: 10:23]
                                                                  

RUNNING:   7%|▋         | 10/150 [elapsed: 00:44 remaining: 10:23]
RUNNING:   7%|▋         | 10/150 [elapsed: 00:52 remaining: 10:23]
RUNNING:  11%|█▏        | 17/150 [elapsed: 00:52 remaining: 06:07]
                                                                  

RUNNING:  11%|█▏        | 17/150 [elapsed: 00:52 remaining: 06:07]
RUNNING:  11%|█▏        | 17/150 [elapsed: 01:00 remaining: 06:07]
RUNNING:  17%|█▋        | 25/150 [elapsed: 01:00 remaining: 04:09]
                                                                  

RUNNING:  17%|█▋        | 25/150 [elapsed: 01:00 remaining: 04:09]
RUNNING:  17%|█▋        | 25/150 [elapsed: 01:09 remaining: 04:09]
RUNNING:  22%|██▏       | 33/150 [elapsed: 01:09 remaining: 03:11]
                                                                  

RUNNING:  22%|██▏       | 33/150 [elapsed: 01:09 remaining: 03:11]
RUNNING:  22%|██▏       | 33/150 [elapsed: 01:17 remaining: 03:11]
RUNNING:  27%|██▋       | 41/150 [elapsed: 01:17 remaining: 02:35]
                                                                  

RUNNING:  27%|██▋       | 41/150 [elapsed: 01:17 remaining: 02:35]
RUNNING:  27%|██▋       | 41/150 [elapsed: 01:25 remaining: 02:35]
RUNNING:  32%|███▏      | 48/150 [elapsed: 01:25 remaining: 02:14]
                                                                  

RUNNING:  32%|███▏      | 48/150 [elapsed: 01:25 remaining: 02:14]
RUNNING:  32%|███▏      | 48/150 [elapsed: 01:31 remaining: 02:14]
RUNNING:  36%|███▌      | 54/150 [elapsed: 01:31 remaining: 02:00]
                                                                  

RUNNING:  36%|███▌      | 54/150 [elapsed: 01:31 remaining: 02:00]
RUNNING:  36%|███▌      | 54/150 [elapsed: 01:40 remaining: 02:00]
RUNNING:  41%|████▏     | 62/150 [elapsed: 01:40 remaining: 01:44]
                                                                  

RUNNING:  41%|████▏     | 62/150 [elapsed: 01:40 remaining: 01:44]
RUNNING:  41%|████▏     | 62/150 [elapsed: 01:47 remaining: 01:44]
RUNNING:  46%|████▌     | 69/150 [elapsed: 01:47 remaining: 01:33]
                                                                  

RUNNING:  46%|████▌     | 69/150 [elapsed: 01:47 remaining: 01:33]
RUNNING:  46%|████▌     | 69/150 [elapsed: 01:58 remaining: 01:33]
RUNNING:  53%|█████▎    | 79/150 [elapsed: 01:58 remaining: 01:19]
                                                                  

RUNNING:  53%|█████▎    | 79/150 [elapsed: 01:58 remaining: 01:19]
RUNNING:  53%|█████▎    | 79/150 [elapsed: 02:08 remaining: 01:19]
RUNNING:  59%|█████▉    | 89/150 [elapsed: 02:08 remaining: 01:06]
                                                                  

RUNNING:  59%|█████▉    | 89/150 [elapsed: 02:08 remaining: 01:06]
RUNNING:  59%|█████▉    | 89/150 [elapsed: 02:13 remaining: 01:06]
RUNNING:  63%|██████▎   | 94/150 [elapsed: 02:13 remaining: 01:01]
                                                                  

RUNNING:  63%|██████▎   | 94/150 [elapsed: 02:13 remaining: 01:01]
RUNNING:  63%|██████▎   | 94/150 [elapsed: 02:19 remaining: 01:01]
RUNNING:  66%|██████▌   | 99/150 [elapsed: 02:19 remaining: 00:55]
                                                                  

RUNNING:  66%|██████▌   | 99/150 [elapsed: 02:19 remaining: 00:55]
RUNNING:  66%|██████▌   | 99/150 [elapsed: 02:27 remaining: 00:55]
RUNNING:  71%|███████▏  | 107/150 [elapsed: 02:27 remaining: 00:46]
                                                                   

RUNNING:  71%|███████▏  | 107/150 [elapsed: 02:27 remaining: 00:46]
RUNNING:  71%|███████▏  | 107/150 [elapsed: 02:34 remaining: 00:46]
RUNNING:  75%|███████▌  | 113/150 [elapsed: 02:34 remaining: 00:40]
                                                                   

RUNNING:  75%|███████▌  | 113/150 [elapsed: 02:34 remaining: 00:40]
RUNNING:  75%|███████▌  | 113/150 [elapsed: 02:40 remaining: 00:40]
RUNNING:  79%|███████▉  | 119/150 [elapsed: 02:40 remaining: 00:33]
                                                                   

RUNNING:  79%|███████▉  | 119/150 [elapsed: 02:40 remaining: 00:33]
RUNNING:  79%|███████▉  | 119/150 [elapsed: 02:51 remaining: 00:33]
RUNNING:  86%|████████▌ | 129/150 [elapsed: 02:51 remaining: 00:22]
                                                                   

RUNNING:  86%|████████▌ | 129/150 [elapsed: 02:51 remaining: 00:22]
RUNNING:  86%|████████▌ | 129/150 [elapsed: 03:01 remaining: 00:22]
RUNNING:  93%|█████████▎| 139/150 [elapsed: 03:01 remaining: 00:11]
                                                                   

RUNNING:  93%|█████████▎| 139/150 [elapsed: 03:01 remaining: 00:11]
RUNNING:  93%|█████████▎| 139/150 [elapsed: 03:08 remaining: 00:11]
RUNNING:  97%|█████████▋| 145/150 [elapsed: 03:08 remaining: 00:05]
                                                                   

RUNNING:  97%|█████████▋| 145/150 [elapsed: 03:08 remaining: 00:05]
RUNNING:  97%|█████████▋| 145/150 [elapsed: 03:17 remaining: 00:05]
RUNNING: |          | 154/? [elapsed: 03:17 remaining: 00:00]      
                                                             

RUNNING: |          | 154/? [elapsed: 03:17 remaining: 00:00]
RUNNING: |          | 154/? [elapsed: 03:27 remaining: 00:00]
RUNNING: |          | 163/? [elapsed: 03:27 remaining: 00:00]
                                                             

RUNNING: |          | 163/? [elapsed: 03:27 remaining: 00:00]
RUNNING: |          | 163/? [elapsed: 03:37 remaining: 00:00]
RUNNING: |          | 173/? [elapsed: 03:37 remaining: 00:00]
                                                             

RUNNING: |          | 173/? [elapsed: 03:37 remaining: 00:00]
RUNNING: |          | 173/? [elapsed: 03:48 remaining: 00:00]
RUNNING: |          | 183/? [elapsed: 03:48 remaining: 00:00]
                                                             

RUNNING: |          | 183/? [elapsed: 03:48 remaining: 00:00]
RUNNING: |          | 183/? [elapsed: 03:53 remaining: 00:00]
RUNNING: |          | 188/? [elapsed: 03:53 remaining: 00:00]
                                                             

RUNNING: |          | 188/? [elapsed: 03:53 remaining: 00:00]
RUNNING: |          | 188/? [elapsed: 04:00 remaining: 00:00]
RUNNING: |          | 194/? [elapsed: 04:00 remaining: 00:00]
                                                             

RUNNING: |          | 194/? [elapsed: 04:00 remaining: 00:00]
RUNNING: |          | 194/? [elapsed: 04:07 remaining: 00:00]
RUNNING: |          | 201/? [elapsed: 04:07 remaining: 00:00]
                                                             

RUNNING: |          | 201/? [elapsed: 04:07 remaining: 00:00]
RUNNING: |          | 201/? [elapsed: 04:14 remaining: 00:00]
RUNNING: |          | 207/? [elapsed: 04:14 remaining: 00:00]
                                                             

RUNNING: |          | 207/? [elapsed: 04:14 remaining: 00:00]
RUNNING: |          | 207/? [elapsed: 04:24 remaining: 00:00]
RUNNING: |          | 217/? [elapsed: 04:24 remaining: 00:00]
                                                             

RUNNING: |          | 217/? [elapsed: 04:24 remaining: 00:00]
RUNNING: |          | 217/? [elapsed: 04:32 remaining: 00:00]
RUNNING: |          | 224/? [elapsed: 04:32 remaining: 00:00]
                                                             

RUNNING: |          | 224/? [elapsed: 04:32 remaining: 00:00]
RUNNING: |          | 224/? [elapsed: 04:38 remaining: 00:00]
RUNNING: |          | 230/? [elapsed: 04:38 remaining: 00:00]
                                                             

RUNNING: |          | 230/? [elapsed: 04:38 remaining: 00:00]
RUNNING: |          | 230/? [elapsed: 04:46 remaining: 00:00]
RUNNING: |          | 237/? [elapsed: 04:46 remaining: 00:00]
                                                             

RUNNING: |          | 237/? [elapsed: 04:46 remaining: 00:00]
RUNNING: |          | 237/? [elapsed: 04:55 remaining: 00:00]
RUNNING: |          | 246/? [elapsed: 04:55 remaining: 00:00]
                                                             

RUNNING: |          | 246/? [elapsed: 04:55 remaining: 00:00]
RUNNING: |          | 246/? [elapsed: 05:03 remaining: 00:00]
RUNNING: |          | 253/? [elapsed: 05:03 remaining: 00:00]
                                                             

RUNNING: |          | 253/? [elapsed: 05:03 remaining: 00:00]
RUNNING: |          | 253/? [elapsed: 05:12 remaining: 00:00]
RUNNING: |          | 262/? [elapsed: 05:12 remaining: 00:00]
                                                             

RUNNING: |          | 262/? [elapsed: 05:12 remaining: 00:00]
COMPLETE: |          | 262/? [elapsed: 05:22 remaining: 00:00]
COMPLETE: |          | 262/? [elapsed: 05:23 remaining: 00:00]
2026-06-23 02:54:42,662 Sleeping for 5s. Reason: PENDING
2026-06-23 02:54:48,149 Sleeping for 5s. Reason: PENDING
2026-06-23 02:54:53,612 Sleeping for 8s. Reason: PENDING
2026-06-23 02:55:02,100 Sleeping for 7s. Reason: PENDING
2026-06-23 02:55:09,575 Sleeping for 6s. Reason: PENDING
2026-06-23 02:55:16,067 Sleeping for 10s. Reason: PENDING
2026-06-23 02:55:26,563 Sleeping for 7s. Reason: RUNNING
2026-06-23 02:55:34,045 Sleeping for 8s. Reason: RUNNING
2026-06-23 02:55:42,504 Sleeping for 8s. Reason: RUNNING
2026-06-23 02:55:51,045 Sleeping for 8s. Reason: RUNNING
2026-06-23 02:55:59,539 Sleeping for 7s. Reason: RUNNING
2026-06-23 02:56:07,025 Sleeping for 6s. Reason: RUNNING
2026-06-23 02:56:13,534 Sleeping for 8s. Reason: RUNNING
2026-06-23 02:56:22,035 Sleeping for 7s. Reason: RUNNING
2026-06-23 02:56:29,530 Sleeping for 10s. Reason: RUNNING
2026-06-23 02:56:40,066 Sleeping for 10s. Reason: RUNNING
2026-06-23 02:56:50,556 Sleeping for 5s. Reason: RUNNING
2026-06-23 02:56:56,007 Sleeping for 5s. Reason: RUNNING
2026-06-23 02:57:01,503 Sleeping for 8s. Reason: RUNNING
2026-06-23 02:57:10,003 Sleeping for 6s. Reason: RUNNING
2026-06-23 02:57:16,463 Sleeping for 6s. Reason: RUNNING
2026-06-23 02:57:22,948 Sleeping for 10s. Reason: RUNNING
2026-06-23 02:57:33,415 Sleeping for 10s. Reason: RUNNING
2026-06-23 02:57:43,884 Sleeping for 6s. Reason: RUNNING
2026-06-23 02:57:50,368 Sleeping for 9s. Reason: RUNNING
2026-06-23 02:57:59,826 Sleeping for 9s. Reason: RUNNING
2026-06-23 02:58:09,319 Sleeping for 10s. Reason: RUNNING
2026-06-23 02:58:19,824 Sleeping for 10s. Reason: RUNNING
2026-06-23 02:58:30,282 Sleeping for 5s. Reason: RUNNING
2026-06-23 02:58:35,759 Sleeping for 6s. Reason: RUNNING
2026-06-23 02:58:42,212 Sleeping for 7s. Reason: RUNNING
2026-06-23 02:58:49,716 Sleeping for 6s. Reason: RUNNING
2026-06-23 02:58:56,230 Sleeping for 10s. Reason: RUNNING
2026-06-23 02:59:06,734 Sleeping for 7s. Reason: RUNNING
2026-06-23 02:59:14,217 Sleeping for 6s. Reason: RUNNING
2026-06-23 02:59:20,744 Sleeping for 7s. Reason: RUNNING
2026-06-23 02:59:28,238 Sleeping for 9s. Reason: RUNNING
2026-06-23 02:59:37,754 Sleeping for 7s. Reason: RUNNING
2026-06-23 02:59:45,211 Sleeping for 9s. Reason: RUNNING
2026-06-23 02:59:54,743 Sleeping for 9s. Reason: RUNNING
2026-06-23 03:00:32,504 Padding length to 933
2026-06-23 03:01:43,526 alphafold2_ptm_model_1_seed_000 recycle=0 pLDDT=86.2 pTM=0.597
2026-06-23 03:02:56,170 alphafold2_ptm_model_1_seed_000 recycle=1 pLDDT=88.1 pTM=0.613 tol=7.49
2026-06-23 03:02:56,388 alphafold2_ptm_model_1_seed_000 took 143.9s (1 recycles)
2026-06-23 03:02:57,899 reranking models by 'plddt' metric
2026-06-23 03:02:57,913 rank_001_alphafold2_ptm_model_1_seed_000 pLDDT=88.1 pTM=0.613
2026-06-23 03:03:00,286 Query 37/62: Vitis_vinifera_g392630.p01_VCORE (length 928)
    folding 37/62 · Vitis_vinifera_g392630.p01_VCORE (928 aa)

  0%|          | 0/150 [elapsed: 00:00 remaining: ?]
SUBMIT:   0%|          | 0/150 [elapsed: 00:00 remaining: ?]
PENDING:   0%|          | 0/150 [elapsed: 00:01 remaining: ?]
                                                             

PENDING:   0%|          | 0/150 [elapsed: 00:01 remaining: ?]
RUNNING:   0%|          | 0/150 [elapsed: 00:10 remaining: ?]
RUNNING:   6%|▌         | 9/150 [elapsed: 00:10 remaining: 02:49]
                                                                 

RUNNING:   6%|▌         | 9/150 [elapsed: 00:10 remaining: 02:49]
RUNNING:   6%|▌         | 9/150 [elapsed: 00:17 remaining: 02:49]
RUNNING:  10%|█         | 15/150 [elapsed: 00:17 remaining: 02:34]
                                                                  

RUNNING:  10%|█         | 15/150 [elapsed: 00:17 remaining: 02:34]
RUNNING:  10%|█         | 15/150 [elapsed: 00:25 remaining: 02:34]
RUNNING:  15%|█▌        | 23/150 [elapsed: 00:25 remaining: 02:20]
                                                                  

RUNNING:  15%|█▌        | 23/150 [elapsed: 00:25 remaining: 02:20]
RUNNING:  15%|█▌        | 23/150 [elapsed: 00:35 remaining: 02:20]
RUNNING:  21%|██▏       | 32/150 [elapsed: 00:35 remaining: 02:07]
                                                                  

RUNNING:  21%|██▏       | 32/150 [elapsed: 00:35 remaining: 02:07]
RUNNING:  21%|██▏       | 32/150 [elapsed: 00:41 remaining: 02:07]
RUNNING:  25%|██▌       | 38/150 [elapsed: 00:41 remaining: 02:01]
                                                                  

RUNNING:  25%|██▌       | 38/150 [elapsed: 00:41 remaining: 02:01]
RUNNING:  25%|██▌       | 38/150 [elapsed: 00:49 remaining: 02:01]
RUNNING:  30%|███       | 45/150 [elapsed: 00:49 remaining: 01:53]
                                                                  

RUNNING:  30%|███       | 45/150 [elapsed: 00:49 remaining: 01:53]
RUNNING:  30%|███       | 45/150 [elapsed: 00:56 remaining: 01:53]
RUNNING:  35%|███▍      | 52/150 [elapsed: 00:56 remaining: 01:45]
                                                                  

RUNNING:  35%|███▍      | 52/150 [elapsed: 00:56 remaining: 01:45]
RUNNING:  35%|███▍      | 52/150 [elapsed: 01:03 remaining: 01:45]
RUNNING:  39%|███▊      | 58/150 [elapsed: 01:03 remaining: 01:39]
                                                                  

RUNNING:  39%|███▊      | 58/150 [elapsed: 01:03 remaining: 01:39]
RUNNING:  39%|███▊      | 58/150 [elapsed: 01:12 remaining: 01:39]
RUNNING:  45%|████▍     | 67/150 [elapsed: 01:12 remaining: 01:28]
                                                                  

RUNNING:  45%|████▍     | 67/150 [elapsed: 01:12 remaining: 01:28]
RUNNING:  45%|████▍     | 67/150 [elapsed: 01:19 remaining: 01:28]
RUNNING:  49%|████▊     | 73/150 [elapsed: 01:19 remaining: 01:22]
                                                                  

RUNNING:  49%|████▊     | 73/150 [elapsed: 01:19 remaining: 01:22]
RUNNING:  49%|████▊     | 73/150 [elapsed: 01:28 remaining: 01:22]
RUNNING:  55%|█████▍    | 82/150 [elapsed: 01:28 remaining: 01:12]
                                                                  

RUNNING:  55%|█████▍    | 82/150 [elapsed: 01:28 remaining: 01:12]
RUNNING:  55%|█████▍    | 82/150 [elapsed: 01:36 remaining: 01:12]
RUNNING:  59%|█████▉    | 89/150 [elapsed: 01:36 remaining: 01:04]
                                                                  

RUNNING:  59%|█████▉    | 89/150 [elapsed: 01:36 remaining: 01:04]
RUNNING:  59%|█████▉    | 89/150 [elapsed: 01:42 remaining: 01:04]
RUNNING:  63%|██████▎   | 95/150 [elapsed: 01:42 remaining: 00:58]
                                                                  

RUNNING:  63%|██████▎   | 95/150 [elapsed: 01:42 remaining: 00:58]
RUNNING:  63%|██████▎   | 95/150 [elapsed: 01:51 remaining: 00:58]
RUNNING:  69%|██████▊   | 103/150 [elapsed: 01:51 remaining: 00:50]
                                                                   

RUNNING:  69%|██████▊   | 103/150 [elapsed: 01:51 remaining: 00:50]
RUNNING:  69%|██████▊   | 103/150 [elapsed: 01:58 remaining: 00:50]
RUNNING:  73%|███████▎  | 110/150 [elapsed: 01:58 remaining: 00:42]
                                                                   

RUNNING:  73%|███████▎  | 110/150 [elapsed: 01:58 remaining: 00:42]
RUNNING:  73%|███████▎  | 110/150 [elapsed: 02:04 remaining: 00:42]
RUNNING:  77%|███████▋  | 115/150 [elapsed: 02:04 remaining: 00:37]
                                                                   

RUNNING:  77%|███████▋  | 115/150 [elapsed: 02:04 remaining: 00:37]
RUNNING:  77%|███████▋  | 115/150 [elapsed: 02:09 remaining: 00:37]
RUNNING:  80%|████████  | 120/150 [elapsed: 02:09 remaining: 00:32]
                                                                   

RUNNING:  80%|████████  | 120/150 [elapsed: 02:09 remaining: 00:32]
RUNNING:  80%|████████  | 120/150 [elapsed: 02:20 remaining: 00:32]
RUNNING:  87%|████████▋ | 130/150 [elapsed: 02:20 remaining: 00:21]
                                                                   

RUNNING:  87%|████████▋ | 130/150 [elapsed: 02:20 remaining: 00:21]
RUNNING:  87%|████████▋ | 130/150 [elapsed: 02:28 remaining: 00:21]
RUNNING:  92%|█████████▏| 138/150 [elapsed: 02:28 remaining: 00:12]
                                                                   

RUNNING:  92%|█████████▏| 138/150 [elapsed: 02:28 remaining: 00:12]
RUNNING:  92%|█████████▏| 138/150 [elapsed: 02:39 remaining: 00:12]
RUNNING:  99%|█████████▊| 148/150 [elapsed: 02:39 remaining: 00:02]
                                                                   

RUNNING:  99%|█████████▊| 148/150 [elapsed: 02:39 remaining: 00:02]
RUNNING:  99%|█████████▊| 148/150 [elapsed: 02:45 remaining: 00:02]
RUNNING: |          | 154/? [elapsed: 02:45 remaining: 00:00]      
                                                             

RUNNING: |          | 154/? [elapsed: 02:45 remaining: 00:00]
RUNNING: |          | 154/? [elapsed: 02:54 remaining: 00:00]
RUNNING: |          | 162/? [elapsed: 02:54 remaining: 00:00]
                                                             

RUNNING: |          | 162/? [elapsed: 02:54 remaining: 00:00]
RUNNING: |          | 162/? [elapsed: 03:00 remaining: 00:00]
RUNNING: |          | 168/? [elapsed: 03:00 remaining: 00:00]
                                                             

RUNNING: |          | 168/? [elapsed: 03:00 remaining: 00:00]
RUNNING: |          | 168/? [elapsed: 03:11 remaining: 00:00]
RUNNING: |          | 178/? [elapsed: 03:11 remaining: 00:00]
                                                             

RUNNING: |          | 178/? [elapsed: 03:11 remaining: 00:00]
RUNNING: |          | 178/? [elapsed: 03:16 remaining: 00:00]
RUNNING: |          | 183/? [elapsed: 03:16 remaining: 00:00]
                                                             

RUNNING: |          | 183/? [elapsed: 03:16 remaining: 00:00]
RUNNING: |          | 183/? [elapsed: 03:22 remaining: 00:00]
RUNNING: |          | 188/? [elapsed: 03:22 remaining: 00:00]
                                                             

RUNNING: |          | 188/? [elapsed: 03:22 remaining: 00:00]
RUNNING: |          | 188/? [elapsed: 03:28 remaining: 00:00]
RUNNING: |          | 194/? [elapsed: 03:28 remaining: 00:00]
                                                             

RUNNING: |          | 194/? [elapsed: 03:28 remaining: 00:00]
RUNNING: |          | 194/? [elapsed: 03:35 remaining: 00:00]
RUNNING: |          | 201/? [elapsed: 03:35 remaining: 00:00]
                                                             

RUNNING: |          | 201/? [elapsed: 03:35 remaining: 00:00]
RUNNING: |          | 201/? [elapsed: 03:46 remaining: 00:00]
RUNNING: |          | 211/? [elapsed: 03:46 remaining: 00:00]
                                                             

RUNNING: |          | 211/? [elapsed: 03:46 remaining: 00:00]
RUNNING: |          | 211/? [elapsed: 03:51 remaining: 00:00]
RUNNING: |          | 216/? [elapsed: 03:51 remaining: 00:00]
                                                             

RUNNING: |          | 216/? [elapsed: 03:51 remaining: 00:00]
RUNNING: |          | 216/? [elapsed: 04:01 remaining: 00:00]
RUNNING: |          | 225/? [elapsed: 04:01 remaining: 00:00]
                                                             

RUNNING: |          | 225/? [elapsed: 04:01 remaining: 00:00]
RUNNING: |          | 225/? [elapsed: 04:06 remaining: 00:00]
RUNNING: |          | 230/? [elapsed: 04:06 remaining: 00:00]
                                                             

RUNNING: |          | 230/? [elapsed: 04:06 remaining: 00:00]
RUNNING: |          | 230/? [elapsed: 04:16 remaining: 00:00]
RUNNING: |          | 239/? [elapsed: 04:16 remaining: 00:00]
                                                             

RUNNING: |          | 239/? [elapsed: 04:16 remaining: 00:00]
RUNNING: |          | 239/? [elapsed: 04:21 remaining: 00:00]
RUNNING: |          | 244/? [elapsed: 04:21 remaining: 00:00]
                                                             

RUNNING: |          | 244/? [elapsed: 04:21 remaining: 00:00]
RUNNING: |          | 244/? [elapsed: 04:29 remaining: 00:00]
RUNNING: |          | 251/? [elapsed: 04:29 remaining: 00:00]
                                                             

RUNNING: |          | 251/? [elapsed: 04:29 remaining: 00:00]
RUNNING: |          | 251/? [elapsed: 04:35 remaining: 00:00]
RUNNING: |          | 256/? [elapsed: 04:35 remaining: 00:00]
                                                             

RUNNING: |          | 256/? [elapsed: 04:35 remaining: 00:00]
RUNNING: |          | 256/? [elapsed: 04:41 remaining: 00:00]
RUNNING: |          | 262/? [elapsed: 04:41 remaining: 00:00]
                                                             

RUNNING: |          | 262/? [elapsed: 04:41 remaining: 00:00]
RUNNING: |          | 262/? [elapsed: 04:48 remaining: 00:00]
RUNNING: |          | 268/? [elapsed: 04:48 remaining: 00:00]
                                                             

RUNNING: |          | 268/? [elapsed: 04:48 remaining: 00:00]
RUNNING: |          | 268/? [elapsed: 04:53 remaining: 00:00]
RUNNING: |          | 273/? [elapsed: 04:53 remaining: 00:00]
                                                             

RUNNING: |          | 273/? [elapsed: 04:53 remaining: 00:00]
RUNNING: |          | 273/? [elapsed: 05:03 remaining: 00:00]
RUNNING: |          | 282/? [elapsed: 05:03 remaining: 00:00]
                                                             

RUNNING: |          | 282/? [elapsed: 05:03 remaining: 00:00]
COMPLETE: |          | 282/? [elapsed: 05:10 remaining: 00:00]
COMPLETE: |          | 282/? [elapsed: 05:12 remaining: 00:00]
2026-06-23 03:03:01,603 Sleeping for 9s. Reason: PENDING
2026-06-23 03:03:11,130 Sleeping for 6s. Reason: RUNNING
2026-06-23 03:03:17,603 Sleeping for 8s. Reason: RUNNING
2026-06-23 03:03:26,100 Sleeping for 9s. Reason: RUNNING
2026-06-23 03:03:35,585 Sleeping for 6s. Reason: RUNNING
2026-06-23 03:03:42,073 Sleeping for 7s. Reason: RUNNING
2026-06-23 03:03:49,540 Sleeping for 7s. Reason: RUNNING
2026-06-23 03:03:57,052 Sleeping for 6s. Reason: RUNNING
2026-06-23 03:04:03,560 Sleeping for 9s. Reason: RUNNING
2026-06-23 03:04:13,051 Sleeping for 6s. Reason: RUNNING
2026-06-23 03:04:19,534 Sleeping for 9s. Reason: RUNNING
2026-06-23 03:04:29,000 Sleeping for 7s. Reason: RUNNING
2026-06-23 03:04:36,470 Sleeping for 6s. Reason: RUNNING
2026-06-23 03:04:43,030 Sleeping for 8s. Reason: RUNNING
2026-06-23 03:04:51,521 Sleeping for 7s. Reason: RUNNING
2026-06-23 03:04:59,017 Sleeping for 5s. Reason: RUNNING
2026-06-23 03:05:04,492 Sleeping for 5s. Reason: RUNNING
2026-06-23 03:05:09,968 Sleeping for 10s. Reason: RUNNING
2026-06-23 03:05:20,497 Sleeping for 8s. Reason: RUNNING
2026-06-23 03:05:28,991 Sleeping for 10s. Reason: RUNNING
2026-06-23 03:05:39,472 Sleeping for 6s. Reason: RUNNING
2026-06-23 03:05:45,969 Sleeping for 8s. Reason: RUNNING
2026-06-23 03:05:54,427 Sleeping for 6s. Reason: RUNNING
2026-06-23 03:06:00,911 Sleeping for 10s. Reason: RUNNING
2026-06-23 03:06:11,414 Sleeping for 5s. Reason: RUNNING
2026-06-23 03:06:16,881 Sleeping for 5s. Reason: RUNNING
2026-06-23 03:06:22,345 Sleeping for 6s. Reason: RUNNING
2026-06-23 03:06:28,837 Sleeping for 7s. Reason: RUNNING
2026-06-23 03:06:36,306 Sleeping for 10s. Reason: RUNNING
2026-06-23 03:06:46,795 Sleeping for 5s. Reason: RUNNING
2026-06-23 03:06:52,298 Sleeping for 9s. Reason: RUNNING
2026-06-23 03:07:01,783 Sleeping for 5s. Reason: RUNNING
2026-06-23 03:07:07,281 Sleeping for 9s. Reason: RUNNING
2026-06-23 03:07:16,769 Sleeping for 5s. Reason: RUNNING
2026-06-23 03:07:22,276 Sleeping for 7s. Reason: RUNNING
2026-06-23 03:07:29,745 Sleeping for 5s. Reason: RUNNING
2026-06-23 03:07:35,334 Sleeping for 6s. Reason: RUNNING
2026-06-23 03:07:41,838 Sleeping for 6s. Reason: RUNNING
2026-06-23 03:07:48,337 Sleeping for 5s. Reason: RUNNING
2026-06-23 03:07:53,839 Sleeping for 9s. Reason: RUNNING
2026-06-23 03:08:03,338 Sleeping for 7s. Reason: RUNNING
2026-06-23 03:08:40,088 Padding length to 933
2026-06-23 03:09:52,425 alphafold2_ptm_model_1_seed_000 recycle=0 pLDDT=86.3 pTM=0.601
2026-06-23 03:11:03,741 alphafold2_ptm_model_1_seed_000 recycle=1 pLDDT=88.2 pTM=0.612 tol=5.41
2026-06-23 03:11:03,768 alphafold2_ptm_model_1_seed_000 took 143.7s (1 recycles)
2026-06-23 03:11:04,666 reranking models by 'plddt' metric
2026-06-23 03:11:04,666 rank_001_alphafold2_ptm_model_1_seed_000 pLDDT=88.2 pTM=0.612
2026-06-23 03:11:06,627 Query 38/62: Vitis_vinifera_g265280.p01_VCORE (length 951)
    folding 38/62 · Vitis_vinifera_g265280.p01_VCORE (951 aa)

  0%|          | 0/150 [elapsed: 00:00 remaining: ?]
SUBMIT:   0%|          | 0/150 [elapsed: 00:00 remaining: ?]
PENDING:   0%|          | 0/150 [elapsed: 00:00 remaining: ?]
                                                             

PENDING:   0%|          | 0/150 [elapsed: 00:00 remaining: ?]
RUNNING:   0%|          | 0/150 [elapsed: 00:13 remaining: ?]
RUNNING:   5%|▍         | 7/150 [elapsed: 00:13 remaining: 04:28]
                                                                 

RUNNING:   5%|▍         | 7/150 [elapsed: 00:13 remaining: 04:28]
RUNNING:   5%|▍         | 7/150 [elapsed: 00:19 remaining: 04:28]
RUNNING:   9%|▊         | 13/150 [elapsed: 00:19 remaining: 03:17]
                                                                  

RUNNING:   9%|▊         | 13/150 [elapsed: 00:19 remaining: 03:17]
RUNNING:   9%|▊         | 13/150 [elapsed: 00:29 remaining: 03:17]
RUNNING:  15%|█▍        | 22/150 [elapsed: 00:29 remaining: 02:37]
                                                                  

RUNNING:  15%|█▍        | 22/150 [elapsed: 00:29 remaining: 02:37]
RUNNING:  15%|█▍        | 22/150 [elapsed: 00:37 remaining: 02:37]
RUNNING:  20%|██        | 30/150 [elapsed: 00:37 remaining: 02:19]
                                                                  

RUNNING:  20%|██        | 30/150 [elapsed: 00:37 remaining: 02:19]
RUNNING:  20%|██        | 30/150 [elapsed: 00:46 remaining: 02:19]
RUNNING:  25%|██▌       | 38/150 [elapsed: 00:46 remaining: 02:05]
                                                                  

RUNNING:  25%|██▌       | 38/150 [elapsed: 00:46 remaining: 02:05]
RUNNING:  25%|██▌       | 38/150 [elapsed: 00:51 remaining: 02:05]
RUNNING:  29%|██▊       | 43/150 [elapsed: 00:51 remaining: 01:59]
                                                                  

RUNNING:  29%|██▊       | 43/150 [elapsed: 00:51 remaining: 01:59]
RUNNING:  29%|██▊       | 43/150 [elapsed: 01:02 remaining: 01:59]
RUNNING:  35%|███▌      | 53/150 [elapsed: 01:02 remaining: 01:45]
                                                                  

RUNNING:  35%|███▌      | 53/150 [elapsed: 01:02 remaining: 01:45]
RUNNING:  35%|███▌      | 53/150 [elapsed: 01:07 remaining: 01:45]
RUNNING:  39%|███▊      | 58/150 [elapsed: 01:07 remaining: 01:40]
                                                                  

RUNNING:  39%|███▊      | 58/150 [elapsed: 01:07 remaining: 01:40]
RUNNING:  39%|███▊      | 58/150 [elapsed: 01:14 remaining: 01:40]
RUNNING:  43%|████▎     | 64/150 [elapsed: 01:14 remaining: 01:33]
                                                                  

RUNNING:  43%|████▎     | 64/150 [elapsed: 01:14 remaining: 01:33]
RUNNING:  43%|████▎     | 64/150 [elapsed: 01:19 remaining: 01:33]
RUNNING:  46%|████▌     | 69/150 [elapsed: 01:19 remaining: 01:28]
                                                                  

RUNNING:  46%|████▌     | 69/150 [elapsed: 01:19 remaining: 01:28]
RUNNING:  46%|████▌     | 69/150 [elapsed: 01:27 remaining: 01:28]
RUNNING:  51%|█████     | 76/150 [elapsed: 01:27 remaining: 01:20]
                                                                  

RUNNING:  51%|█████     | 76/150 [elapsed: 01:27 remaining: 01:20]
RUNNING:  51%|█████     | 76/150 [elapsed: 01:37 remaining: 01:20]
RUNNING:  57%|█████▋    | 86/150 [elapsed: 01:37 remaining: 01:08]
                                                                  

RUNNING:  57%|█████▋    | 86/150 [elapsed: 01:37 remaining: 01:08]
RUNNING:  57%|█████▋    | 86/150 [elapsed: 01:43 remaining: 01:08]
RUNNING:  61%|██████    | 91/150 [elapsed: 01:43 remaining: 01:03]
                                                                  

RUNNING:  61%|██████    | 91/150 [elapsed: 01:43 remaining: 01:03]
RUNNING:  61%|██████    | 91/150 [elapsed: 01:48 remaining: 01:03]
RUNNING:  64%|██████▍   | 96/150 [elapsed: 01:48 remaining: 00:58]
                                                                  

RUNNING:  64%|██████▍   | 96/150 [elapsed: 01:48 remaining: 00:58]
RUNNING:  64%|██████▍   | 96/150 [elapsed: 01:58 remaining: 00:58]
RUNNING:  70%|███████   | 105/150 [elapsed: 01:58 remaining: 00:49]
                                                                   

RUNNING:  70%|███████   | 105/150 [elapsed: 01:58 remaining: 00:49]
RUNNING:  70%|███████   | 105/150 [elapsed: 02:05 remaining: 00:49]
RUNNING:  74%|███████▍  | 111/150 [elapsed: 02:05 remaining: 00:42]
                                                                   

RUNNING:  74%|███████▍  | 111/150 [elapsed: 02:05 remaining: 00:42]
RUNNING:  74%|███████▍  | 111/150 [elapsed: 02:14 remaining: 00:42]
RUNNING:  80%|████████  | 120/150 [elapsed: 02:14 remaining: 00:32]
                                                                   

RUNNING:  80%|████████  | 120/150 [elapsed: 02:14 remaining: 00:32]
RUNNING:  80%|████████  | 120/150 [elapsed: 02:22 remaining: 00:32]
RUNNING:  85%|████████▍ | 127/150 [elapsed: 02:22 remaining: 00:24]
                                                                   

RUNNING:  85%|████████▍ | 127/150 [elapsed: 02:22 remaining: 00:24]
RUNNING:  85%|████████▍ | 127/150 [elapsed: 02:31 remaining: 00:24]
RUNNING:  91%|█████████ | 136/150 [elapsed: 02:31 remaining: 00:14]
                                                                   

RUNNING:  91%|█████████ | 136/150 [elapsed: 02:31 remaining: 00:14]
RUNNING:  91%|█████████ | 136/150 [elapsed: 02:37 remaining: 00:14]
RUNNING:  94%|█████████▍| 141/150 [elapsed: 02:37 remaining: 00:09]
                                                                   

RUNNING:  94%|█████████▍| 141/150 [elapsed: 02:37 remaining: 00:09]
RUNNING:  94%|█████████▍| 141/150 [elapsed: 02:46 remaining: 00:09]
RUNNING: 100%|██████████| 150/150 [elapsed: 02:46 remaining: 00:00]
                                                                   

RUNNING: 100%|██████████| 150/150 [elapsed: 02:46 remaining: 00:00]
RUNNING: 100%|██████████| 150/150 [elapsed: 02:52 remaining: 00:00]
RUNNING: |          | 155/? [elapsed: 02:52 remaining: 00:00]      
                                                             

RUNNING: |          | 155/? [elapsed: 02:52 remaining: 00:00]
RUNNING: |          | 155/? [elapsed: 02:58 remaining: 00:00]
RUNNING: |          | 161/? [elapsed: 02:58 remaining: 00:00]
                                                             

RUNNING: |          | 161/? [elapsed: 02:58 remaining: 00:00]
RUNNING: |          | 161/? [elapsed: 03:04 remaining: 00:00]
RUNNING: |          | 166/? [elapsed: 03:04 remaining: 00:00]
                                                             

RUNNING: |          | 166/? [elapsed: 03:04 remaining: 00:00]
RUNNING: |          | 166/? [elapsed: 03:10 remaining: 00:00]
RUNNING: |          | 172/? [elapsed: 03:10 remaining: 00:00]
                                                             

RUNNING: |          | 172/? [elapsed: 03:10 remaining: 00:00]
RUNNING: |          | 172/? [elapsed: 03:17 remaining: 00:00]
RUNNING: |          | 178/? [elapsed: 03:17 remaining: 00:00]
                                                             

RUNNING: |          | 178/? [elapsed: 03:17 remaining: 00:00]
RUNNING: |          | 178/? [elapsed: 03:24 remaining: 00:00]
RUNNING: |          | 185/? [elapsed: 03:24 remaining: 00:00]
                                                             

RUNNING: |          | 185/? [elapsed: 03:24 remaining: 00:00]
RUNNING: |          | 185/? [elapsed: 03:35 remaining: 00:00]
RUNNING: |          | 195/? [elapsed: 03:35 remaining: 00:00]
                                                             

RUNNING: |          | 195/? [elapsed: 03:35 remaining: 00:00]
RUNNING: |          | 195/? [elapsed: 03:41 remaining: 00:00]
RUNNING: |          | 201/? [elapsed: 03:41 remaining: 00:00]
                                                             

RUNNING: |          | 201/? [elapsed: 03:41 remaining: 00:00]
RUNNING: |          | 201/? [elapsed: 03:52 remaining: 00:00]
RUNNING: |          | 211/? [elapsed: 03:52 remaining: 00:00]
                                                             

RUNNING: |          | 211/? [elapsed: 03:52 remaining: 00:00]
RUNNING: |          | 211/? [elapsed: 03:59 remaining: 00:00]
RUNNING: |          | 218/? [elapsed: 03:59 remaining: 00:00]
                                                             

RUNNING: |          | 218/? [elapsed: 03:59 remaining: 00:00]
RUNNING: |          | 218/? [elapsed: 04:09 remaining: 00:00]
RUNNING: |          | 227/? [elapsed: 04:09 remaining: 00:00]
                                                             

RUNNING: |          | 227/? [elapsed: 04:09 remaining: 00:00]
RUNNING: |          | 227/? [elapsed: 04:19 remaining: 00:00]
RUNNING: |          | 237/? [elapsed: 04:19 remaining: 00:00]
                                                             

RUNNING: |          | 237/? [elapsed: 04:19 remaining: 00:00]
RUNNING: |          | 237/? [elapsed: 04:26 remaining: 00:00]
RUNNING: |          | 243/? [elapsed: 04:26 remaining: 00:00]
                                                             

RUNNING: |          | 243/? [elapsed: 04:26 remaining: 00:00]
RUNNING: |          | 243/? [elapsed: 04:31 remaining: 00:00]
RUNNING: |          | 248/? [elapsed: 04:31 remaining: 00:00]
                                                             

RUNNING: |          | 248/? [elapsed: 04:31 remaining: 00:00]
COMPLETE: |          | 248/? [elapsed: 04:39 remaining: 00:00]
COMPLETE: |          | 248/? [elapsed: 04:42 remaining: 00:00]
2026-06-23 03:11:07,307 Sleeping for 7s. Reason: PENDING
2026-06-23 03:11:19,810 Sleeping for 6s. Reason: RUNNING
2026-06-23 03:11:26,296 Sleeping for 9s. Reason: RUNNING
2026-06-23 03:11:35,770 Sleeping for 8s. Reason: RUNNING
2026-06-23 03:11:44,276 Sleeping for 8s. Reason: RUNNING
2026-06-23 03:11:52,753 Sleeping for 5s. Reason: RUNNING
2026-06-23 03:11:58,246 Sleeping for 10s. Reason: RUNNING
2026-06-23 03:12:08,762 Sleeping for 5s. Reason: RUNNING
2026-06-23 03:12:14,232 Sleeping for 6s. Reason: RUNNING
2026-06-23 03:12:20,731 Sleeping for 5s. Reason: RUNNING
2026-06-23 03:12:26,239 Sleeping for 7s. Reason: RUNNING
2026-06-23 03:12:33,729 Sleeping for 10s. Reason: RUNNING
2026-06-23 03:12:44,217 Sleeping for 5s. Reason: RUNNING
2026-06-23 03:12:49,716 Sleeping for 5s. Reason: RUNNING
2026-06-23 03:12:55,212 Sleeping for 9s. Reason: RUNNING
2026-06-23 03:13:05,290 Sleeping for 6s. Reason: RUNNING
2026-06-23 03:13:11,819 Sleeping for 9s. Reason: RUNNING
2026-06-23 03:13:21,296 Sleeping for 7s. Reason: RUNNING
2026-06-23 03:13:28,797 Sleeping for 9s. Reason: RUNNING
2026-06-23 03:13:38,278 Sleeping for 5s. Reason: RUNNING
2026-06-23 03:13:43,749 Sleeping for 9s. Reason: RUNNING
2026-06-23 03:13:53,230 Sleeping for 5s. Reason: RUNNING
2026-06-23 03:13:58,734 Sleeping for 6s. Reason: RUNNING
2026-06-23 03:14:05,262 Sleeping for 5s. Reason: RUNNING
2026-06-23 03:14:10,764 Sleeping for 6s. Reason: RUNNING
2026-06-23 03:14:17,233 Sleeping for 6s. Reason: RUNNING
2026-06-23 03:14:23,730 Sleeping for 7s. Reason: RUNNING
2026-06-23 03:14:31,209 Sleeping for 10s. Reason: RUNNING
2026-06-23 03:14:41,728 Sleeping for 6s. Reason: RUNNING
2026-06-23 03:14:48,250 Sleeping for 10s. Reason: RUNNING
2026-06-23 03:14:58,754 Sleeping for 7s. Reason: RUNNING
2026-06-23 03:15:06,274 Sleeping for 9s. Reason: RUNNING
2026-06-23 03:15:15,787 Sleeping for 10s. Reason: RUNNING
2026-06-23 03:15:26,277 Sleeping for 6s. Reason: RUNNING
2026-06-23 03:15:32,767 Sleeping for 5s. Reason: RUNNING
2026-06-23 03:15:38,272 Sleeping for 7s. Reason: RUNNING
2026-06-23 03:16:08,803 Padding length to 961
2026-06-23 03:18:16,893 alphafold2_ptm_model_1_seed_000 recycle=0 pLDDT=83 pTM=0.64
2026-06-23 03:19:32,018 alphafold2_ptm_model_1_seed_000 recycle=1 pLDDT=83.6 pTM=0.667 tol=3.51
2026-06-23 03:19:32,020 alphafold2_ptm_model_1_seed_000 took 203.2s (1 recycles)
2026-06-23 03:19:32,945 reranking models by 'plddt' metric
2026-06-23 03:19:32,945 rank_001_alphafold2_ptm_model_1_seed_000 pLDDT=83.6 pTM=0.667
2026-06-23 03:19:34,339 Query 39/62: Vitis_vinifera_g066670.p01_VCORE (length 954)
    folding 39/62 · Vitis_vinifera_g066670.p01_VCORE (954 aa)

  0%|          | 0/150 [elapsed: 00:00 remaining: ?]
SUBMIT:   0%|          | 0/150 [elapsed: 00:00 remaining: ?]
PENDING:   0%|          | 0/150 [elapsed: 00:00 remaining: ?]
                                                             

PENDING:   0%|          | 0/150 [elapsed: 00:00 remaining: ?]
RUNNING:   0%|          | 0/150 [elapsed: 00:09 remaining: ?]
RUNNING:   5%|▌         | 8/150 [elapsed: 00:09 remaining: 02:40]
                                                                 

RUNNING:   5%|▌         | 8/150 [elapsed: 00:09 remaining: 02:40]
RUNNING:   5%|▌         | 8/150 [elapsed: 00:17 remaining: 02:40]
RUNNING:  11%|█         | 16/150 [elapsed: 00:17 remaining: 02:26]
                                                                  

RUNNING:  11%|█         | 16/150 [elapsed: 00:17 remaining: 02:26]
RUNNING:  11%|█         | 16/150 [elapsed: 00:27 remaining: 02:26]
RUNNING:  17%|█▋        | 25/150 [elapsed: 00:27 remaining: 02:14]
                                                                  

RUNNING:  17%|█▋        | 25/150 [elapsed: 00:27 remaining: 02:14]
RUNNING:  17%|█▋        | 25/150 [elapsed: 00:33 remaining: 02:14]
RUNNING:  21%|██        | 31/150 [elapsed: 00:33 remaining: 02:08]
                                                                  

RUNNING:  21%|██        | 31/150 [elapsed: 00:33 remaining: 02:08]
RUNNING:  21%|██        | 31/150 [elapsed: 00:43 remaining: 02:08]
RUNNING:  27%|██▋       | 40/150 [elapsed: 00:43 remaining: 01:57]
                                                                  

RUNNING:  27%|██▋       | 40/150 [elapsed: 00:43 remaining: 01:57]
RUNNING:  27%|██▋       | 40/150 [elapsed: 00:53 remaining: 01:57]
RUNNING:  33%|███▎      | 50/150 [elapsed: 00:53 remaining: 01:46]
                                                                  

RUNNING:  33%|███▎      | 50/150 [elapsed: 00:53 remaining: 01:46]
RUNNING:  33%|███▎      | 50/150 [elapsed: 01:01 remaining: 01:46]
RUNNING:  38%|███▊      | 57/150 [elapsed: 01:01 remaining: 01:39]
                                                                  

RUNNING:  38%|███▊      | 57/150 [elapsed: 01:01 remaining: 01:39]
RUNNING:  38%|███▊      | 57/150 [elapsed: 01:06 remaining: 01:39]
RUNNING:  41%|████▏     | 62/150 [elapsed: 01:06 remaining: 01:34]
                                                                  

RUNNING:  41%|████▏     | 62/150 [elapsed: 01:06 remaining: 01:34]
RUNNING:  41%|████▏     | 62/150 [elapsed: 01:14 remaining: 01:34]
RUNNING:  46%|████▌     | 69/150 [elapsed: 01:14 remaining: 01:26]
                                                                  

RUNNING:  46%|████▌     | 69/150 [elapsed: 01:14 remaining: 01:26]
RUNNING:  46%|████▌     | 69/150 [elapsed: 01:20 remaining: 01:26]
RUNNING:  50%|█████     | 75/150 [elapsed: 01:20 remaining: 01:20]
                                                                  

RUNNING:  50%|█████     | 75/150 [elapsed: 01:20 remaining: 01:20]
RUNNING:  50%|█████     | 75/150 [elapsed: 01:27 remaining: 01:20]
RUNNING:  54%|█████▍    | 81/150 [elapsed: 01:27 remaining: 01:14]
                                                                  

RUNNING:  54%|█████▍    | 81/150 [elapsed: 01:27 remaining: 01:14]
RUNNING:  54%|█████▍    | 81/150 [elapsed: 01:33 remaining: 01:14]
RUNNING:  58%|█████▊    | 87/150 [elapsed: 01:33 remaining: 01:09]
                                                                  

RUNNING:  58%|█████▊    | 87/150 [elapsed: 01:33 remaining: 01:09]
RUNNING:  58%|█████▊    | 87/150 [elapsed: 01:44 remaining: 01:09]
RUNNING:  65%|██████▍   | 97/150 [elapsed: 01:44 remaining: 00:57]
                                                                  

RUNNING:  65%|██████▍   | 97/150 [elapsed: 01:44 remaining: 00:57]
RUNNING:  65%|██████▍   | 97/150 [elapsed: 01:49 remaining: 00:57]
RUNNING:  68%|██████▊   | 102/150 [elapsed: 01:49 remaining: 00:51]
                                                                   

RUNNING:  68%|██████▊   | 102/150 [elapsed: 01:49 remaining: 00:51]
RUNNING:  68%|██████▊   | 102/150 [elapsed: 01:55 remaining: 00:51]
RUNNING:  71%|███████▏  | 107/150 [elapsed: 01:55 remaining: 00:46]
                                                                   

RUNNING:  71%|███████▏  | 107/150 [elapsed: 01:55 remaining: 00:46]
RUNNING:  71%|███████▏  | 107/150 [elapsed: 02:02 remaining: 00:46]
RUNNING:  76%|███████▌  | 114/150 [elapsed: 02:02 remaining: 00:38]
                                                                   

RUNNING:  76%|███████▌  | 114/150 [elapsed: 02:02 remaining: 00:38]
RUNNING:  76%|███████▌  | 114/150 [elapsed: 02:13 remaining: 00:38]
RUNNING:  83%|████████▎ | 124/150 [elapsed: 02:13 remaining: 00:27]
                                                                   

RUNNING:  83%|████████▎ | 124/150 [elapsed: 02:13 remaining: 00:27]
RUNNING:  83%|████████▎ | 124/150 [elapsed: 02:18 remaining: 00:27]
RUNNING:  86%|████████▌ | 129/150 [elapsed: 02:18 remaining: 00:22]
                                                                   

RUNNING:  86%|████████▌ | 129/150 [elapsed: 02:18 remaining: 00:22]
RUNNING:  86%|████████▌ | 129/150 [elapsed: 02:26 remaining: 00:22]
RUNNING:  91%|█████████ | 136/150 [elapsed: 02:26 remaining: 00:15]
                                                                   

RUNNING:  91%|█████████ | 136/150 [elapsed: 02:26 remaining: 00:15]
RUNNING:  91%|█████████ | 136/150 [elapsed: 02:36 remaining: 00:15]
RUNNING:  97%|█████████▋| 146/150 [elapsed: 02:36 remaining: 00:04]
                                                                   

RUNNING:  97%|█████████▋| 146/150 [elapsed: 02:36 remaining: 00:04]
RUNNING:  97%|█████████▋| 146/150 [elapsed: 02:46 remaining: 00:04]
RUNNING: |          | 155/? [elapsed: 02:46 remaining: 00:00]      
                                                             

RUNNING: |          | 155/? [elapsed: 02:46 remaining: 00:00]
RUNNING: |          | 155/? [elapsed: 02:54 remaining: 00:00]
RUNNING: |          | 163/? [elapsed: 02:54 remaining: 00:00]
                                                             

RUNNING: |          | 163/? [elapsed: 02:54 remaining: 00:00]
RUNNING: |          | 163/? [elapsed: 03:01 remaining: 00:00]
RUNNING: |          | 169/? [elapsed: 03:01 remaining: 00:00]
                                                             

RUNNING: |          | 169/? [elapsed: 03:01 remaining: 00:00]
RUNNING: |          | 169/? [elapsed: 03:08 remaining: 00:00]
RUNNING: |          | 175/? [elapsed: 03:08 remaining: 00:00]
                                                             

RUNNING: |          | 175/? [elapsed: 03:08 remaining: 00:00]
RUNNING: |          | 175/? [elapsed: 03:18 remaining: 00:00]
RUNNING: |          | 185/? [elapsed: 03:18 remaining: 00:00]
                                                             

RUNNING: |          | 185/? [elapsed: 03:18 remaining: 00:00]
RUNNING: |          | 185/? [elapsed: 03:29 remaining: 00:00]
RUNNING: |          | 195/? [elapsed: 03:29 remaining: 00:00]
                                                             

RUNNING: |          | 195/? [elapsed: 03:29 remaining: 00:00]
RUNNING: |          | 195/? [elapsed: 03:39 remaining: 00:00]
RUNNING: |          | 205/? [elapsed: 03:39 remaining: 00:00]
                                                             

RUNNING: |          | 205/? [elapsed: 03:39 remaining: 00:00]
RUNNING: |          | 205/? [elapsed: 03:50 remaining: 00:00]
RUNNING: |          | 215/? [elapsed: 03:50 remaining: 00:00]
                                                             

RUNNING: |          | 215/? [elapsed: 03:50 remaining: 00:00]
RUNNING: |          | 215/? [elapsed: 04:00 remaining: 00:00]
RUNNING: |          | 225/? [elapsed: 04:00 remaining: 00:00]
                                                             

RUNNING: |          | 225/? [elapsed: 04:00 remaining: 00:00]
RUNNING: |          | 225/? [elapsed: 04:11 remaining: 00:00]
RUNNING: |          | 235/? [elapsed: 04:11 remaining: 00:00]
                                                             

RUNNING: |          | 235/? [elapsed: 04:11 remaining: 00:00]
RUNNING: |          | 235/? [elapsed: 04:16 remaining: 00:00]
RUNNING: |          | 240/? [elapsed: 04:16 remaining: 00:00]
                                                             

RUNNING: |          | 240/? [elapsed: 04:16 remaining: 00:00]
RUNNING: |          | 240/? [elapsed: 04:25 remaining: 00:00]
RUNNING: |          | 248/? [elapsed: 04:25 remaining: 00:00]
                                                             

RUNNING: |          | 248/? [elapsed: 04:25 remaining: 00:00]
RUNNING: |          | 248/? [elapsed: 04:31 remaining: 00:00]
RUNNING: |          | 254/? [elapsed: 04:31 remaining: 00:00]
                                                             

RUNNING: |          | 254/? [elapsed: 04:31 remaining: 00:00]
RUNNING: |          | 254/? [elapsed: 04:41 remaining: 00:00]
RUNNING: |          | 263/? [elapsed: 04:41 remaining: 00:00]
                                                             

RUNNING: |          | 263/? [elapsed: 04:41 remaining: 00:00]
COMPLETE: |          | 263/? [elapsed: 04:51 remaining: 00:00]
COMPLETE: |          | 263/? [elapsed: 04:53 remaining: 00:00]
2026-06-23 03:19:34,869 Sleeping for 8s. Reason: PENDING
2026-06-23 03:19:43,380 Sleeping for 8s. Reason: RUNNING
2026-06-23 03:19:51,901 Sleeping for 9s. Reason: RUNNING
2026-06-23 03:20:01,448 Sleeping for 6s. Reason: RUNNING
2026-06-23 03:20:07,936 Sleeping for 9s. Reason: RUNNING
2026-06-23 03:20:17,431 Sleeping for 10s. Reason: RUNNING
2026-06-23 03:20:27,913 Sleeping for 7s. Reason: RUNNING
2026-06-23 03:20:35,446 Sleeping for 5s. Reason: RUNNING
2026-06-23 03:20:40,933 Sleeping for 7s. Reason: RUNNING
2026-06-23 03:20:48,443 Sleeping for 6s. Reason: RUNNING
2026-06-23 03:20:54,998 Sleeping for 6s. Reason: RUNNING
2026-06-23 03:21:01,493 Sleeping for 6s. Reason: RUNNING
2026-06-23 03:21:08,306 Sleeping for 10s. Reason: RUNNING
2026-06-23 03:21:18,801 Sleeping for 5s. Reason: RUNNING
2026-06-23 03:21:24,297 Sleeping for 5s. Reason: RUNNING
2026-06-23 03:21:29,807 Sleeping for 7s. Reason: RUNNING
2026-06-23 03:21:37,337 Sleeping for 10s. Reason: RUNNING
2026-06-23 03:21:47,817 Sleeping for 5s. Reason: RUNNING
2026-06-23 03:21:53,308 Sleeping for 7s. Reason: RUNNING
2026-06-23 03:22:00,797 Sleeping for 10s. Reason: RUNNING
2026-06-23 03:22:11,298 Sleeping for 9s. Reason: RUNNING
2026-06-23 03:22:20,841 Sleeping for 8s. Reason: RUNNING
2026-06-23 03:22:29,333 Sleeping for 6s. Reason: RUNNING
2026-06-23 03:22:35,848 Sleeping for 6s. Reason: RUNNING
2026-06-23 03:22:42,369 Sleeping for 10s. Reason: RUNNING
2026-06-23 03:22:52,861 Sleeping for 10s. Reason: RUNNING
2026-06-23 03:23:03,368 Sleeping for 10s. Reason: RUNNING
2026-06-23 03:23:13,895 Sleeping for 10s. Reason: RUNNING
2026-06-23 03:23:24,403 Sleeping for 10s. Reason: RUNNING
2026-06-23 03:23:34,911 Sleeping for 10s. Reason: RUNNING
2026-06-23 03:23:45,424 Sleeping for 5s. Reason: RUNNING
2026-06-23 03:23:50,903 Sleeping for 8s. Reason: RUNNING
2026-06-23 03:23:59,413 Sleeping for 6s. Reason: RUNNING
2026-06-23 03:24:05,924 Sleeping for 9s. Reason: RUNNING
2026-06-23 03:24:15,441 Sleeping for 10s. Reason: RUNNING
2026-06-23 03:24:50,036 Padding length to 961
2026-06-23 03:26:05,025 alphafold2_ptm_model_1_seed_000 recycle=0 pLDDT=84.7 pTM=0.611
2026-06-23 03:27:22,064 alphafold2_ptm_model_1_seed_000 recycle=1 pLDDT=85.4 pTM=0.633 tol=7.69
2026-06-23 03:27:22,370 alphafold2_ptm_model_1_seed_000 took 152.3s (1 recycles)
2026-06-23 03:27:23,758 reranking models by 'plddt' metric
2026-06-23 03:27:23,759 rank_001_alphafold2_ptm_model_1_seed_000 pLDDT=85.4 pTM=0.633
2026-06-23 03:27:26,141 Query 40/62: Vitis_vinifera_g194300.p01_VCORE (length 968)
    folding 40/62 · Vitis_vinifera_g194300.p01_VCORE (968 aa)

  0%|          | 0/150 [elapsed: 00:00 remaining: ?]
SUBMIT:   0%|          | 0/150 [elapsed: 00:00 remaining: ?]
PENDING:   0%|          | 0/150 [elapsed: 00:01 remaining: ?]
                                                             

PENDING:   0%|          | 0/150 [elapsed: 00:01 remaining: ?]
PENDING:   0%|          | 0/150 [elapsed: 00:10 remaining: ?]
                                                             

PENDING:   0%|          | 0/150 [elapsed: 00:10 remaining: ?]
PENDING:   0%|          | 0/150 [elapsed: 00:21 remaining: ?]
                                                             

PENDING:   0%|          | 0/150 [elapsed: 00:21 remaining: ?]
RUNNING:   0%|          | 0/150 [elapsed: 00:28 remaining: ?]
RUNNING:   5%|▍         | 7/150 [elapsed: 00:28 remaining: 09:50]
                                                                 

RUNNING:   5%|▍         | 7/150 [elapsed: 00:28 remaining: 09:50]
RUNNING:   5%|▍         | 7/150 [elapsed: 00:36 remaining: 09:50]
RUNNING:   9%|▉         | 14/150 [elapsed: 00:36 remaining: 05:16]
                                                                  

RUNNING:   9%|▉         | 14/150 [elapsed: 00:36 remaining: 05:16]
RUNNING:   9%|▉         | 14/150 [elapsed: 00:43 remaining: 05:16]
RUNNING:  14%|█▍        | 21/150 [elapsed: 00:43 remaining: 03:46]
                                                                  

RUNNING:  14%|█▍        | 21/150 [elapsed: 00:43 remaining: 03:46]
RUNNING:  14%|█▍        | 21/150 [elapsed: 00:54 remaining: 03:46]
RUNNING:  21%|██        | 31/150 [elapsed: 00:54 remaining: 02:48]
                                                                  

RUNNING:  21%|██        | 31/150 [elapsed: 00:54 remaining: 02:48]
RUNNING:  21%|██        | 31/150 [elapsed: 01:04 remaining: 02:48]
RUNNING:  27%|██▋       | 41/150 [elapsed: 01:04 remaining: 02:18]
                                                                  

RUNNING:  27%|██▋       | 41/150 [elapsed: 01:04 remaining: 02:18]
RUNNING:  27%|██▋       | 41/150 [elapsed: 01:13 remaining: 02:18]
RUNNING:  33%|███▎      | 49/150 [elapsed: 01:13 remaining: 02:01]
                                                                  

RUNNING:  33%|███▎      | 49/150 [elapsed: 01:13 remaining: 02:01]
RUNNING:  33%|███▎      | 49/150 [elapsed: 01:23 remaining: 02:01]
RUNNING:  39%|███▉      | 59/150 [elapsed: 01:23 remaining: 01:44]
                                                                  

RUNNING:  39%|███▉      | 59/150 [elapsed: 01:23 remaining: 01:44]
RUNNING:  39%|███▉      | 59/150 [elapsed: 01:32 remaining: 01:44]
RUNNING:  45%|████▍     | 67/150 [elapsed: 01:32 remaining: 01:33]
                                                                  

RUNNING:  45%|████▍     | 67/150 [elapsed: 01:32 remaining: 01:33]
RUNNING:  45%|████▍     | 67/150 [elapsed: 01:37 remaining: 01:33]
RUNNING:  48%|████▊     | 72/150 [elapsed: 01:37 remaining: 01:27]
                                                                  

RUNNING:  48%|████▊     | 72/150 [elapsed: 01:37 remaining: 01:27]
RUNNING:  48%|████▊     | 72/150 [elapsed: 01:44 remaining: 01:27]
RUNNING:  52%|█████▏    | 78/150 [elapsed: 01:44 remaining: 01:19]
                                                                  

RUNNING:  52%|█████▏    | 78/150 [elapsed: 01:44 remaining: 01:19]
RUNNING:  52%|█████▏    | 78/150 [elapsed: 01:54 remaining: 01:19]
RUNNING:  59%|█████▊    | 88/150 [elapsed: 01:54 remaining: 01:07]
                                                                  

RUNNING:  59%|█████▊    | 88/150 [elapsed: 01:54 remaining: 01:07]
RUNNING:  59%|█████▊    | 88/150 [elapsed: 02:05 remaining: 01:07]
RUNNING:  65%|██████▌   | 98/150 [elapsed: 02:05 remaining: 00:55]
                                                                  

RUNNING:  65%|██████▌   | 98/150 [elapsed: 02:05 remaining: 00:55]
RUNNING:  65%|██████▌   | 98/150 [elapsed: 02:11 remaining: 00:55]
RUNNING:  69%|██████▉   | 104/150 [elapsed: 02:11 remaining: 00:49]
                                                                   

RUNNING:  69%|██████▉   | 104/150 [elapsed: 02:11 remaining: 00:49]
RUNNING:  69%|██████▉   | 104/150 [elapsed: 02:20 remaining: 00:49]
RUNNING:  75%|███████▍  | 112/150 [elapsed: 02:20 remaining: 00:40]
                                                                   

RUNNING:  75%|███████▍  | 112/150 [elapsed: 02:20 remaining: 00:40]
RUNNING:  75%|███████▍  | 112/150 [elapsed: 02:30 remaining: 00:40]
RUNNING:  81%|████████▏ | 122/150 [elapsed: 02:30 remaining: 00:29]
                                                                   

RUNNING:  81%|████████▏ | 122/150 [elapsed: 02:30 remaining: 00:29]
RUNNING:  81%|████████▏ | 122/150 [elapsed: 02:40 remaining: 00:29]
RUNNING:  87%|████████▋ | 131/150 [elapsed: 02:40 remaining: 00:20]
                                                                   

RUNNING:  87%|████████▋ | 131/150 [elapsed: 02:40 remaining: 00:20]
RUNNING:  87%|████████▋ | 131/150 [elapsed: 02:46 remaining: 00:20]
RUNNING:  91%|█████████▏| 137/150 [elapsed: 02:46 remaining: 00:13]
                                                                   

RUNNING:  91%|█████████▏| 137/150 [elapsed: 02:46 remaining: 00:13]
RUNNING:  91%|█████████▏| 137/150 [elapsed: 02:54 remaining: 00:13]
RUNNING:  96%|█████████▌| 144/150 [elapsed: 02:54 remaining: 00:06]
                                                                   

RUNNING:  96%|█████████▌| 144/150 [elapsed: 02:54 remaining: 00:06]
RUNNING:  96%|█████████▌| 144/150 [elapsed: 03:01 remaining: 00:06]
RUNNING: |          | 151/? [elapsed: 03:01 remaining: 00:00]      
                                                             

RUNNING: |          | 151/? [elapsed: 03:01 remaining: 00:00]
RUNNING: |          | 151/? [elapsed: 03:09 remaining: 00:00]
RUNNING: |          | 158/? [elapsed: 03:09 remaining: 00:00]
                                                             

RUNNING: |          | 158/? [elapsed: 03:09 remaining: 00:00]
RUNNING: |          | 158/? [elapsed: 03:18 remaining: 00:00]
RUNNING: |          | 167/? [elapsed: 03:18 remaining: 00:00]
                                                             

RUNNING: |          | 167/? [elapsed: 03:18 remaining: 00:00]
RUNNING: |          | 167/? [elapsed: 03:27 remaining: 00:00]
RUNNING: |          | 175/? [elapsed: 03:27 remaining: 00:00]
                                                             

RUNNING: |          | 175/? [elapsed: 03:27 remaining: 00:00]
RUNNING: |          | 175/? [elapsed: 03:37 remaining: 00:00]
RUNNING: |          | 185/? [elapsed: 03:37 remaining: 00:00]
                                                             

RUNNING: |          | 185/? [elapsed: 03:37 remaining: 00:00]
RUNNING: |          | 185/? [elapsed: 03:45 remaining: 00:00]
RUNNING: |          | 192/? [elapsed: 03:45 remaining: 00:00]
                                                             

RUNNING: |          | 192/? [elapsed: 03:45 remaining: 00:00]
RUNNING: |          | 192/? [elapsed: 03:55 remaining: 00:00]
RUNNING: |          | 202/? [elapsed: 03:55 remaining: 00:00]
                                                             

RUNNING: |          | 202/? [elapsed: 03:55 remaining: 00:00]
RUNNING: |          | 202/? [elapsed: 04:04 remaining: 00:00]
RUNNING: |          | 210/? [elapsed: 04:04 remaining: 00:00]
                                                             

RUNNING: |          | 210/? [elapsed: 04:04 remaining: 00:00]
RUNNING: |          | 210/? [elapsed: 04:09 remaining: 00:00]
RUNNING: |          | 215/? [elapsed: 04:09 remaining: 00:00]
                                                             

RUNNING: |          | 215/? [elapsed: 04:09 remaining: 00:00]
RUNNING: |          | 215/? [elapsed: 04:16 remaining: 00:00]
RUNNING: |          | 221/? [elapsed: 04:16 remaining: 00:00]
                                                             

RUNNING: |          | 221/? [elapsed: 04:16 remaining: 00:00]
RUNNING: |          | 221/? [elapsed: 04:25 remaining: 00:00]
RUNNING: |          | 229/? [elapsed: 04:25 remaining: 00:00]
                                                             

RUNNING: |          | 229/? [elapsed: 04:25 remaining: 00:00]
RUNNING: |          | 229/? [elapsed: 04:33 remaining: 00:00]
RUNNING: |          | 237/? [elapsed: 04:33 remaining: 00:00]
                                                             

RUNNING: |          | 237/? [elapsed: 04:33 remaining: 00:00]
RUNNING: |          | 237/? [elapsed: 04:40 remaining: 00:00]
RUNNING: |          | 244/? [elapsed: 04:40 remaining: 00:00]
                                                             

RUNNING: |          | 244/? [elapsed: 04:40 remaining: 00:00]
RUNNING: |          | 244/? [elapsed: 04:49 remaining: 00:00]
RUNNING: |          | 252/? [elapsed: 04:49 remaining: 00:00]
                                                             

RUNNING: |          | 252/? [elapsed: 04:49 remaining: 00:00]
RUNNING: |          | 252/? [elapsed: 05:00 remaining: 00:00]
RUNNING: |          | 262/? [elapsed: 05:00 remaining: 00:00]
                                                             

RUNNING: |          | 262/? [elapsed: 05:00 remaining: 00:00]
RUNNING: |          | 262/? [elapsed: 05:10 remaining: 00:00]
RUNNING: |          | 272/? [elapsed: 05:10 remaining: 00:00]
                                                             

RUNNING: |          | 272/? [elapsed: 05:10 remaining: 00:00]
RUNNING: |          | 272/? [elapsed: 05:19 remaining: 00:00]
RUNNING: |          | 280/? [elapsed: 05:19 remaining: 00:00]
                                                             

RUNNING: |          | 280/? [elapsed: 05:19 remaining: 00:00]
RUNNING: |          | 280/? [elapsed: 05:24 remaining: 00:00]
RUNNING: |          | 285/? [elapsed: 05:24 remaining: 00:00]
                                                             

RUNNING: |          | 285/? [elapsed: 05:24 remaining: 00:00]
RUNNING: |          | 285/? [elapsed: 05:33 remaining: 00:00]
RUNNING: |          | 293/? [elapsed: 05:33 remaining: 00:00]
                                                             

RUNNING: |          | 293/? [elapsed: 05:33 remaining: 00:00]
COMPLETE: |          | 293/? [elapsed: 05:42 remaining: 00:00]
COMPLETE: |          | 293/? [elapsed: 05:44 remaining: 00:00]
2026-06-23 03:27:27,572 Sleeping for 9s. Reason: PENDING
2026-06-23 03:27:37,074 Sleeping for 10s. Reason: PENDING
2026-06-23 03:27:47,560 Sleeping for 7s. Reason: PENDING
2026-06-23 03:27:55,085 Sleeping for 7s. Reason: RUNNING
2026-06-23 03:28:02,572 Sleeping for 7s. Reason: RUNNING
2026-06-23 03:28:10,074 Sleeping for 10s. Reason: RUNNING
2026-06-23 03:28:20,610 Sleeping for 10s. Reason: RUNNING
2026-06-23 03:28:31,110 Sleeping for 8s. Reason: RUNNING
2026-06-23 03:28:39,614 Sleeping for 10s. Reason: RUNNING
2026-06-23 03:28:50,117 Sleeping for 8s. Reason: RUNNING
2026-06-23 03:28:58,595 Sleeping for 5s. Reason: RUNNING
2026-06-23 03:29:04,116 Sleeping for 6s. Reason: RUNNING
2026-06-23 03:29:10,594 Sleeping for 10s. Reason: RUNNING
2026-06-23 03:29:21,100 Sleeping for 10s. Reason: RUNNING
2026-06-23 03:29:31,590 Sleeping for 6s. Reason: RUNNING
2026-06-23 03:29:38,055 Sleeping for 8s. Reason: RUNNING
2026-06-23 03:29:46,606 Sleeping for 10s. Reason: RUNNING
2026-06-23 03:29:57,083 Sleeping for 9s. Reason: RUNNING
2026-06-23 03:30:06,584 Sleeping for 6s. Reason: RUNNING
2026-06-23 03:30:13,094 Sleeping for 7s. Reason: RUNNING
2026-06-23 03:30:20,625 Sleeping for 7s. Reason: RUNNING
2026-06-23 03:30:28,125 Sleeping for 7s. Reason: RUNNING
2026-06-23 03:30:35,616 Sleeping for 9s. Reason: RUNNING
2026-06-23 03:30:45,115 Sleeping for 8s. Reason: RUNNING
2026-06-23 03:30:53,637 Sleeping for 10s. Reason: RUNNING
2026-06-23 03:31:04,128 Sleeping for 7s. Reason: RUNNING
2026-06-23 03:31:11,656 Sleeping for 10s. Reason: RUNNING
2026-06-23 03:31:22,155 Sleeping for 8s. Reason: RUNNING
2026-06-23 03:31:30,680 Sleeping for 5s. Reason: RUNNING
2026-06-23 03:31:36,168 Sleeping for 6s. Reason: RUNNING
2026-06-23 03:31:42,685 Sleeping for 8s. Reason: RUNNING
2026-06-23 03:31:51,188 Sleeping for 8s. Reason: RUNNING
2026-06-23 03:31:59,678 Sleeping for 7s. Reason: RUNNING
2026-06-23 03:32:07,178 Sleeping for 8s. Reason: RUNNING
2026-06-23 03:32:15,660 Sleeping for 10s. Reason: RUNNING
2026-06-23 03:32:26,190 Sleeping for 10s. Reason: RUNNING
2026-06-23 03:32:36,714 Sleeping for 8s. Reason: RUNNING
2026-06-23 03:32:45,571 Sleeping for 5s. Reason: RUNNING
2026-06-23 03:32:51,068 Sleeping for 8s. Reason: RUNNING
2026-06-23 03:32:59,561 Sleeping for 9s. Reason: RUNNING
2026-06-23 03:33:35,463 Padding length to 978
2026-06-23 03:35:47,968 alphafold2_ptm_model_1_seed_000 recycle=0 pLDDT=85.6 pTM=0.648
2026-06-23 03:37:04,392 alphafold2_ptm_model_1_seed_000 recycle=1 pLDDT=86 pTM=0.676 tol=5.11
2026-06-23 03:37:04,414 alphafold2_ptm_model_1_seed_000 took 208.9s (1 recycles)
2026-06-23 03:37:05,358 reranking models by 'plddt' metric
2026-06-23 03:37:05,359 rank_001_alphafold2_ptm_model_1_seed_000 pLDDT=86 pTM=0.676
2026-06-23 03:37:06,684 Query 41/62: Vitis_vinifera_g120530.p01_VCORE (length 972)
    folding 41/62 · Vitis_vinifera_g120530.p01_VCORE (972 aa)

  0%|          | 0/150 [elapsed: 00:00 remaining: ?]
SUBMIT:   0%|          | 0/150 [elapsed: 00:00 remaining: ?]
PENDING:   0%|          | 0/150 [elapsed: 00:00 remaining: ?]
                                                             

PENDING:   0%|          | 0/150 [elapsed: 00:00 remaining: ?]
RUNNING:   0%|          | 0/150 [elapsed: 00:10 remaining: ?]
RUNNING:   6%|▌         | 9/150 [elapsed: 00:10 remaining: 02:37]
                                                                 

RUNNING:   6%|▌         | 9/150 [elapsed: 00:10 remaining: 02:37]
RUNNING:   6%|▌         | 9/150 [elapsed: 00:20 remaining: 02:37]
RUNNING:  13%|█▎        | 19/150 [elapsed: 00:20 remaining: 02:20]
                                                                  

RUNNING:  13%|█▎        | 19/150 [elapsed: 00:20 remaining: 02:20]
RUNNING:  13%|█▎        | 19/150 [elapsed: 00:28 remaining: 02:20]
RUNNING:  17%|█▋        | 26/150 [elapsed: 00:28 remaining: 02:13]
                                                                  

RUNNING:  17%|█▋        | 26/150 [elapsed: 00:28 remaining: 02:13]
RUNNING:  17%|█▋        | 26/150 [elapsed: 00:34 remaining: 02:13]
RUNNING:  21%|██▏       | 32/150 [elapsed: 00:34 remaining: 02:06]
                                                                  

RUNNING:  21%|██▏       | 32/150 [elapsed: 00:34 remaining: 02:06]
RUNNING:  21%|██▏       | 32/150 [elapsed: 00:40 remaining: 02:06]
RUNNING:  25%|██▌       | 38/150 [elapsed: 00:40 remaining: 02:00]
                                                                  

RUNNING:  25%|██▌       | 38/150 [elapsed: 00:40 remaining: 02:00]
RUNNING:  25%|██▌       | 38/150 [elapsed: 00:46 remaining: 02:00]
RUNNING:  29%|██▊       | 43/150 [elapsed: 00:46 remaining: 01:56]
                                                                  

RUNNING:  29%|██▊       | 43/150 [elapsed: 00:46 remaining: 01:56]
RUNNING:  29%|██▊       | 43/150 [elapsed: 00:54 remaining: 01:56]
RUNNING:  33%|███▎      | 50/150 [elapsed: 00:54 remaining: 01:47]
                                                                  

RUNNING:  33%|███▎      | 50/150 [elapsed: 00:54 remaining: 01:47]
RUNNING:  33%|███▎      | 50/150 [elapsed: 01:04 remaining: 01:47]
RUNNING:  40%|████      | 60/150 [elapsed: 01:04 remaining: 01:36]
                                                                  

RUNNING:  40%|████      | 60/150 [elapsed: 01:04 remaining: 01:36]
RUNNING:  40%|████      | 60/150 [elapsed: 01:09 remaining: 01:36]
RUNNING:  43%|████▎     | 65/150 [elapsed: 01:09 remaining: 01:31]
                                                                  

RUNNING:  43%|████▎     | 65/150 [elapsed: 01:09 remaining: 01:31]
RUNNING:  43%|████▎     | 65/150 [elapsed: 01:17 remaining: 01:31]
RUNNING:  48%|████▊     | 72/150 [elapsed: 01:17 remaining: 01:23]
                                                                  

RUNNING:  48%|████▊     | 72/150 [elapsed: 01:17 remaining: 01:23]
RUNNING:  48%|████▊     | 72/150 [elapsed: 01:24 remaining: 01:23]
RUNNING:  53%|█████▎    | 79/150 [elapsed: 01:24 remaining: 01:16]
                                                                  

RUNNING:  53%|█████▎    | 79/150 [elapsed: 01:24 remaining: 01:16]
RUNNING:  53%|█████▎    | 79/150 [elapsed: 01:33 remaining: 01:16]
RUNNING:  58%|█████▊    | 87/150 [elapsed: 01:33 remaining: 01:07]
                                                                  

RUNNING:  58%|█████▊    | 87/150 [elapsed: 01:33 remaining: 01:07]
RUNNING:  58%|█████▊    | 87/150 [elapsed: 01:42 remaining: 01:07]
RUNNING:  64%|██████▍   | 96/150 [elapsed: 01:42 remaining: 00:57]
                                                                  

RUNNING:  64%|██████▍   | 96/150 [elapsed: 01:42 remaining: 00:57]
RUNNING:  64%|██████▍   | 96/150 [elapsed: 01:50 remaining: 00:57]
RUNNING:  69%|██████▊   | 103/150 [elapsed: 01:50 remaining: 00:50]
                                                                   

RUNNING:  69%|██████▊   | 103/150 [elapsed: 01:50 remaining: 00:50]
RUNNING:  69%|██████▊   | 103/150 [elapsed: 01:56 remaining: 00:50]
RUNNING:  73%|███████▎  | 109/150 [elapsed: 01:56 remaining: 00:43]
                                                                   

RUNNING:  73%|███████▎  | 109/150 [elapsed: 01:56 remaining: 00:43]
RUNNING:  73%|███████▎  | 109/150 [elapsed: 02:07 remaining: 00:43]
RUNNING:  79%|███████▉  | 119/150 [elapsed: 02:07 remaining: 00:32]
                                                                   

RUNNING:  79%|███████▉  | 119/150 [elapsed: 02:07 remaining: 00:32]
RUNNING:  79%|███████▉  | 119/150 [elapsed: 02:17 remaining: 00:32]
RUNNING:  86%|████████▌ | 129/150 [elapsed: 02:17 remaining: 00:22]
                                                                   

RUNNING:  86%|████████▌ | 129/150 [elapsed: 02:17 remaining: 00:22]
RUNNING:  86%|████████▌ | 129/150 [elapsed: 02:25 remaining: 00:22]
RUNNING:  91%|█████████ | 136/150 [elapsed: 02:25 remaining: 00:14]
                                                                   

RUNNING:  91%|█████████ | 136/150 [elapsed: 02:25 remaining: 00:14]
RUNNING:  91%|█████████ | 136/150 [elapsed: 02:33 remaining: 00:14]
RUNNING:  96%|█████████▌| 144/150 [elapsed: 02:33 remaining: 00:06]
                                                                   

RUNNING:  96%|█████████▌| 144/150 [elapsed: 02:33 remaining: 00:06]
RUNNING:  96%|█████████▌| 144/150 [elapsed: 02:43 remaining: 00:06]
RUNNING: |          | 153/? [elapsed: 02:43 remaining: 00:00]      
                                                             

RUNNING: |          | 153/? [elapsed: 02:43 remaining: 00:00]
RUNNING: |          | 153/? [elapsed: 02:52 remaining: 00:00]
RUNNING: |          | 162/? [elapsed: 02:52 remaining: 00:00]
                                                             

RUNNING: |          | 162/? [elapsed: 02:52 remaining: 00:00]
RUNNING: |          | 162/? [elapsed: 02:59 remaining: 00:00]
RUNNING: |          | 168/? [elapsed: 02:59 remaining: 00:00]
                                                             

RUNNING: |          | 168/? [elapsed: 02:59 remaining: 00:00]
RUNNING: |          | 168/? [elapsed: 03:08 remaining: 00:00]
RUNNING: |          | 177/? [elapsed: 03:08 remaining: 00:00]
                                                             

RUNNING: |          | 177/? [elapsed: 03:08 remaining: 00:00]
RUNNING: |          | 177/? [elapsed: 03:14 remaining: 00:00]
RUNNING: |          | 182/? [elapsed: 03:14 remaining: 00:00]
                                                             

RUNNING: |          | 182/? [elapsed: 03:14 remaining: 00:00]
RUNNING: |          | 182/? [elapsed: 03:24 remaining: 00:00]
RUNNING: |          | 192/? [elapsed: 03:24 remaining: 00:00]
                                                             

RUNNING: |          | 192/? [elapsed: 03:24 remaining: 00:00]
RUNNING: |          | 192/? [elapsed: 03:35 remaining: 00:00]
RUNNING: |          | 202/? [elapsed: 03:35 remaining: 00:00]
                                                             

RUNNING: |          | 202/? [elapsed: 03:35 remaining: 00:00]
RUNNING: |          | 202/? [elapsed: 03:44 remaining: 00:00]
RUNNING: |          | 211/? [elapsed: 03:44 remaining: 00:00]
                                                             

RUNNING: |          | 211/? [elapsed: 03:44 remaining: 00:00]
RUNNING: |          | 211/? [elapsed: 03:52 remaining: 00:00]
RUNNING: |          | 218/? [elapsed: 03:52 remaining: 00:00]
                                                             

RUNNING: |          | 218/? [elapsed: 03:52 remaining: 00:00]
RUNNING: |          | 218/? [elapsed: 04:02 remaining: 00:00]
RUNNING: |          | 228/? [elapsed: 04:02 remaining: 00:00]
                                                             

RUNNING: |          | 228/? [elapsed: 04:02 remaining: 00:00]
RUNNING: |          | 228/? [elapsed: 04:08 remaining: 00:00]
RUNNING: |          | 233/? [elapsed: 04:08 remaining: 00:00]
                                                             

RUNNING: |          | 233/? [elapsed: 04:08 remaining: 00:00]
RUNNING: |          | 233/? [elapsed: 04:16 remaining: 00:00]
RUNNING: |          | 241/? [elapsed: 04:16 remaining: 00:00]
                                                             

RUNNING: |          | 241/? [elapsed: 04:16 remaining: 00:00]
COMPLETE: |          | 241/? [elapsed: 04:27 remaining: 00:00]
COMPLETE: |          | 241/? [elapsed: 04:28 remaining: 00:00]
2026-06-23 03:37:07,203 Sleeping for 9s. Reason: PENDING
2026-06-23 03:37:16,712 Sleeping for 10s. Reason: RUNNING
2026-06-23 03:37:27,219 Sleeping for 7s. Reason: RUNNING
2026-06-23 03:37:34,708 Sleeping for 6s. Reason: RUNNING
2026-06-23 03:37:41,198 Sleeping for 6s. Reason: RUNNING
2026-06-23 03:37:47,687 Sleeping for 5s. Reason: RUNNING
2026-06-23 03:37:53,211 Sleeping for 7s. Reason: RUNNING
2026-06-23 03:38:00,704 Sleeping for 10s. Reason: RUNNING
2026-06-23 03:38:11,193 Sleeping for 5s. Reason: RUNNING
2026-06-23 03:38:16,683 Sleeping for 7s. Reason: RUNNING
2026-06-23 03:38:24,163 Sleeping for 7s. Reason: RUNNING
2026-06-23 03:38:31,642 Sleeping for 8s. Reason: RUNNING
2026-06-23 03:38:40,123 Sleeping for 9s. Reason: RUNNING
2026-06-23 03:38:49,588 Sleeping for 7s. Reason: RUNNING
2026-06-23 03:38:57,070 Sleeping for 6s. Reason: RUNNING
2026-06-23 03:39:03,551 Sleeping for 10s. Reason: RUNNING
2026-06-23 03:39:14,042 Sleeping for 10s. Reason: RUNNING
2026-06-23 03:39:24,515 Sleeping for 7s. Reason: RUNNING
2026-06-23 03:39:32,016 Sleeping for 8s. Reason: RUNNING
2026-06-23 03:39:40,514 Sleeping for 9s. Reason: RUNNING
2026-06-23 03:39:50,023 Sleeping for 9s. Reason: RUNNING
2026-06-23 03:39:59,497 Sleeping for 6s. Reason: RUNNING
2026-06-23 03:40:06,002 Sleeping for 9s. Reason: RUNNING
2026-06-23 03:40:15,529 Sleeping for 5s. Reason: RUNNING
2026-06-23 03:40:21,006 Sleeping for 10s. Reason: RUNNING
2026-06-23 03:40:31,506 Sleeping for 10s. Reason: RUNNING
2026-06-23 03:40:41,995 Sleeping for 9s. Reason: RUNNING
2026-06-23 03:40:51,481 Sleeping for 7s. Reason: RUNNING
2026-06-23 03:40:58,979 Sleeping for 10s. Reason: RUNNING
2026-06-23 03:41:09,477 Sleeping for 5s. Reason: RUNNING
2026-06-23 03:41:15,009 Sleeping for 8s. Reason: RUNNING
2026-06-23 03:41:23,515 Sleeping for 10s. Reason: RUNNING
2026-06-23 03:42:00,973 Padding length to 978
2026-06-23 03:43:17,290 alphafold2_ptm_model_1_seed_000 recycle=0 pLDDT=83.6 pTM=0.598
2026-06-23 03:44:36,004 alphafold2_ptm_model_1_seed_000 recycle=1 pLDDT=85.7 pTM=0.623 tol=8.69
2026-06-23 03:44:36,389 alphafold2_ptm_model_1_seed_000 took 155.4s (1 recycles)
2026-06-23 03:44:38,092 reranking models by 'plddt' metric
2026-06-23 03:44:38,108 rank_001_alphafold2_ptm_model_1_seed_000 pLDDT=85.7 pTM=0.623
2026-06-23 03:44:40,330 Query 42/62: Vitis_vinifera_g270980.p01_VCORE (length 978)
    folding 42/62 · Vitis_vinifera_g270980.p01_VCORE (978 aa)

  0%|          | 0/150 [elapsed: 00:00 remaining: ?]
SUBMIT:   0%|          | 0/150 [elapsed: 00:00 remaining: ?]
PENDING:   0%|          | 0/150 [elapsed: 00:01 remaining: ?]
                                                             

PENDING:   0%|          | 0/150 [elapsed: 00:01 remaining: ?]
RUNNING:   0%|          | 0/150 [elapsed: 00:07 remaining: ?]
RUNNING:   4%|▍         | 6/150 [elapsed: 00:07 remaining: 03:05]
                                                                 

RUNNING:   4%|▍         | 6/150 [elapsed: 00:07 remaining: 03:05]
RUNNING:   4%|▍         | 6/150 [elapsed: 00:17 remaining: 03:05]
RUNNING:  10%|█         | 15/150 [elapsed: 00:17 remaining: 02:33]
                                                                  

RUNNING:  10%|█         | 15/150 [elapsed: 00:17 remaining: 02:33]
RUNNING:  10%|█         | 15/150 [elapsed: 00:22 remaining: 02:33]
RUNNING:  13%|█▎        | 20/150 [elapsed: 00:22 remaining: 02:26]
                                                                  

RUNNING:  13%|█▎        | 20/150 [elapsed: 00:22 remaining: 02:26]
RUNNING:  13%|█▎        | 20/150 [elapsed: 00:29 remaining: 02:26]
RUNNING:  17%|█▋        | 26/150 [elapsed: 00:29 remaining: 02:17]
                                                                  

RUNNING:  17%|█▋        | 26/150 [elapsed: 00:29 remaining: 02:17]
RUNNING:  17%|█▋        | 26/150 [elapsed: 00:38 remaining: 02:17]
RUNNING:  23%|██▎       | 35/150 [elapsed: 00:38 remaining: 02:04]
                                                                  

RUNNING:  23%|██▎       | 35/150 [elapsed: 00:38 remaining: 02:04]
RUNNING:  23%|██▎       | 35/150 [elapsed: 00:47 remaining: 02:04]
RUNNING:  29%|██▊       | 43/150 [elapsed: 00:47 remaining: 01:55]
                                                                  

RUNNING:  29%|██▊       | 43/150 [elapsed: 00:47 remaining: 01:55]
RUNNING:  29%|██▊       | 43/150 [elapsed: 00:55 remaining: 01:55]
RUNNING:  34%|███▍      | 51/150 [elapsed: 00:55 remaining: 01:46]
                                                                  

RUNNING:  34%|███▍      | 51/150 [elapsed: 00:55 remaining: 01:46]
RUNNING:  34%|███▍      | 51/150 [elapsed: 01:04 remaining: 01:46]
RUNNING:  39%|███▉      | 59/150 [elapsed: 01:04 remaining: 01:37]
                                                                  

RUNNING:  39%|███▉      | 59/150 [elapsed: 01:04 remaining: 01:37]
RUNNING:  39%|███▉      | 59/150 [elapsed: 01:13 remaining: 01:37]
RUNNING:  45%|████▌     | 68/150 [elapsed: 01:13 remaining: 01:27]
                                                                  

RUNNING:  45%|████▌     | 68/150 [elapsed: 01:13 remaining: 01:27]
RUNNING:  45%|████▌     | 68/150 [elapsed: 01:21 remaining: 01:27]
RUNNING:  50%|█████     | 75/150 [elapsed: 01:21 remaining: 01:19]
                                                                  

RUNNING:  50%|█████     | 75/150 [elapsed: 01:21 remaining: 01:19]
RUNNING:  50%|█████     | 75/150 [elapsed: 01:31 remaining: 01:19]
RUNNING:  57%|█████▋    | 85/150 [elapsed: 01:31 remaining: 01:08]
                                                                  

RUNNING:  57%|█████▋    | 85/150 [elapsed: 01:31 remaining: 01:08]
RUNNING:  57%|█████▋    | 85/150 [elapsed: 01:40 remaining: 01:08]
RUNNING:  62%|██████▏   | 93/150 [elapsed: 01:40 remaining: 01:00]
                                                                  

RUNNING:  62%|██████▏   | 93/150 [elapsed: 01:40 remaining: 01:00]
RUNNING:  62%|██████▏   | 93/150 [elapsed: 01:45 remaining: 01:00]
RUNNING:  65%|██████▌   | 98/150 [elapsed: 01:45 remaining: 00:55]
                                                                  

RUNNING:  65%|██████▌   | 98/150 [elapsed: 01:45 remaining: 00:55]
RUNNING:  65%|██████▌   | 98/150 [elapsed: 01:51 remaining: 00:55]
RUNNING:  69%|██████▊   | 103/150 [elapsed: 01:51 remaining: 00:50]
                                                                   

RUNNING:  69%|██████▊   | 103/150 [elapsed: 01:51 remaining: 00:50]
RUNNING:  69%|██████▊   | 103/150 [elapsed: 02:01 remaining: 00:50]
RUNNING:  75%|███████▌  | 113/150 [elapsed: 02:01 remaining: 00:39]
                                                                   

RUNNING:  75%|███████▌  | 113/150 [elapsed: 02:01 remaining: 00:39]
RUNNING:  75%|███████▌  | 113/150 [elapsed: 02:12 remaining: 00:39]
RUNNING:  82%|████████▏ | 123/150 [elapsed: 02:12 remaining: 00:28]
                                                                   

RUNNING:  82%|████████▏ | 123/150 [elapsed: 02:12 remaining: 00:28]
RUNNING:  82%|████████▏ | 123/150 [elapsed: 02:18 remaining: 00:28]
RUNNING:  86%|████████▌ | 129/150 [elapsed: 02:18 remaining: 00:22]
                                                                   

RUNNING:  86%|████████▌ | 129/150 [elapsed: 02:18 remaining: 00:22]
RUNNING:  86%|████████▌ | 129/150 [elapsed: 02:26 remaining: 00:22]
RUNNING:  91%|█████████ | 136/150 [elapsed: 02:26 remaining: 00:14]
                                                                   

RUNNING:  91%|█████████ | 136/150 [elapsed: 02:26 remaining: 00:14]
RUNNING:  91%|█████████ | 136/150 [elapsed: 02:34 remaining: 00:14]
RUNNING:  96%|█████████▌| 144/150 [elapsed: 02:34 remaining: 00:06]
                                                                   

RUNNING:  96%|█████████▌| 144/150 [elapsed: 02:34 remaining: 00:06]
RUNNING:  96%|█████████▌| 144/150 [elapsed: 02:42 remaining: 00:06]
RUNNING: |          | 151/? [elapsed: 02:42 remaining: 00:00]      
                                                             

RUNNING: |          | 151/? [elapsed: 02:42 remaining: 00:00]
RUNNING: |          | 151/? [elapsed: 02:49 remaining: 00:00]
RUNNING: |          | 158/? [elapsed: 02:49 remaining: 00:00]
                                                             

RUNNING: |          | 158/? [elapsed: 02:49 remaining: 00:00]
RUNNING: |          | 158/? [elapsed: 02:59 remaining: 00:00]
RUNNING: |          | 167/? [elapsed: 02:59 remaining: 00:00]
                                                             

RUNNING: |          | 167/? [elapsed: 02:59 remaining: 00:00]
RUNNING: |          | 167/? [elapsed: 03:08 remaining: 00:00]
RUNNING: |          | 176/? [elapsed: 03:08 remaining: 00:00]
                                                             

RUNNING: |          | 176/? [elapsed: 03:08 remaining: 00:00]
RUNNING: |          | 176/? [elapsed: 03:15 remaining: 00:00]
RUNNING: |          | 182/? [elapsed: 03:15 remaining: 00:00]
                                                             

RUNNING: |          | 182/? [elapsed: 03:15 remaining: 00:00]
RUNNING: |          | 182/? [elapsed: 03:25 remaining: 00:00]
RUNNING: |          | 192/? [elapsed: 03:25 remaining: 00:00]
                                                             

RUNNING: |          | 192/? [elapsed: 03:25 remaining: 00:00]
RUNNING: |          | 192/? [elapsed: 03:31 remaining: 00:00]
RUNNING: |          | 197/? [elapsed: 03:31 remaining: 00:00]
                                                             

RUNNING: |          | 197/? [elapsed: 03:31 remaining: 00:00]
RUNNING: |          | 197/? [elapsed: 03:39 remaining: 00:00]
RUNNING: |          | 205/? [elapsed: 03:39 remaining: 00:00]
                                                             

RUNNING: |          | 205/? [elapsed: 03:39 remaining: 00:00]
RUNNING: |          | 205/? [elapsed: 03:47 remaining: 00:00]
RUNNING: |          | 212/? [elapsed: 03:47 remaining: 00:00]
                                                             

RUNNING: |          | 212/? [elapsed: 03:47 remaining: 00:00]
RUNNING: |          | 212/? [elapsed: 03:55 remaining: 00:00]
RUNNING: |          | 220/? [elapsed: 03:55 remaining: 00:00]
                                                             

RUNNING: |          | 220/? [elapsed: 03:55 remaining: 00:00]
RUNNING: |          | 220/? [elapsed: 04:03 remaining: 00:00]
RUNNING: |          | 227/? [elapsed: 04:03 remaining: 00:00]
                                                             

RUNNING: |          | 227/? [elapsed: 04:03 remaining: 00:00]
RUNNING: |          | 227/? [elapsed: 04:10 remaining: 00:00]
RUNNING: |          | 234/? [elapsed: 04:10 remaining: 00:00]
                                                             

RUNNING: |          | 234/? [elapsed: 04:10 remaining: 00:00]
RUNNING: |          | 234/? [elapsed: 04:19 remaining: 00:00]
RUNNING: |          | 242/? [elapsed: 04:19 remaining: 00:00]
                                                             

RUNNING: |          | 242/? [elapsed: 04:19 remaining: 00:00]
RUNNING: |          | 242/? [elapsed: 04:27 remaining: 00:00]
RUNNING: |          | 250/? [elapsed: 04:27 remaining: 00:00]
                                                             

RUNNING: |          | 250/? [elapsed: 04:27 remaining: 00:00]
RUNNING: |          | 250/? [elapsed: 04:38 remaining: 00:00]
RUNNING: |          | 260/? [elapsed: 04:38 remaining: 00:00]
                                                             

RUNNING: |          | 260/? [elapsed: 04:38 remaining: 00:00]
RUNNING: |          | 260/? [elapsed: 04:44 remaining: 00:00]
RUNNING: |          | 266/? [elapsed: 04:44 remaining: 00:00]
                                                             

RUNNING: |          | 266/? [elapsed: 04:44 remaining: 00:00]
RUNNING: |          | 266/? [elapsed: 04:53 remaining: 00:00]
RUNNING: |          | 274/? [elapsed: 04:53 remaining: 00:00]
                                                             

RUNNING: |          | 274/? [elapsed: 04:53 remaining: 00:00]
COMPLETE: |          | 274/? [elapsed: 05:03 remaining: 00:00]
COMPLETE: |          | 274/? [elapsed: 05:05 remaining: 00:00]
2026-06-23 03:44:41,642 Sleeping for 6s. Reason: PENDING
2026-06-23 03:44:48,133 Sleeping for 9s. Reason: RUNNING
2026-06-23 03:44:57,700 Sleeping for 5s. Reason: RUNNING
2026-06-23 03:45:03,201 Sleeping for 6s. Reason: RUNNING
2026-06-23 03:45:09,701 Sleeping for 9s. Reason: RUNNING
2026-06-23 03:45:19,190 Sleeping for 8s. Reason: RUNNING
2026-06-23 03:45:27,718 Sleeping for 8s. Reason: RUNNING
2026-06-23 03:45:36,230 Sleeping for 8s. Reason: RUNNING
2026-06-23 03:45:44,711 Sleeping for 9s. Reason: RUNNING
2026-06-23 03:45:54,193 Sleeping for 7s. Reason: RUNNING
2026-06-23 03:46:01,701 Sleeping for 10s. Reason: RUNNING
2026-06-23 03:46:12,200 Sleeping for 8s. Reason: RUNNING
2026-06-23 03:46:20,718 Sleeping for 5s. Reason: RUNNING
2026-06-23 03:46:26,254 Sleeping for 5s. Reason: RUNNING
2026-06-23 03:46:31,751 Sleeping for 10s. Reason: RUNNING
2026-06-23 03:46:42,241 Sleeping for 10s. Reason: RUNNING
2026-06-23 03:46:52,761 Sleeping for 6s. Reason: RUNNING
2026-06-23 03:46:59,275 Sleeping for 7s. Reason: RUNNING
2026-06-23 03:47:06,758 Sleeping for 8s. Reason: RUNNING
2026-06-23 03:47:15,280 Sleeping for 7s. Reason: RUNNING
2026-06-23 03:47:22,754 Sleeping for 7s. Reason: RUNNING
2026-06-23 03:47:30,257 Sleeping for 9s. Reason: RUNNING
2026-06-23 03:47:39,764 Sleeping for 9s. Reason: RUNNING
2026-06-23 03:47:49,253 Sleeping for 6s. Reason: RUNNING
2026-06-23 03:47:55,776 Sleeping for 10s. Reason: RUNNING
2026-06-23 03:48:06,279 Sleeping for 5s. Reason: RUNNING
2026-06-23 03:48:11,749 Sleeping for 8s. Reason: RUNNING
2026-06-23 03:48:20,231 Sleeping for 7s. Reason: RUNNING
2026-06-23 03:48:27,743 Sleeping for 8s. Reason: RUNNING
2026-06-23 03:48:36,255 Sleeping for 7s. Reason: RUNNING
2026-06-23 03:48:43,745 Sleeping for 7s. Reason: RUNNING
2026-06-23 03:48:51,232 Sleeping for 8s. Reason: RUNNING
2026-06-23 03:48:59,735 Sleeping for 8s. Reason: RUNNING
2026-06-23 03:49:08,234 Sleeping for 10s. Reason: RUNNING
2026-06-23 03:49:18,744 Sleeping for 6s. Reason: RUNNING
2026-06-23 03:49:25,233 Sleeping for 8s. Reason: RUNNING
2026-06-23 03:49:33,731 Sleeping for 10s. Reason: RUNNING
2026-06-23 03:51:28,876 alphafold2_ptm_model_1_seed_000 recycle=0 pLDDT=87.4 pTM=0.608
2026-06-23 03:52:45,266 alphafold2_ptm_model_1_seed_000 recycle=1 pLDDT=89.1 pTM=0.624 tol=5.84
2026-06-23 03:52:45,268 alphafold2_ptm_model_1_seed_000 took 153.1s (1 recycles)
2026-06-23 03:52:46,453 reranking models by 'plddt' metric
2026-06-23 03:52:46,453 rank_001_alphafold2_ptm_model_1_seed_000 pLDDT=89.1 pTM=0.624
2026-06-23 03:52:48,099 Query 43/62: Vitis_vinifera_g184270.p01_VCORE (length 981)
    folding 43/62 · Vitis_vinifera_g184270.p01_VCORE (981 aa)

  0%|          | 0/150 [elapsed: 00:00 remaining: ?]
SUBMIT:   0%|          | 0/150 [elapsed: 00:00 remaining: ?]
PENDING:   0%|          | 0/150 [elapsed: 00:00 remaining: ?]
                                                             

PENDING:   0%|          | 0/150 [elapsed: 00:00 remaining: ?]
RUNNING:   0%|          | 0/150 [elapsed: 00:11 remaining: ?]
RUNNING:   7%|▋         | 10/150 [elapsed: 00:11 remaining: 02:34]
                                                                  

RUNNING:   7%|▋         | 10/150 [elapsed: 00:11 remaining: 02:34]
RUNNING:   7%|▋         | 10/150 [elapsed: 00:19 remaining: 02:34]
RUNNING:  12%|█▏        | 18/150 [elapsed: 00:19 remaining: 02:22]
                                                                  

RUNNING:  12%|█▏        | 18/150 [elapsed: 00:19 remaining: 02:22]
RUNNING:  12%|█▏        | 18/150 [elapsed: 00:27 remaining: 02:22]
RUNNING:  17%|█▋        | 25/150 [elapsed: 00:27 remaining: 02:14]
                                                                  

RUNNING:  17%|█▋        | 25/150 [elapsed: 00:27 remaining: 02:14]
RUNNING:  17%|█▋        | 25/150 [elapsed: 00:32 remaining: 02:14]
RUNNING:  20%|██        | 30/150 [elapsed: 00:32 remaining: 02:10]
                                                                  

RUNNING:  20%|██        | 30/150 [elapsed: 00:32 remaining: 02:10]
RUNNING:  20%|██        | 30/150 [elapsed: 00:41 remaining: 02:10]
RUNNING:  25%|██▌       | 38/150 [elapsed: 00:41 remaining: 02:00]
                                                                  

RUNNING:  25%|██▌       | 38/150 [elapsed: 00:41 remaining: 02:00]
RUNNING:  25%|██▌       | 38/150 [elapsed: 00:49 remaining: 02:00]
RUNNING:  31%|███       | 46/150 [elapsed: 00:49 remaining: 01:51]
                                                                  

RUNNING:  31%|███       | 46/150 [elapsed: 00:49 remaining: 01:51]
RUNNING:  31%|███       | 46/150 [elapsed: 00:58 remaining: 01:51]
RUNNING:  36%|███▌      | 54/150 [elapsed: 00:58 remaining: 01:42]
                                                                  

RUNNING:  36%|███▌      | 54/150 [elapsed: 00:58 remaining: 01:42]
RUNNING:  36%|███▌      | 54/150 [elapsed: 01:04 remaining: 01:42]
RUNNING:  40%|████      | 60/150 [elapsed: 01:04 remaining: 01:36]
                                                                  

RUNNING:  40%|████      | 60/150 [elapsed: 01:04 remaining: 01:36]
RUNNING:  40%|████      | 60/150 [elapsed: 01:11 remaining: 01:36]
RUNNING:  44%|████▍     | 66/150 [elapsed: 01:11 remaining: 01:30]
                                                                  

RUNNING:  44%|████▍     | 66/150 [elapsed: 01:11 remaining: 01:30]
RUNNING:  44%|████▍     | 66/150 [elapsed: 01:21 remaining: 01:30]
RUNNING:  51%|█████     | 76/150 [elapsed: 01:21 remaining: 01:18]
                                                                  

RUNNING:  51%|█████     | 76/150 [elapsed: 01:21 remaining: 01:18]
RUNNING:  51%|█████     | 76/150 [elapsed: 01:32 remaining: 01:18]
RUNNING:  57%|█████▋    | 86/150 [elapsed: 01:32 remaining: 01:07]
                                                                  

RUNNING:  57%|█████▋    | 86/150 [elapsed: 01:32 remaining: 01:07]
RUNNING:  57%|█████▋    | 86/150 [elapsed: 01:37 remaining: 01:07]
RUNNING:  61%|██████    | 91/150 [elapsed: 01:37 remaining: 01:03]
                                                                  

RUNNING:  61%|██████    | 91/150 [elapsed: 01:37 remaining: 01:03]
RUNNING:  61%|██████    | 91/150 [elapsed: 01:43 remaining: 01:03]
RUNNING:  64%|██████▍   | 96/150 [elapsed: 01:43 remaining: 00:58]
                                                                  

RUNNING:  64%|██████▍   | 96/150 [elapsed: 01:43 remaining: 00:58]
RUNNING:  64%|██████▍   | 96/150 [elapsed: 01:51 remaining: 00:58]
RUNNING:  69%|██████▉   | 104/150 [elapsed: 01:51 remaining: 00:49]
                                                                   

RUNNING:  69%|██████▉   | 104/150 [elapsed: 01:51 remaining: 00:49]
RUNNING:  69%|██████▉   | 104/150 [elapsed: 01:58 remaining: 00:49]
RUNNING:  73%|███████▎  | 110/150 [elapsed: 01:58 remaining: 00:44]
                                                                   

RUNNING:  73%|███████▎  | 110/150 [elapsed: 01:58 remaining: 00:44]
RUNNING:  73%|███████▎  | 110/150 [elapsed: 02:08 remaining: 00:44]
RUNNING:  79%|███████▉  | 119/150 [elapsed: 02:08 remaining: 00:33]
                                                                   

RUNNING:  79%|███████▉  | 119/150 [elapsed: 02:08 remaining: 00:33]
RUNNING:  79%|███████▉  | 119/150 [elapsed: 02:15 remaining: 00:33]
RUNNING:  84%|████████▍ | 126/150 [elapsed: 02:15 remaining: 00:25]
                                                                   

RUNNING:  84%|████████▍ | 126/150 [elapsed: 02:15 remaining: 00:25]
RUNNING:  84%|████████▍ | 126/150 [elapsed: 02:22 remaining: 00:25]
RUNNING:  88%|████████▊ | 132/150 [elapsed: 02:22 remaining: 00:19]
                                                                   

RUNNING:  88%|████████▊ | 132/150 [elapsed: 02:22 remaining: 00:19]
RUNNING:  88%|████████▊ | 132/150 [elapsed: 02:28 remaining: 00:19]
RUNNING:  92%|█████████▏| 138/150 [elapsed: 02:28 remaining: 00:12]
                                                                   

RUNNING:  92%|█████████▏| 138/150 [elapsed: 02:28 remaining: 00:12]
RUNNING:  92%|█████████▏| 138/150 [elapsed: 02:34 remaining: 00:12]
RUNNING:  95%|█████████▌| 143/150 [elapsed: 02:34 remaining: 00:07]
                                                                   

RUNNING:  95%|█████████▌| 143/150 [elapsed: 02:34 remaining: 00:07]
RUNNING:  95%|█████████▌| 143/150 [elapsed: 02:40 remaining: 00:07]
RUNNING:  99%|█████████▉| 149/150 [elapsed: 02:40 remaining: 00:01]
                                                                   

RUNNING:  99%|█████████▉| 149/150 [elapsed: 02:40 remaining: 00:01]
RUNNING:  99%|█████████▉| 149/150 [elapsed: 02:51 remaining: 00:01]
RUNNING: |          | 159/? [elapsed: 02:51 remaining: 00:00]      
                                                             

RUNNING: |          | 159/? [elapsed: 02:51 remaining: 00:00]
RUNNING: |          | 159/? [elapsed: 02:58 remaining: 00:00]
RUNNING: |          | 166/? [elapsed: 02:58 remaining: 00:00]
                                                             

RUNNING: |          | 166/? [elapsed: 02:58 remaining: 00:00]
RUNNING: |          | 166/? [elapsed: 03:04 remaining: 00:00]
RUNNING: |          | 171/? [elapsed: 03:04 remaining: 00:00]
                                                             

RUNNING: |          | 171/? [elapsed: 03:04 remaining: 00:00]
RUNNING: |          | 171/? [elapsed: 03:11 remaining: 00:00]
RUNNING: |          | 178/? [elapsed: 03:11 remaining: 00:00]
                                                             

RUNNING: |          | 178/? [elapsed: 03:11 remaining: 00:00]
RUNNING: |          | 178/? [elapsed: 03:20 remaining: 00:00]
RUNNING: |          | 186/? [elapsed: 03:20 remaining: 00:00]
                                                             

RUNNING: |          | 186/? [elapsed: 03:20 remaining: 00:00]
RUNNING: |          | 186/? [elapsed: 03:27 remaining: 00:00]
RUNNING: |          | 193/? [elapsed: 03:27 remaining: 00:00]
                                                             

RUNNING: |          | 193/? [elapsed: 03:27 remaining: 00:00]
RUNNING: |          | 193/? [elapsed: 03:36 remaining: 00:00]
RUNNING: |          | 201/? [elapsed: 03:36 remaining: 00:00]
                                                             

RUNNING: |          | 201/? [elapsed: 03:36 remaining: 00:00]
RUNNING: |          | 201/? [elapsed: 03:46 remaining: 00:00]
RUNNING: |          | 211/? [elapsed: 03:46 remaining: 00:00]
                                                             

RUNNING: |          | 211/? [elapsed: 03:46 remaining: 00:00]
RUNNING: |          | 211/? [elapsed: 03:52 remaining: 00:00]
RUNNING: |          | 216/? [elapsed: 03:52 remaining: 00:00]
                                                             

RUNNING: |          | 216/? [elapsed: 03:52 remaining: 00:00]
RUNNING: |          | 216/? [elapsed: 03:58 remaining: 00:00]
RUNNING: |          | 222/? [elapsed: 03:58 remaining: 00:00]
                                                             

RUNNING: |          | 222/? [elapsed: 03:58 remaining: 00:00]
RUNNING: |          | 222/? [elapsed: 04:06 remaining: 00:00]
RUNNING: |          | 229/? [elapsed: 04:06 remaining: 00:00]
                                                             

RUNNING: |          | 229/? [elapsed: 04:06 remaining: 00:00]
RUNNING: |          | 229/? [elapsed: 04:11 remaining: 00:00]
RUNNING: |          | 234/? [elapsed: 04:11 remaining: 00:00]
                                                             

RUNNING: |          | 234/? [elapsed: 04:11 remaining: 00:00]
RUNNING: |          | 234/? [elapsed: 04:17 remaining: 00:00]
RUNNING: |          | 239/? [elapsed: 04:17 remaining: 00:00]
                                                             

RUNNING: |          | 239/? [elapsed: 04:17 remaining: 00:00]
RUNNING: |          | 239/? [elapsed: 04:27 remaining: 00:00]
RUNNING: |          | 249/? [elapsed: 04:27 remaining: 00:00]
                                                             

RUNNING: |          | 249/? [elapsed: 04:27 remaining: 00:00]
RUNNING: |          | 249/? [elapsed: 04:35 remaining: 00:00]
RUNNING: |          | 256/? [elapsed: 04:35 remaining: 00:00]
                                                             

RUNNING: |          | 256/? [elapsed: 04:35 remaining: 00:00]
RUNNING: |          | 256/? [elapsed: 04:45 remaining: 00:00]
RUNNING: |          | 266/? [elapsed: 04:45 remaining: 00:00]
                                                             

RUNNING: |          | 266/? [elapsed: 04:45 remaining: 00:00]
RUNNING: |          | 266/? [elapsed: 04:53 remaining: 00:00]
RUNNING: |          | 273/? [elapsed: 04:53 remaining: 00:00]
                                                             

RUNNING: |          | 273/? [elapsed: 04:53 remaining: 00:00]
RUNNING: |          | 273/? [elapsed: 05:00 remaining: 00:00]
RUNNING: |          | 280/? [elapsed: 05:00 remaining: 00:00]
                                                             

RUNNING: |          | 280/? [elapsed: 05:00 remaining: 00:00]
RUNNING: |          | 280/? [elapsed: 05:07 remaining: 00:00]
RUNNING: |          | 287/? [elapsed: 05:07 remaining: 00:00]
                                                             

RUNNING: |          | 287/? [elapsed: 05:07 remaining: 00:00]
RUNNING: |          | 287/? [elapsed: 05:13 remaining: 00:00]
RUNNING: |          | 292/? [elapsed: 05:13 remaining: 00:00]
                                                             

RUNNING: |          | 292/? [elapsed: 05:13 remaining: 00:00]
RUNNING: |          | 292/? [elapsed: 05:18 remaining: 00:00]
RUNNING: |          | 297/? [elapsed: 05:18 remaining: 00:00]
                                                             

RUNNING: |          | 297/? [elapsed: 05:18 remaining: 00:00]
RUNNING: |          | 297/? [elapsed: 05:25 remaining: 00:00]
RUNNING: |          | 303/? [elapsed: 05:25 remaining: 00:00]
                                                             

RUNNING: |          | 303/? [elapsed: 05:25 remaining: 00:00]
COMPLETE: |          | 303/? [elapsed: 05:35 remaining: 00:00]
COMPLETE: |          | 303/? [elapsed: 05:37 remaining: 00:00]
2026-06-23 03:52:48,618 Sleeping for 10s. Reason: PENDING
2026-06-23 03:52:59,122 Sleeping for 8s. Reason: RUNNING
2026-06-23 03:53:07,635 Sleeping for 7s. Reason: RUNNING
2026-06-23 03:53:15,136 Sleeping for 5s. Reason: RUNNING
2026-06-23 03:53:20,638 Sleeping for 8s. Reason: RUNNING
2026-06-23 03:53:29,114 Sleeping for 8s. Reason: RUNNING
2026-06-23 03:53:37,626 Sleeping for 8s. Reason: RUNNING
2026-06-23 03:53:46,133 Sleeping for 6s. Reason: RUNNING
2026-06-23 03:53:52,671 Sleeping for 6s. Reason: RUNNING
2026-06-23 03:53:59,199 Sleeping for 10s. Reason: RUNNING
2026-06-23 03:54:09,678 Sleeping for 10s. Reason: RUNNING
2026-06-23 03:54:20,175 Sleeping for 5s. Reason: RUNNING
2026-06-23 03:54:25,668 Sleeping for 5s. Reason: RUNNING
2026-06-23 03:54:31,160 Sleeping for 8s. Reason: RUNNING
2026-06-23 03:54:39,671 Sleeping for 6s. Reason: RUNNING
2026-06-23 03:54:46,808 Sleeping for 9s. Reason: RUNNING
2026-06-23 03:54:56,289 Sleeping for 7s. Reason: RUNNING
2026-06-23 03:55:03,783 Sleeping for 6s. Reason: RUNNING
2026-06-23 03:55:10,256 Sleeping for 6s. Reason: RUNNING
2026-06-23 03:55:16,742 Sleeping for 5s. Reason: RUNNING
2026-06-23 03:55:22,235 Sleeping for 6s. Reason: RUNNING
2026-06-23 03:55:28,734 Sleeping for 10s. Reason: RUNNING
2026-06-23 03:55:39,223 Sleeping for 7s. Reason: RUNNING
2026-06-23 03:55:46,731 Sleeping for 5s. Reason: RUNNING
2026-06-23 03:55:52,227 Sleeping for 7s. Reason: RUNNING
2026-06-23 03:55:59,727 Sleeping for 8s. Reason: RUNNING
2026-06-23 03:56:08,223 Sleeping for 7s. Reason: RUNNING
2026-06-23 03:56:15,701 Sleeping for 8s. Reason: RUNNING
2026-06-23 03:56:24,171 Sleeping for 10s. Reason: RUNNING
2026-06-23 03:56:34,652 Sleeping for 5s. Reason: RUNNING
2026-06-23 03:56:40,129 Sleeping for 6s. Reason: RUNNING
2026-06-23 03:56:46,661 Sleeping for 7s. Reason: RUNNING
2026-06-23 03:56:54,147 Sleeping for 5s. Reason: RUNNING
2026-06-23 03:56:59,639 Sleeping for 5s. Reason: RUNNING
2026-06-23 03:57:05,142 Sleeping for 10s. Reason: RUNNING
2026-06-23 03:57:15,652 Sleeping for 7s. Reason: RUNNING
2026-06-23 03:57:23,116 Sleeping for 10s. Reason: RUNNING
2026-06-23 03:57:33,622 Sleeping for 7s. Reason: RUNNING
2026-06-23 03:57:41,116 Sleeping for 7s. Reason: RUNNING
2026-06-23 03:57:48,592 Sleeping for 7s. Reason: RUNNING
2026-06-23 03:57:56,061 Sleeping for 5s. Reason: RUNNING
2026-06-23 03:58:01,560 Sleeping for 5s. Reason: RUNNING
2026-06-23 03:58:07,060 Sleeping for 6s. Reason: RUNNING
2026-06-23 03:58:13,563 Sleeping for 10s. Reason: RUNNING
2026-06-23 03:58:49,888 Padding length to 991
2026-06-23 04:01:00,526 alphafold2_ptm_model_1_seed_000 recycle=0 pLDDT=83.2 pTM=0.601
2026-06-23 04:02:17,927 alphafold2_ptm_model_1_seed_000 recycle=1 pLDDT=83.9 pTM=0.616 tol=4.92
2026-06-23 04:02:17,962 alphafold2_ptm_model_1_seed_000 took 208.1s (1 recycles)
2026-06-23 04:02:19,229 reranking models by 'plddt' metric
2026-06-23 04:02:19,230 rank_001_alphafold2_ptm_model_1_seed_000 pLDDT=83.9 pTM=0.616
2026-06-23 04:02:20,776 Query 44/62: Vitis_vinifera_g329650.p01_VCORE (length 981)
    folding 44/62 · Vitis_vinifera_g329650.p01_VCORE (981 aa)

  0%|          | 0/150 [elapsed: 00:00 remaining: ?]
SUBMIT:   0%|          | 0/150 [elapsed: 00:00 remaining: ?]
PENDING:   0%|          | 0/150 [elapsed: 00:00 remaining: ?]
                                                             

PENDING:   0%|          | 0/150 [elapsed: 00:00 remaining: ?]
RUNNING:   0%|          | 0/150 [elapsed: 00:11 remaining: ?]
RUNNING:   7%|▋         | 10/150 [elapsed: 00:11 remaining: 02:34]
                                                                  

RUNNING:   7%|▋         | 10/150 [elapsed: 00:11 remaining: 02:34]
RUNNING:   7%|▋         | 10/150 [elapsed: 00:20 remaining: 02:34]
RUNNING:  13%|█▎        | 19/150 [elapsed: 00:20 remaining: 02:20]
                                                                  

RUNNING:  13%|█▎        | 19/150 [elapsed: 00:20 remaining: 02:20]
RUNNING:  13%|█▎        | 19/150 [elapsed: 00:26 remaining: 02:20]
RUNNING:  16%|█▌        | 24/150 [elapsed: 00:26 remaining: 02:16]
                                                                  

RUNNING:  16%|█▌        | 24/150 [elapsed: 00:26 remaining: 02:16]
RUNNING:  16%|█▌        | 24/150 [elapsed: 00:31 remaining: 02:16]
RUNNING:  19%|█▉        | 29/150 [elapsed: 00:31 remaining: 02:11]
                                                                  

RUNNING:  19%|█▉        | 29/150 [elapsed: 00:31 remaining: 02:11]
RUNNING:  19%|█▉        | 29/150 [elapsed: 00:42 remaining: 02:11]
RUNNING:  26%|██▌       | 39/150 [elapsed: 00:42 remaining: 01:58]
                                                                  

RUNNING:  26%|██▌       | 39/150 [elapsed: 00:42 remaining: 01:58]
RUNNING:  26%|██▌       | 39/150 [elapsed: 00:50 remaining: 01:58]
RUNNING:  31%|███▏      | 47/150 [elapsed: 00:50 remaining: 01:49]
                                                                  

RUNNING:  31%|███▏      | 47/150 [elapsed: 00:50 remaining: 01:49]
RUNNING:  31%|███▏      | 47/150 [elapsed: 01:00 remaining: 01:49]
RUNNING:  37%|███▋      | 56/150 [elapsed: 01:00 remaining: 01:40]
                                                                  

RUNNING:  37%|███▋      | 56/150 [elapsed: 01:00 remaining: 01:40]
RUNNING:  37%|███▋      | 56/150 [elapsed: 01:10 remaining: 01:40]
RUNNING:  44%|████▍     | 66/150 [elapsed: 01:10 remaining: 01:28]
                                                                  

RUNNING:  44%|████▍     | 66/150 [elapsed: 01:10 remaining: 01:28]
RUNNING:  44%|████▍     | 66/150 [elapsed: 01:21 remaining: 01:28]
RUNNING:  51%|█████     | 76/150 [elapsed: 01:21 remaining: 01:18]
                                                                  

RUNNING:  51%|█████     | 76/150 [elapsed: 01:21 remaining: 01:18]
RUNNING:  51%|█████     | 76/150 [elapsed: 01:31 remaining: 01:18]
RUNNING:  57%|█████▋    | 86/150 [elapsed: 01:31 remaining: 01:07]
                                                                  

RUNNING:  57%|█████▋    | 86/150 [elapsed: 01:31 remaining: 01:07]
RUNNING:  57%|█████▋    | 86/150 [elapsed: 01:39 remaining: 01:07]
RUNNING:  62%|██████▏   | 93/150 [elapsed: 01:39 remaining: 01:00]
                                                                  

RUNNING:  62%|██████▏   | 93/150 [elapsed: 01:39 remaining: 01:00]
RUNNING:  62%|██████▏   | 93/150 [elapsed: 01:45 remaining: 01:00]
RUNNING:  66%|██████▌   | 99/150 [elapsed: 01:45 remaining: 00:54]
                                                                  

RUNNING:  66%|██████▌   | 99/150 [elapsed: 01:45 remaining: 00:54]
RUNNING:  66%|██████▌   | 99/150 [elapsed: 01:55 remaining: 00:54]
RUNNING:  72%|███████▏  | 108/150 [elapsed: 01:55 remaining: 00:44]
                                                                   

RUNNING:  72%|███████▏  | 108/150 [elapsed: 01:55 remaining: 00:44]
RUNNING:  72%|███████▏  | 108/150 [elapsed: 02:05 remaining: 00:44]
RUNNING:  79%|███████▊  | 118/150 [elapsed: 02:05 remaining: 00:33]
                                                                   

RUNNING:  79%|███████▊  | 118/150 [elapsed: 02:05 remaining: 00:33]
RUNNING:  79%|███████▊  | 118/150 [elapsed: 02:15 remaining: 00:33]
RUNNING:  85%|████████▍ | 127/150 [elapsed: 02:15 remaining: 00:24]
                                                                   

RUNNING:  85%|████████▍ | 127/150 [elapsed: 02:15 remaining: 00:24]
RUNNING:  85%|████████▍ | 127/150 [elapsed: 02:21 remaining: 00:24]
RUNNING:  89%|████████▊ | 133/150 [elapsed: 02:21 remaining: 00:18]
                                                                   

RUNNING:  89%|████████▊ | 133/150 [elapsed: 02:21 remaining: 00:18]
RUNNING:  89%|████████▊ | 133/150 [elapsed: 02:27 remaining: 00:18]
RUNNING:  92%|█████████▏| 138/150 [elapsed: 02:27 remaining: 00:12]
                                                                   

RUNNING:  92%|█████████▏| 138/150 [elapsed: 02:27 remaining: 00:12]
RUNNING:  92%|█████████▏| 138/150 [elapsed: 02:34 remaining: 00:12]
RUNNING:  97%|█████████▋| 145/150 [elapsed: 02:34 remaining: 00:05]
                                                                   

RUNNING:  97%|█████████▋| 145/150 [elapsed: 02:34 remaining: 00:05]
RUNNING:  97%|█████████▋| 145/150 [elapsed: 02:45 remaining: 00:05]
RUNNING: |          | 155/? [elapsed: 02:45 remaining: 00:00]      
                                                             

RUNNING: |          | 155/? [elapsed: 02:45 remaining: 00:00]
RUNNING: |          | 155/? [elapsed: 02:53 remaining: 00:00]
RUNNING: |          | 163/? [elapsed: 02:53 remaining: 00:00]
                                                             

RUNNING: |          | 163/? [elapsed: 02:53 remaining: 00:00]
RUNNING: |          | 163/? [elapsed: 03:03 remaining: 00:00]
RUNNING: |          | 172/? [elapsed: 03:03 remaining: 00:00]
                                                             

RUNNING: |          | 172/? [elapsed: 03:03 remaining: 00:00]
RUNNING: |          | 172/? [elapsed: 03:10 remaining: 00:00]
RUNNING: |          | 179/? [elapsed: 03:10 remaining: 00:00]
                                                             

RUNNING: |          | 179/? [elapsed: 03:10 remaining: 00:00]
RUNNING: |          | 179/? [elapsed: 03:17 remaining: 00:00]
RUNNING: |          | 185/? [elapsed: 03:17 remaining: 00:00]
                                                             

RUNNING: |          | 185/? [elapsed: 03:17 remaining: 00:00]
RUNNING: |          | 185/? [elapsed: 03:25 remaining: 00:00]
RUNNING: |          | 193/? [elapsed: 03:25 remaining: 00:00]
                                                             

RUNNING: |          | 193/? [elapsed: 03:25 remaining: 00:00]
RUNNING: |          | 193/? [elapsed: 03:33 remaining: 00:00]
RUNNING: |          | 200/? [elapsed: 03:33 remaining: 00:00]
                                                             

RUNNING: |          | 200/? [elapsed: 03:33 remaining: 00:00]
RUNNING: |          | 200/? [elapsed: 03:40 remaining: 00:00]
RUNNING: |          | 207/? [elapsed: 03:40 remaining: 00:00]
                                                             

RUNNING: |          | 207/? [elapsed: 03:40 remaining: 00:00]
RUNNING: |          | 207/? [elapsed: 03:47 remaining: 00:00]
RUNNING: |          | 213/? [elapsed: 03:47 remaining: 00:00]
                                                             

RUNNING: |          | 213/? [elapsed: 03:47 remaining: 00:00]
RUNNING: |          | 213/? [elapsed: 03:56 remaining: 00:00]
RUNNING: |          | 222/? [elapsed: 03:56 remaining: 00:00]
                                                             

RUNNING: |          | 222/? [elapsed: 03:56 remaining: 00:00]
RUNNING: |          | 222/? [elapsed: 04:02 remaining: 00:00]
RUNNING: |          | 227/? [elapsed: 04:02 remaining: 00:00]
                                                             

RUNNING: |          | 227/? [elapsed: 04:02 remaining: 00:00]
RUNNING: |          | 227/? [elapsed: 04:07 remaining: 00:00]
RUNNING: |          | 232/? [elapsed: 04:07 remaining: 00:00]
                                                             

RUNNING: |          | 232/? [elapsed: 04:07 remaining: 00:00]
RUNNING: |          | 232/? [elapsed: 04:15 remaining: 00:00]
RUNNING: |          | 239/? [elapsed: 04:15 remaining: 00:00]
                                                             

RUNNING: |          | 239/? [elapsed: 04:15 remaining: 00:00]
RUNNING: |          | 239/? [elapsed: 04:25 remaining: 00:00]
RUNNING: |          | 249/? [elapsed: 04:25 remaining: 00:00]
                                                             

RUNNING: |          | 249/? [elapsed: 04:25 remaining: 00:00]
RUNNING: |          | 249/? [elapsed: 04:35 remaining: 00:00]
RUNNING: |          | 258/? [elapsed: 04:35 remaining: 00:00]
                                                             

RUNNING: |          | 258/? [elapsed: 04:35 remaining: 00:00]
RUNNING: |          | 258/? [elapsed: 04:43 remaining: 00:00]
RUNNING: |          | 266/? [elapsed: 04:43 remaining: 00:00]
                                                             

RUNNING: |          | 266/? [elapsed: 04:43 remaining: 00:00]
RUNNING: |          | 266/? [elapsed: 04:53 remaining: 00:00]
RUNNING: |          | 275/? [elapsed: 04:53 remaining: 00:00]
                                                             

RUNNING: |          | 275/? [elapsed: 04:53 remaining: 00:00]
RUNNING: |          | 275/? [elapsed: 05:01 remaining: 00:00]
RUNNING: |          | 283/? [elapsed: 05:01 remaining: 00:00]
                                                             

RUNNING: |          | 283/? [elapsed: 05:01 remaining: 00:00]
RUNNING: |          | 283/? [elapsed: 05:09 remaining: 00:00]
RUNNING: |          | 291/? [elapsed: 05:09 remaining: 00:00]
                                                             

RUNNING: |          | 291/? [elapsed: 05:09 remaining: 00:00]
RUNNING: |          | 291/? [elapsed: 05:16 remaining: 00:00]
RUNNING: |          | 297/? [elapsed: 05:16 remaining: 00:00]
                                                             

RUNNING: |          | 297/? [elapsed: 05:16 remaining: 00:00]
COMPLETE: |          | 297/? [elapsed: 05:24 remaining: 00:00]
COMPLETE: |          | 297/? [elapsed: 05:26 remaining: 00:00]
2026-06-23 04:02:21,299 Sleeping for 10s. Reason: PENDING
2026-06-23 04:02:31,819 Sleeping for 9s. Reason: RUNNING
2026-06-23 04:02:41,303 Sleeping for 5s. Reason: RUNNING
2026-06-23 04:02:46,787 Sleeping for 5s. Reason: RUNNING
2026-06-23 04:02:52,300 Sleeping for 10s. Reason: RUNNING
2026-06-23 04:03:02,828 Sleeping for 8s. Reason: RUNNING
2026-06-23 04:03:11,299 Sleeping for 9s. Reason: RUNNING
2026-06-23 04:03:20,825 Sleeping for 10s. Reason: RUNNING
2026-06-23 04:03:31,321 Sleeping for 10s. Reason: RUNNING
2026-06-23 04:03:41,825 Sleeping for 10s. Reason: RUNNING
2026-06-23 04:03:52,350 Sleeping for 7s. Reason: RUNNING
2026-06-23 04:03:59,841 Sleeping for 6s. Reason: RUNNING
2026-06-23 04:04:06,315 Sleeping for 9s. Reason: RUNNING
2026-06-23 04:04:15,827 Sleeping for 10s. Reason: RUNNING
2026-06-23 04:04:26,335 Sleeping for 9s. Reason: RUNNING
2026-06-23 04:04:35,845 Sleeping for 6s. Reason: RUNNING
2026-06-23 04:04:42,337 Sleeping for 5s. Reason: RUNNING
2026-06-23 04:04:47,849 Sleeping for 7s. Reason: RUNNING
2026-06-23 04:04:55,327 Sleeping for 10s. Reason: RUNNING
2026-06-23 04:05:05,846 Sleeping for 8s. Reason: RUNNING
2026-06-23 04:05:14,315 Sleeping for 9s. Reason: RUNNING
2026-06-23 04:05:23,814 Sleeping for 7s. Reason: RUNNING
2026-06-23 04:05:31,325 Sleeping for 6s. Reason: RUNNING
2026-06-23 04:05:37,838 Sleeping for 8s. Reason: RUNNING
2026-06-23 04:05:46,338 Sleeping for 7s. Reason: RUNNING
2026-06-23 04:05:53,850 Sleeping for 7s. Reason: RUNNING
2026-06-23 04:06:01,367 Sleeping for 6s. Reason: RUNNING
2026-06-23 04:06:07,866 Sleeping for 9s. Reason: RUNNING
2026-06-23 04:06:17,355 Sleeping for 5s. Reason: RUNNING
2026-06-23 04:06:22,849 Sleeping for 5s. Reason: RUNNING
2026-06-23 04:06:28,337 Sleeping for 7s. Reason: RUNNING
2026-06-23 04:06:35,825 Sleeping for 10s. Reason: RUNNING
2026-06-23 04:06:46,328 Sleeping for 9s. Reason: RUNNING
2026-06-23 04:06:55,839 Sleeping for 8s. Reason: RUNNING
2026-06-23 04:07:04,331 Sleeping for 9s. Reason: RUNNING
2026-06-23 04:07:13,798 Sleeping for 8s. Reason: RUNNING
2026-06-23 04:07:22,271 Sleeping for 8s. Reason: RUNNING
2026-06-23 04:07:30,733 Sleeping for 6s. Reason: RUNNING
2026-06-23 04:07:37,223 Sleeping for 8s. Reason: RUNNING
2026-06-23 04:08:15,867 Padding length to 991
2026-06-23 04:09:35,510 alphafold2_ptm_model_1_seed_000 recycle=0 pLDDT=82.9 pTM=0.599
2026-06-23 04:10:54,401 alphafold2_ptm_model_1_seed_000 recycle=1 pLDDT=83.4 pTM=0.62 tol=3.12
2026-06-23 04:10:54,522 alphafold2_ptm_model_1_seed_000 took 158.6s (1 recycles)
2026-06-23 04:10:56,243 reranking models by 'plddt' metric
2026-06-23 04:10:56,262 rank_001_alphafold2_ptm_model_1_seed_000 pLDDT=83.4 pTM=0.62
2026-06-23 04:10:59,015 Query 45/62: Vitis_vinifera_g481470.p01_VCORE (length 1003)
    folding 45/62 · Vitis_vinifera_g481470.p01_VCORE (1003 aa)

  0%|          | 0/150 [elapsed: 00:00 remaining: ?]
SUBMIT:   0%|          | 0/150 [elapsed: 00:00 remaining: ?]
PENDING:   0%|          | 0/150 [elapsed: 00:01 remaining: ?]
                                                             

PENDING:   0%|          | 0/150 [elapsed: 00:01 remaining: ?]
RUNNING:   0%|          | 0/150 [elapsed: 00:11 remaining: ?]
RUNNING:   7%|▋         | 10/150 [elapsed: 00:11 remaining: 02:45]
                                                                  

RUNNING:   7%|▋         | 10/150 [elapsed: 00:11 remaining: 02:45]
RUNNING:   7%|▋         | 10/150 [elapsed: 00:19 remaining: 02:45]
RUNNING:  11%|█▏        | 17/150 [elapsed: 00:19 remaining: 02:29]
                                                                  

RUNNING:  11%|█▏        | 17/150 [elapsed: 00:19 remaining: 02:29]
RUNNING:  11%|█▏        | 17/150 [elapsed: 00:28 remaining: 02:29]
RUNNING:  17%|█▋        | 26/150 [elapsed: 00:28 remaining: 02:15]
                                                                  

RUNNING:  17%|█▋        | 26/150 [elapsed: 00:28 remaining: 02:15]
RUNNING:  17%|█▋        | 26/150 [elapsed: 00:38 remaining: 02:15]
RUNNING:  23%|██▎       | 35/150 [elapsed: 00:38 remaining: 02:03]
                                                                  

RUNNING:  23%|██▎       | 35/150 [elapsed: 00:38 remaining: 02:03]
RUNNING:  23%|██▎       | 35/150 [elapsed: 00:46 remaining: 02:03]
RUNNING:  29%|██▊       | 43/150 [elapsed: 00:46 remaining: 01:54]
                                                                  

RUNNING:  29%|██▊       | 43/150 [elapsed: 00:46 remaining: 01:54]
RUNNING:  29%|██▊       | 43/150 [elapsed: 00:53 remaining: 01:54]
RUNNING:  33%|███▎      | 49/150 [elapsed: 00:53 remaining: 01:48]
                                                                  

RUNNING:  33%|███▎      | 49/150 [elapsed: 00:53 remaining: 01:48]
RUNNING:  33%|███▎      | 49/150 [elapsed: 01:01 remaining: 01:48]
RUNNING:  38%|███▊      | 57/150 [elapsed: 01:01 remaining: 01:39]
                                                                  

RUNNING:  38%|███▊      | 57/150 [elapsed: 01:01 remaining: 01:39]
RUNNING:  38%|███▊      | 57/150 [elapsed: 01:09 remaining: 01:39]
RUNNING:  43%|████▎     | 64/150 [elapsed: 01:09 remaining: 01:32]
                                                                  

RUNNING:  43%|████▎     | 64/150 [elapsed: 01:09 remaining: 01:32]
RUNNING:  43%|████▎     | 64/150 [elapsed: 01:15 remaining: 01:32]
RUNNING:  47%|████▋     | 70/150 [elapsed: 01:15 remaining: 01:26]
                                                                  

RUNNING:  47%|████▋     | 70/150 [elapsed: 01:15 remaining: 01:26]
RUNNING:  47%|████▋     | 70/150 [elapsed: 01:22 remaining: 01:26]
RUNNING:  51%|█████     | 76/150 [elapsed: 01:22 remaining: 01:19]
                                                                  

RUNNING:  51%|█████     | 76/150 [elapsed: 01:22 remaining: 01:19]
RUNNING:  51%|█████     | 76/150 [elapsed: 01:27 remaining: 01:19]
RUNNING:  54%|█████▍    | 81/150 [elapsed: 01:27 remaining: 01:14]
                                                                  

RUNNING:  54%|█████▍    | 81/150 [elapsed: 01:27 remaining: 01:14]
RUNNING:  54%|█████▍    | 81/150 [elapsed: 01:37 remaining: 01:14]
RUNNING:  60%|██████    | 90/150 [elapsed: 01:37 remaining: 01:04]
                                                                  

RUNNING:  60%|██████    | 90/150 [elapsed: 01:37 remaining: 01:04]
RUNNING:  60%|██████    | 90/150 [elapsed: 01:44 remaining: 01:04]
RUNNING:  65%|██████▍   | 97/150 [elapsed: 01:44 remaining: 00:56]
                                                                  

RUNNING:  65%|██████▍   | 97/150 [elapsed: 01:44 remaining: 00:56]
RUNNING:  65%|██████▍   | 97/150 [elapsed: 01:55 remaining: 00:56]
RUNNING:  71%|███████▏  | 107/150 [elapsed: 01:55 remaining: 00:45]
                                                                   

RUNNING:  71%|███████▏  | 107/150 [elapsed: 01:55 remaining: 00:45]
RUNNING:  71%|███████▏  | 107/150 [elapsed: 02:00 remaining: 00:45]
RUNNING:  75%|███████▍  | 112/150 [elapsed: 02:00 remaining: 00:40]
                                                                   

RUNNING:  75%|███████▍  | 112/150 [elapsed: 02:00 remaining: 00:40]
RUNNING:  75%|███████▍  | 112/150 [elapsed: 02:11 remaining: 00:40]
RUNNING:  81%|████████▏ | 122/150 [elapsed: 02:11 remaining: 00:29]
                                                                   

RUNNING:  81%|████████▏ | 122/150 [elapsed: 02:11 remaining: 00:29]
RUNNING:  81%|████████▏ | 122/150 [elapsed: 02:21 remaining: 00:29]
RUNNING:  88%|████████▊ | 132/150 [elapsed: 02:21 remaining: 00:19]
                                                                   

RUNNING:  88%|████████▊ | 132/150 [elapsed: 02:21 remaining: 00:19]
RUNNING:  88%|████████▊ | 132/150 [elapsed: 02:27 remaining: 00:19]
RUNNING:  91%|█████████▏| 137/150 [elapsed: 02:27 remaining: 00:13]
                                                                   

RUNNING:  91%|█████████▏| 137/150 [elapsed: 02:27 remaining: 00:13]
RUNNING:  91%|█████████▏| 137/150 [elapsed: 02:33 remaining: 00:13]
RUNNING:  95%|█████████▌| 143/150 [elapsed: 02:33 remaining: 00:07]
                                                                   

RUNNING:  95%|█████████▌| 143/150 [elapsed: 02:33 remaining: 00:07]
RUNNING:  95%|█████████▌| 143/150 [elapsed: 02:44 remaining: 00:07]
RUNNING: |          | 153/? [elapsed: 02:44 remaining: 00:00]      
                                                             

RUNNING: |          | 153/? [elapsed: 02:44 remaining: 00:00]
RUNNING: |          | 153/? [elapsed: 02:51 remaining: 00:00]
RUNNING: |          | 160/? [elapsed: 02:51 remaining: 00:00]
                                                             

RUNNING: |          | 160/? [elapsed: 02:51 remaining: 00:00]
RUNNING: |          | 160/? [elapsed: 03:02 remaining: 00:00]
RUNNING: |          | 170/? [elapsed: 03:02 remaining: 00:00]
                                                             

RUNNING: |          | 170/? [elapsed: 03:02 remaining: 00:00]
RUNNING: |          | 170/? [elapsed: 03:12 remaining: 00:00]
RUNNING: |          | 180/? [elapsed: 03:12 remaining: 00:00]
                                                             

RUNNING: |          | 180/? [elapsed: 03:12 remaining: 00:00]
RUNNING: |          | 180/? [elapsed: 03:20 remaining: 00:00]
RUNNING: |          | 187/? [elapsed: 03:20 remaining: 00:00]
                                                             

RUNNING: |          | 187/? [elapsed: 03:20 remaining: 00:00]
RUNNING: |          | 187/? [elapsed: 03:30 remaining: 00:00]
RUNNING: |          | 197/? [elapsed: 03:30 remaining: 00:00]
                                                             

RUNNING: |          | 197/? [elapsed: 03:30 remaining: 00:00]
RUNNING: |          | 197/? [elapsed: 03:40 remaining: 00:00]
RUNNING: |          | 206/? [elapsed: 03:40 remaining: 00:00]
                                                             

RUNNING: |          | 206/? [elapsed: 03:40 remaining: 00:00]
RUNNING: |          | 206/? [elapsed: 03:50 remaining: 00:00]
RUNNING: |          | 216/? [elapsed: 03:50 remaining: 00:00]
                                                             

RUNNING: |          | 216/? [elapsed: 03:50 remaining: 00:00]
RUNNING: |          | 216/? [elapsed: 03:58 remaining: 00:00]
RUNNING: |          | 223/? [elapsed: 03:58 remaining: 00:00]
                                                             

RUNNING: |          | 223/? [elapsed: 03:58 remaining: 00:00]
RUNNING: |          | 223/? [elapsed: 04:03 remaining: 00:00]
RUNNING: |          | 228/? [elapsed: 04:03 remaining: 00:00]
                                                             

RUNNING: |          | 228/? [elapsed: 04:03 remaining: 00:00]
RUNNING: |          | 228/? [elapsed: 04:09 remaining: 00:00]
RUNNING: |          | 233/? [elapsed: 04:09 remaining: 00:00]
                                                             

RUNNING: |          | 233/? [elapsed: 04:09 remaining: 00:00]
RUNNING: |          | 233/? [elapsed: 04:19 remaining: 00:00]
RUNNING: |          | 243/? [elapsed: 04:19 remaining: 00:00]
                                                             

RUNNING: |          | 243/? [elapsed: 04:19 remaining: 00:00]
RUNNING: |          | 243/? [elapsed: 04:29 remaining: 00:00]
RUNNING: |          | 252/? [elapsed: 04:29 remaining: 00:00]
                                                             

RUNNING: |          | 252/? [elapsed: 04:29 remaining: 00:00]
RUNNING: |          | 252/? [elapsed: 04:34 remaining: 00:00]
RUNNING: |          | 257/? [elapsed: 04:34 remaining: 00:00]
                                                             

RUNNING: |          | 257/? [elapsed: 04:34 remaining: 00:00]
RUNNING: |          | 257/? [elapsed: 04:45 remaining: 00:00]
RUNNING: |          | 267/? [elapsed: 04:45 remaining: 00:00]
                                                             

RUNNING: |          | 267/? [elapsed: 04:45 remaining: 00:00]
RUNNING: |          | 267/? [elapsed: 04:52 remaining: 00:00]
RUNNING: |          | 274/? [elapsed: 04:52 remaining: 00:00]
                                                             

RUNNING: |          | 274/? [elapsed: 04:52 remaining: 00:00]
RUNNING: |          | 274/? [elapsed: 05:00 remaining: 00:00]
RUNNING: |          | 281/? [elapsed: 05:00 remaining: 00:00]
                                                             

RUNNING: |          | 281/? [elapsed: 05:00 remaining: 00:00]
RUNNING: |          | 281/? [elapsed: 05:08 remaining: 00:00]
RUNNING: |          | 289/? [elapsed: 05:08 remaining: 00:00]
                                                             

RUNNING: |          | 289/? [elapsed: 05:08 remaining: 00:00]
RUNNING: |          | 289/? [elapsed: 05:14 remaining: 00:00]
RUNNING: |          | 294/? [elapsed: 05:14 remaining: 00:00]
                                                             

RUNNING: |          | 294/? [elapsed: 05:14 remaining: 00:00]
RUNNING: |          | 294/? [elapsed: 05:19 remaining: 00:00]
RUNNING: |          | 299/? [elapsed: 05:19 remaining: 00:00]
                                                             

RUNNING: |          | 299/? [elapsed: 05:19 remaining: 00:00]
RUNNING: |          | 299/? [elapsed: 05:30 remaining: 00:00]
RUNNING: |          | 309/? [elapsed: 05:30 remaining: 00:00]
                                                             

RUNNING: |          | 309/? [elapsed: 05:30 remaining: 00:00]
RUNNING: |          | 309/? [elapsed: 05:40 remaining: 00:00]
RUNNING: |          | 319/? [elapsed: 05:40 remaining: 00:00]
                                                             

RUNNING: |          | 319/? [elapsed: 05:40 remaining: 00:00]
COMPLETE: |          | 319/? [elapsed: 05:51 remaining: 00:00]
COMPLETE: |          | 319/? [elapsed: 05:52 remaining: 00:00]
2026-06-23 04:11:00,403 Sleeping for 10s. Reason: PENDING
2026-06-23 04:11:10,915 Sleeping for 7s. Reason: RUNNING
2026-06-23 04:11:18,386 Sleeping for 9s. Reason: RUNNING
2026-06-23 04:11:27,893 Sleeping for 9s. Reason: RUNNING
2026-06-23 04:11:37,386 Sleeping for 8s. Reason: RUNNING
2026-06-23 04:11:45,875 Sleeping for 6s. Reason: RUNNING
2026-06-23 04:11:52,454 Sleeping for 8s. Reason: RUNNING
2026-06-23 04:12:00,940 Sleeping for 7s. Reason: RUNNING
2026-06-23 04:12:08,484 Sleeping for 6s. Reason: RUNNING
2026-06-23 04:12:14,971 Sleeping for 6s. Reason: RUNNING
2026-06-23 04:12:21,463 Sleeping for 5s. Reason: RUNNING
2026-06-23 04:12:26,923 Sleeping for 9s. Reason: RUNNING
2026-06-23 04:12:36,428 Sleeping for 7s. Reason: RUNNING
2026-06-23 04:12:43,899 Sleeping for 10s. Reason: RUNNING
2026-06-23 04:12:54,378 Sleeping for 5s. Reason: RUNNING
2026-06-23 04:12:59,884 Sleeping for 10s. Reason: RUNNING
2026-06-23 04:13:10,404 Sleeping for 10s. Reason: RUNNING
2026-06-23 04:13:20,886 Sleeping for 5s. Reason: RUNNING
2026-06-23 04:13:26,392 Sleeping for 6s. Reason: RUNNING
2026-06-23 04:13:32,892 Sleeping for 10s. Reason: RUNNING
2026-06-23 04:13:43,402 Sleeping for 7s. Reason: RUNNING
2026-06-23 04:13:50,901 Sleeping for 10s. Reason: RUNNING
2026-06-23 04:14:01,392 Sleeping for 10s. Reason: RUNNING
2026-06-23 04:14:11,903 Sleeping for 7s. Reason: RUNNING
2026-06-23 04:14:19,408 Sleeping for 10s. Reason: RUNNING
2026-06-23 04:14:29,876 Sleeping for 9s. Reason: RUNNING
2026-06-23 04:14:39,354 Sleeping for 10s. Reason: RUNNING
2026-06-23 04:14:49,866 Sleeping for 7s. Reason: RUNNING
2026-06-23 04:14:57,348 Sleeping for 5s. Reason: RUNNING
2026-06-23 04:15:02,826 Sleeping for 5s. Reason: RUNNING
2026-06-23 04:15:08,302 Sleeping for 10s. Reason: RUNNING
2026-06-23 04:15:18,813 Sleeping for 9s. Reason: RUNNING
2026-06-23 04:15:28,312 Sleeping for 5s. Reason: RUNNING
2026-06-23 04:15:33,809 Sleeping for 10s. Reason: RUNNING
2026-06-23 04:15:44,301 Sleeping for 7s. Reason: RUNNING
2026-06-23 04:15:51,793 Sleeping for 7s. Reason: RUNNING
2026-06-23 04:15:59,323 Sleeping for 8s. Reason: RUNNING
2026-06-23 04:16:07,832 Sleeping for 5s. Reason: RUNNING
2026-06-23 04:16:13,329 Sleeping for 5s. Reason: RUNNING
2026-06-23 04:16:18,829 Sleeping for 10s. Reason: RUNNING
2026-06-23 04:16:29,353 Sleeping for 10s. Reason: RUNNING
2026-06-23 04:16:39,847 Sleeping for 10s. Reason: RUNNING
2026-06-23 04:17:15,530 Padding length to 1013
2026-06-23 04:19:36,834 alphafold2_ptm_model_1_seed_000 recycle=0 pLDDT=80.3 pTM=0.498
2026-06-23 04:20:59,306 alphafold2_ptm_model_1_seed_000 recycle=1 pLDDT=80.4 pTM=0.455 tol=7.16
2026-06-23 04:20:59,347 alphafold2_ptm_model_1_seed_000 took 223.8s (1 recycles)
2026-06-23 04:21:00,368 reranking models by 'plddt' metric
2026-06-23 04:21:00,368 rank_001_alphafold2_ptm_model_1_seed_000 pLDDT=80.4 pTM=0.455
2026-06-23 04:21:02,159 Query 46/62: Vitis_vinifera_g052710.p01_VCORE (length 1010)
    folding 46/62 · Vitis_vinifera_g052710.p01_VCORE (1010 aa)

  0%|          | 0/150 [elapsed: 00:00 remaining: ?]
SUBMIT:   0%|          | 0/150 [elapsed: 00:00 remaining: ?]
COMPLETE:   0%|          | 0/150 [elapsed: 00:00 remaining: ?]
COMPLETE: 100%|██████████| 150/150 [elapsed: 00:00 remaining: 00:00]
COMPLETE: 100%|██████████| 150/150 [elapsed: 00:02 remaining: 00:00]
2026-06-23 04:21:28,495 Padding length to 1013
2026-06-23 04:22:50,630 alphafold2_ptm_model_1_seed_000 recycle=0 pLDDT=84.1 pTM=0.589
2026-06-23 04:24:12,898 alphafold2_ptm_model_1_seed_000 recycle=1 pLDDT=85.7 pTM=0.61 tol=5.36
2026-06-23 04:24:12,900 alphafold2_ptm_model_1_seed_000 took 164.4s (1 recycles)
2026-06-23 04:24:13,934 reranking models by 'plddt' metric
2026-06-23 04:24:13,934 rank_001_alphafold2_ptm_model_1_seed_000 pLDDT=85.7 pTM=0.61
2026-06-23 04:24:15,188 Query 47/62: Vitis_vinifera_g154420.p01_VCORE (length 1024)
    folding 47/62 · Vitis_vinifera_g154420.p01_VCORE (1024 aa)

  0%|          | 0/150 [elapsed: 00:00 remaining: ?]
SUBMIT:   0%|          | 0/150 [elapsed: 00:00 remaining: ?]
PENDING:   0%|          | 0/150 [elapsed: 00:00 remaining: ?]
                                                             

PENDING:   0%|          | 0/150 [elapsed: 00:00 remaining: ?]
RUNNING:   0%|          | 0/150 [elapsed: 00:11 remaining: ?]
RUNNING:   7%|▋         | 10/150 [elapsed: 00:11 remaining: 02:35]
                                                                  

RUNNING:   7%|▋         | 10/150 [elapsed: 00:11 remaining: 02:35]
RUNNING:   7%|▋         | 10/150 [elapsed: 00:18 remaining: 02:35]
RUNNING:  11%|█▏        | 17/150 [elapsed: 00:18 remaining: 02:25]
                                                                  

RUNNING:  11%|█▏        | 17/150 [elapsed: 00:18 remaining: 02:25]
RUNNING:  11%|█▏        | 17/150 [elapsed: 00:29 remaining: 02:25]
RUNNING:  18%|█▊        | 27/150 [elapsed: 00:29 remaining: 02:11]
                                                                  

RUNNING:  18%|█▊        | 27/150 [elapsed: 00:29 remaining: 02:11]
RUNNING:  18%|█▊        | 27/150 [elapsed: 00:35 remaining: 02:11]
RUNNING:  22%|██▏       | 33/150 [elapsed: 00:35 remaining: 02:05]
                                                                  

RUNNING:  22%|██▏       | 33/150 [elapsed: 00:35 remaining: 02:05]
RUNNING:  22%|██▏       | 33/150 [elapsed: 00:46 remaining: 02:05]
RUNNING:  29%|██▊       | 43/150 [elapsed: 00:46 remaining: 01:53]
                                                                  

RUNNING:  29%|██▊       | 43/150 [elapsed: 00:46 remaining: 01:53]
RUNNING:  29%|██▊       | 43/150 [elapsed: 00:52 remaining: 01:53]
RUNNING:  33%|███▎      | 49/150 [elapsed: 00:52 remaining: 01:48]
                                                                  

RUNNING:  33%|███▎      | 49/150 [elapsed: 00:52 remaining: 01:48]
RUNNING:  33%|███▎      | 49/150 [elapsed: 01:01 remaining: 01:48]
RUNNING:  38%|███▊      | 57/150 [elapsed: 01:01 remaining: 01:39]
                                                                  

RUNNING:  38%|███▊      | 57/150 [elapsed: 01:01 remaining: 01:39]
RUNNING:  38%|███▊      | 57/150 [elapsed: 01:08 remaining: 01:39]
RUNNING:  43%|████▎     | 64/150 [elapsed: 01:08 remaining: 01:31]
                                                                  

RUNNING:  43%|████▎     | 64/150 [elapsed: 01:08 remaining: 01:31]
RUNNING:  43%|████▎     | 64/150 [elapsed: 01:16 remaining: 01:31]
RUNNING:  47%|████▋     | 71/150 [elapsed: 01:16 remaining: 01:24]
                                                                  

RUNNING:  47%|████▋     | 71/150 [elapsed: 01:16 remaining: 01:24]
RUNNING:  47%|████▋     | 71/150 [elapsed: 01:21 remaining: 01:24]
RUNNING:  51%|█████     | 76/150 [elapsed: 01:21 remaining: 01:19]
                                                                  

RUNNING:  51%|█████     | 76/150 [elapsed: 01:21 remaining: 01:19]
RUNNING:  51%|█████     | 76/150 [elapsed: 01:32 remaining: 01:19]
RUNNING:  57%|█████▋    | 86/150 [elapsed: 01:32 remaining: 01:08]
                                                                  

RUNNING:  57%|█████▋    | 86/150 [elapsed: 01:32 remaining: 01:08]
RUNNING:  57%|█████▋    | 86/150 [elapsed: 01:40 remaining: 01:08]
RUNNING:  63%|██████▎   | 94/150 [elapsed: 01:40 remaining: 00:59]
                                                                  

RUNNING:  63%|██████▎   | 94/150 [elapsed: 01:40 remaining: 00:59]
RUNNING:  63%|██████▎   | 94/150 [elapsed: 01:48 remaining: 00:59]
RUNNING:  67%|██████▋   | 101/150 [elapsed: 01:48 remaining: 00:52]
                                                                   

RUNNING:  67%|██████▋   | 101/150 [elapsed: 01:48 remaining: 00:52]
RUNNING:  67%|██████▋   | 101/150 [elapsed: 01:57 remaining: 00:52]
RUNNING:  73%|███████▎  | 110/150 [elapsed: 01:57 remaining: 00:42]
                                                                   

RUNNING:  73%|███████▎  | 110/150 [elapsed: 01:57 remaining: 00:42]
RUNNING:  73%|███████▎  | 110/150 [elapsed: 02:03 remaining: 00:42]
RUNNING:  77%|███████▋  | 115/150 [elapsed: 02:03 remaining: 00:37]
                                                                   

RUNNING:  77%|███████▋  | 115/150 [elapsed: 02:03 remaining: 00:37]
RUNNING:  77%|███████▋  | 115/150 [elapsed: 02:11 remaining: 00:37]
RUNNING:  82%|████████▏ | 123/150 [elapsed: 02:11 remaining: 00:28]
                                                                   

RUNNING:  82%|████████▏ | 123/150 [elapsed: 02:11 remaining: 00:28]
RUNNING:  82%|████████▏ | 123/150 [elapsed: 02:17 remaining: 00:28]
RUNNING:  85%|████████▌ | 128/150 [elapsed: 02:17 remaining: 00:23]
                                                                   

RUNNING:  85%|████████▌ | 128/150 [elapsed: 02:17 remaining: 00:23]
RUNNING:  85%|████████▌ | 128/150 [elapsed: 02:24 remaining: 00:23]
RUNNING:  90%|█████████ | 135/150 [elapsed: 02:24 remaining: 00:16]
                                                                   

RUNNING:  90%|█████████ | 135/150 [elapsed: 02:24 remaining: 00:16]
RUNNING:  90%|█████████ | 135/150 [elapsed: 02:33 remaining: 00:16]
RUNNING:  95%|█████████▌| 143/150 [elapsed: 02:33 remaining: 00:07]
                                                                   

RUNNING:  95%|█████████▌| 143/150 [elapsed: 02:33 remaining: 00:07]
RUNNING:  95%|█████████▌| 143/150 [elapsed: 02:41 remaining: 00:07]
RUNNING: |          | 151/? [elapsed: 02:41 remaining: 00:00]      
                                                             

RUNNING: |          | 151/? [elapsed: 02:41 remaining: 00:00]
RUNNING: |          | 151/? [elapsed: 02:48 remaining: 00:00]
RUNNING: |          | 157/? [elapsed: 02:48 remaining: 00:00]
                                                             

RUNNING: |          | 157/? [elapsed: 02:48 remaining: 00:00]
RUNNING: |          | 157/? [elapsed: 02:57 remaining: 00:00]
RUNNING: |          | 166/? [elapsed: 02:57 remaining: 00:00]
                                                             

RUNNING: |          | 166/? [elapsed: 02:57 remaining: 00:00]
RUNNING: |          | 166/? [elapsed: 03:04 remaining: 00:00]
RUNNING: |          | 172/? [elapsed: 03:04 remaining: 00:00]
                                                             

RUNNING: |          | 172/? [elapsed: 03:04 remaining: 00:00]
RUNNING: |          | 172/? [elapsed: 03:15 remaining: 00:00]
RUNNING: |          | 182/? [elapsed: 03:15 remaining: 00:00]
                                                             

RUNNING: |          | 182/? [elapsed: 03:15 remaining: 00:00]
RUNNING: |          | 182/? [elapsed: 03:26 remaining: 00:00]
RUNNING: |          | 192/? [elapsed: 03:26 remaining: 00:00]
                                                             

RUNNING: |          | 192/? [elapsed: 03:26 remaining: 00:00]
RUNNING: |          | 192/? [elapsed: 03:36 remaining: 00:00]
RUNNING: |          | 202/? [elapsed: 03:36 remaining: 00:00]
                                                             

RUNNING: |          | 202/? [elapsed: 03:36 remaining: 00:00]
RUNNING: |          | 202/? [elapsed: 03:43 remaining: 00:00]
RUNNING: |          | 208/? [elapsed: 03:43 remaining: 00:00]
                                                             

RUNNING: |          | 208/? [elapsed: 03:43 remaining: 00:00]
RUNNING: |          | 208/? [elapsed: 03:48 remaining: 00:00]
RUNNING: |          | 213/? [elapsed: 03:48 remaining: 00:00]
                                                             

RUNNING: |          | 213/? [elapsed: 03:48 remaining: 00:00]
RUNNING: |          | 213/? [elapsed: 03:57 remaining: 00:00]
RUNNING: |          | 221/? [elapsed: 03:57 remaining: 00:00]
                                                             

RUNNING: |          | 221/? [elapsed: 03:57 remaining: 00:00]
RUNNING: |          | 221/? [elapsed: 04:04 remaining: 00:00]
RUNNING: |          | 228/? [elapsed: 04:04 remaining: 00:00]
                                                             

RUNNING: |          | 228/? [elapsed: 04:04 remaining: 00:00]
RUNNING: |          | 228/? [elapsed: 04:13 remaining: 00:00]
RUNNING: |          | 236/? [elapsed: 04:13 remaining: 00:00]
                                                             

RUNNING: |          | 236/? [elapsed: 04:13 remaining: 00:00]
RUNNING: |          | 236/? [elapsed: 04:22 remaining: 00:00]
RUNNING: |          | 245/? [elapsed: 04:22 remaining: 00:00]
                                                             

RUNNING: |          | 245/? [elapsed: 04:22 remaining: 00:00]
RUNNING: |          | 245/? [elapsed: 04:31 remaining: 00:00]
RUNNING: |          | 253/? [elapsed: 04:31 remaining: 00:00]
                                                             

RUNNING: |          | 253/? [elapsed: 04:31 remaining: 00:00]
RUNNING: |          | 253/? [elapsed: 04:41 remaining: 00:00]
RUNNING: |          | 263/? [elapsed: 04:41 remaining: 00:00]
                                                             

RUNNING: |          | 263/? [elapsed: 04:41 remaining: 00:00]
RUNNING: |          | 263/? [elapsed: 04:50 remaining: 00:00]
RUNNING: |          | 271/? [elapsed: 04:50 remaining: 00:00]
                                                             

RUNNING: |          | 271/? [elapsed: 04:50 remaining: 00:00]
RUNNING: |          | 271/? [elapsed: 04:57 remaining: 00:00]
RUNNING: |          | 278/? [elapsed: 04:57 remaining: 00:00]
                                                             

RUNNING: |          | 278/? [elapsed: 04:57 remaining: 00:00]
RUNNING: |          | 278/? [elapsed: 05:06 remaining: 00:00]
RUNNING: |          | 286/? [elapsed: 05:06 remaining: 00:00]
                                                             

RUNNING: |          | 286/? [elapsed: 05:06 remaining: 00:00]
RUNNING: |          | 286/? [elapsed: 05:13 remaining: 00:00]
RUNNING: |          | 293/? [elapsed: 05:13 remaining: 00:00]
                                                             

RUNNING: |          | 293/? [elapsed: 05:13 remaining: 00:00]
RUNNING: |          | 293/? [elapsed: 05:19 remaining: 00:00]
RUNNING: |          | 298/? [elapsed: 05:19 remaining: 00:00]
                                                             

RUNNING: |          | 298/? [elapsed: 05:19 remaining: 00:00]
RUNNING: |          | 298/? [elapsed: 05:28 remaining: 00:00]
RUNNING: |          | 307/? [elapsed: 05:28 remaining: 00:00]
                                                             

RUNNING: |          | 307/? [elapsed: 05:28 remaining: 00:00]
RUNNING: |          | 307/? [elapsed: 05:39 remaining: 00:00]
RUNNING: |          | 317/? [elapsed: 05:39 remaining: 00:00]
                                                             

RUNNING: |          | 317/? [elapsed: 05:39 remaining: 00:00]
RUNNING: |          | 317/? [elapsed: 05:47 remaining: 00:00]
RUNNING: |          | 325/? [elapsed: 05:47 remaining: 00:00]
                                                             

RUNNING: |          | 325/? [elapsed: 05:47 remaining: 00:00]
RUNNING: |          | 325/? [elapsed: 05:56 remaining: 00:00]
RUNNING: |          | 333/? [elapsed: 05:56 remaining: 00:00]
                                                             

RUNNING: |          | 333/? [elapsed: 05:56 remaining: 00:00]
RUNNING: |          | 333/? [elapsed: 06:06 remaining: 00:00]
RUNNING: |          | 343/? [elapsed: 06:06 remaining: 00:00]
                                                             

RUNNING: |          | 343/? [elapsed: 06:06 remaining: 00:00]
RUNNING: |          | 343/? [elapsed: 06:15 remaining: 00:00]
RUNNING: |          | 351/? [elapsed: 06:15 remaining: 00:00]
                                                             

RUNNING: |          | 351/? [elapsed: 06:15 remaining: 00:00]
RUNNING: |          | 351/? [elapsed: 06:23 remaining: 00:00]
RUNNING: |          | 358/? [elapsed: 06:23 remaining: 00:00]
                                                             

RUNNING: |          | 358/? [elapsed: 06:23 remaining: 00:00]
RUNNING: |          | 358/? [elapsed: 06:33 remaining: 00:00]
RUNNING: |          | 368/? [elapsed: 06:33 remaining: 00:00]
                                                             

RUNNING: |          | 368/? [elapsed: 06:33 remaining: 00:00]
RUNNING: |          | 368/? [elapsed: 06:43 remaining: 00:00]
RUNNING: |          | 377/? [elapsed: 06:43 remaining: 00:00]
                                                             

RUNNING: |          | 377/? [elapsed: 06:43 remaining: 00:00]
RUNNING: |          | 377/? [elapsed: 06:50 remaining: 00:00]
RUNNING: |          | 383/? [elapsed: 06:50 remaining: 00:00]
                                                             

RUNNING: |          | 383/? [elapsed: 06:50 remaining: 00:00]
RUNNING: |          | 383/? [elapsed: 06:55 remaining: 00:00]
RUNNING: |          | 388/? [elapsed: 06:55 remaining: 00:00]
                                                             

RUNNING: |          | 388/? [elapsed: 06:55 remaining: 00:00]
RUNNING: |          | 388/? [elapsed: 07:03 remaining: 00:00]
RUNNING: |          | 395/? [elapsed: 07:03 remaining: 00:00]
                                                             

RUNNING: |          | 395/? [elapsed: 07:03 remaining: 00:00]
RUNNING: |          | 395/? [elapsed: 07:10 remaining: 00:00]
RUNNING: |          | 402/? [elapsed: 07:10 remaining: 00:00]
                                                             

RUNNING: |          | 402/? [elapsed: 07:10 remaining: 00:00]
RUNNING: |          | 402/? [elapsed: 07:20 remaining: 00:00]
RUNNING: |          | 411/? [elapsed: 07:20 remaining: 00:00]
                                                             

RUNNING: |          | 411/? [elapsed: 07:20 remaining: 00:00]
RUNNING: |          | 411/? [elapsed: 07:29 remaining: 00:00]
RUNNING: |          | 420/? [elapsed: 07:29 remaining: 00:00]
                                                             

RUNNING: |          | 420/? [elapsed: 07:29 remaining: 00:00]
RUNNING: |          | 420/? [elapsed: 07:40 remaining: 00:00]
RUNNING: |          | 430/? [elapsed: 07:40 remaining: 00:00]
                                                             

RUNNING: |          | 430/? [elapsed: 07:40 remaining: 00:00]
RUNNING: |          | 430/? [elapsed: 07:45 remaining: 00:00]
RUNNING: |          | 435/? [elapsed: 07:45 remaining: 00:00]
                                                             

RUNNING: |          | 435/? [elapsed: 07:45 remaining: 00:00]
RUNNING: |          | 435/? [elapsed: 07:55 remaining: 00:00]
RUNNING: |          | 444/? [elapsed: 07:55 remaining: 00:00]
                                                             

RUNNING: |          | 444/? [elapsed: 07:55 remaining: 00:00]
RUNNING: |          | 444/? [elapsed: 08:04 remaining: 00:00]
RUNNING: |          | 453/? [elapsed: 08:04 remaining: 00:00]
                                                             

RUNNING: |          | 453/? [elapsed: 08:04 remaining: 00:00]
RUNNING: |          | 453/? [elapsed: 08:10 remaining: 00:00]
RUNNING: |          | 458/? [elapsed: 08:10 remaining: 00:00]
                                                             

RUNNING: |          | 458/? [elapsed: 08:10 remaining: 00:00]
COMPLETE: |          | 458/? [elapsed: 08:16 remaining: 00:00]
COMPLETE: |          | 458/? [elapsed: 08:18 remaining: 00:00]
2026-06-23 04:24:15,723 Sleeping for 10s. Reason: PENDING
2026-06-23 04:24:26,270 Sleeping for 7s. Reason: RUNNING
2026-06-23 04:24:33,790 Sleeping for 10s. Reason: RUNNING
2026-06-23 04:24:44,320 Sleeping for 6s. Reason: RUNNING
2026-06-23 04:24:50,848 Sleeping for 10s. Reason: RUNNING
2026-06-23 04:25:01,341 Sleeping for 6s. Reason: RUNNING
2026-06-23 04:25:07,839 Sleeping for 8s. Reason: RUNNING
2026-06-23 04:25:16,352 Sleeping for 7s. Reason: RUNNING
2026-06-23 04:25:23,847 Sleeping for 7s. Reason: RUNNING
2026-06-23 04:25:31,355 Sleeping for 5s. Reason: RUNNING
2026-06-23 04:25:36,874 Sleeping for 10s. Reason: RUNNING
2026-06-23 04:25:47,403 Sleeping for 8s. Reason: RUNNING
2026-06-23 04:25:55,900 Sleeping for 7s. Reason: RUNNING
2026-06-23 04:26:03,427 Sleeping for 9s. Reason: RUNNING
2026-06-23 04:26:12,933 Sleeping for 5s. Reason: RUNNING
2026-06-23 04:26:18,477 Sleeping for 8s. Reason: RUNNING
2026-06-23 04:26:26,997 Sleeping for 5s. Reason: RUNNING
2026-06-23 04:26:32,474 Sleeping for 7s. Reason: RUNNING
2026-06-23 04:26:39,947 Sleeping for 8s. Reason: RUNNING
2026-06-23 04:26:48,462 Sleeping for 8s. Reason: RUNNING
2026-06-23 04:26:56,948 Sleeping for 6s. Reason: RUNNING
2026-06-23 04:27:03,489 Sleeping for 9s. Reason: RUNNING
2026-06-23 04:27:12,995 Sleeping for 6s. Reason: RUNNING
2026-06-23 04:27:19,523 Sleeping for 10s. Reason: RUNNING
2026-06-23 04:27:30,835 Sleeping for 10s. Reason: RUNNING
2026-06-23 04:27:41,299 Sleeping for 10s. Reason: RUNNING
2026-06-23 04:27:51,815 Sleeping for 6s. Reason: RUNNING
2026-06-23 04:27:58,333 Sleeping for 5s. Reason: RUNNING
2026-06-23 04:28:03,833 Sleeping for 8s. Reason: RUNNING
2026-06-23 04:28:12,316 Sleeping for 7s. Reason: RUNNING
2026-06-23 04:28:19,846 Sleeping for 8s. Reason: RUNNING
2026-06-23 04:28:28,344 Sleeping for 9s. Reason: RUNNING
2026-06-23 04:28:37,832 Sleeping for 8s. Reason: RUNNING
2026-06-23 04:28:46,333 Sleeping for 10s. Reason: RUNNING
2026-06-23 04:28:56,857 Sleeping for 8s. Reason: RUNNING
2026-06-23 04:29:05,378 Sleeping for 7s. Reason: RUNNING
2026-06-23 04:29:12,907 Sleeping for 8s. Reason: RUNNING
2026-06-23 04:29:21,392 Sleeping for 7s. Reason: RUNNING
2026-06-23 04:29:28,914 Sleeping for 5s. Reason: RUNNING
2026-06-23 04:29:34,413 Sleeping for 9s. Reason: RUNNING
2026-06-23 04:29:43,943 Sleeping for 10s. Reason: RUNNING
2026-06-23 04:29:54,495 Sleeping for 8s. Reason: RUNNING
2026-06-23 04:30:03,018 Sleeping for 8s. Reason: RUNNING
2026-06-23 04:30:11,535 Sleeping for 10s. Reason: RUNNING
2026-06-23 04:30:22,100 Sleeping for 8s. Reason: RUNNING
2026-06-23 04:30:30,836 Sleeping for 7s. Reason: RUNNING
2026-06-23 04:30:38,325 Sleeping for 10s. Reason: RUNNING
2026-06-23 04:30:48,831 Sleeping for 9s. Reason: RUNNING
2026-06-23 04:30:58,360 Sleeping for 6s. Reason: RUNNING
2026-06-23 04:31:05,246 Sleeping for 5s. Reason: RUNNING
2026-06-23 04:31:10,731 Sleeping for 7s. Reason: RUNNING
2026-06-23 04:31:18,225 Sleeping for 7s. Reason: RUNNING
2026-06-23 04:31:25,743 Sleeping for 9s. Reason: RUNNING
2026-06-23 04:31:35,254 Sleeping for 9s. Reason: RUNNING
2026-06-23 04:31:44,754 Sleeping for 10s. Reason: RUNNING
2026-06-23 04:31:55,236 Sleeping for 5s. Reason: RUNNING
2026-06-23 04:32:00,713 Sleeping for 9s. Reason: RUNNING
2026-06-23 04:32:10,208 Sleeping for 9s. Reason: RUNNING
2026-06-23 04:32:19,738 Sleeping for 5s. Reason: RUNNING
2026-06-23 04:32:25,257 Sleeping for 6s. Reason: RUNNING
2026-06-23 04:33:05,178 Padding length to 1034
2026-06-23 04:35:39,648 alphafold2_ptm_model_1_seed_000 recycle=0 pLDDT=80.9 pTM=0.573
2026-06-23 04:37:05,043 alphafold2_ptm_model_1_seed_000 recycle=1 pLDDT=82.1 pTM=0.604 tol=6.18
2026-06-23 04:37:05,046 alphafold2_ptm_model_1_seed_000 took 239.9s (1 recycles)
2026-06-23 04:37:06,211 reranking models by 'plddt' metric
2026-06-23 04:37:06,211 rank_001_alphafold2_ptm_model_1_seed_000 pLDDT=82.1 pTM=0.604
2026-06-23 04:37:07,486 Query 48/62: Vitis_vinifera_g372960.p01_VCORE (length 1026)
    folding 48/62 · Vitis_vinifera_g372960.p01_VCORE (1026 aa)

  0%|          | 0/150 [elapsed: 00:00 remaining: ?]
SUBMIT:   0%|          | 0/150 [elapsed: 00:00 remaining: ?]
PENDING:   0%|          | 0/150 [elapsed: 00:00 remaining: ?]
                                                             

PENDING:   0%|          | 0/150 [elapsed: 00:00 remaining: ?]
RUNNING:   0%|          | 0/150 [elapsed: 00:07 remaining: ?]
RUNNING:   4%|▍         | 6/150 [elapsed: 00:07 remaining: 02:49]
                                                                 

RUNNING:   4%|▍         | 6/150 [elapsed: 00:07 remaining: 02:49]
RUNNING:   4%|▍         | 6/150 [elapsed: 00:14 remaining: 02:49]
RUNNING:   9%|▊         | 13/150 [elapsed: 00:14 remaining: 02:32]
                                                                  

RUNNING:   9%|▊         | 13/150 [elapsed: 00:14 remaining: 02:32]
RUNNING:   9%|▊         | 13/150 [elapsed: 00:21 remaining: 02:32]
RUNNING:  13%|█▎        | 19/150 [elapsed: 00:21 remaining: 02:23]
                                                                  

RUNNING:  13%|█▎        | 19/150 [elapsed: 00:21 remaining: 02:23]
RUNNING:  13%|█▎        | 19/150 [elapsed: 00:29 remaining: 02:23]
RUNNING:  18%|█▊        | 27/150 [elapsed: 00:29 remaining: 02:12]
                                                                  

RUNNING:  18%|█▊        | 27/150 [elapsed: 00:29 remaining: 02:12]
RUNNING:  18%|█▊        | 27/150 [elapsed: 00:35 remaining: 02:12]
RUNNING:  21%|██▏       | 32/150 [elapsed: 00:35 remaining: 02:08]
                                                                  

RUNNING:  21%|██▏       | 32/150 [elapsed: 00:35 remaining: 02:08]
RUNNING:  21%|██▏       | 32/150 [elapsed: 00:42 remaining: 02:08]
RUNNING:  26%|██▌       | 39/150 [elapsed: 00:42 remaining: 01:59]
                                                                  

RUNNING:  26%|██▌       | 39/150 [elapsed: 00:42 remaining: 01:59]
RUNNING:  26%|██▌       | 39/150 [elapsed: 00:51 remaining: 01:59]
RUNNING:  31%|███▏      | 47/150 [elapsed: 00:51 remaining: 01:50]
                                                                  

RUNNING:  31%|███▏      | 47/150 [elapsed: 00:51 remaining: 01:50]
RUNNING:  31%|███▏      | 47/150 [elapsed: 00:56 remaining: 01:50]
RUNNING:  35%|███▍      | 52/150 [elapsed: 00:56 remaining: 01:45]
                                                                  

RUNNING:  35%|███▍      | 52/150 [elapsed: 00:56 remaining: 01:45]
RUNNING:  35%|███▍      | 52/150 [elapsed: 01:02 remaining: 01:45]
RUNNING:  38%|███▊      | 57/150 [elapsed: 01:02 remaining: 01:40]
                                                                  

RUNNING:  38%|███▊      | 57/150 [elapsed: 01:02 remaining: 01:40]
RUNNING:  38%|███▊      | 57/150 [elapsed: 01:08 remaining: 01:40]
RUNNING:  42%|████▏     | 63/150 [elapsed: 01:08 remaining: 01:34]
                                                                  

RUNNING:  42%|████▏     | 63/150 [elapsed: 01:08 remaining: 01:34]
RUNNING:  42%|████▏     | 63/150 [elapsed: 01:15 remaining: 01:34]
RUNNING:  47%|████▋     | 70/150 [elapsed: 01:15 remaining: 01:26]
                                                                  

RUNNING:  47%|████▋     | 70/150 [elapsed: 01:15 remaining: 01:26]
RUNNING:  47%|████▋     | 70/150 [elapsed: 01:22 remaining: 01:26]
RUNNING:  51%|█████     | 76/150 [elapsed: 01:22 remaining: 01:19]
                                                                  

RUNNING:  51%|█████     | 76/150 [elapsed: 01:22 remaining: 01:19]
RUNNING:  51%|█████     | 76/150 [elapsed: 01:31 remaining: 01:19]
RUNNING:  57%|█████▋    | 85/150 [elapsed: 01:31 remaining: 01:09]
                                                                  

RUNNING:  57%|█████▋    | 85/150 [elapsed: 01:31 remaining: 01:09]
RUNNING:  57%|█████▋    | 85/150 [elapsed: 01:41 remaining: 01:09]
RUNNING:  63%|██████▎   | 94/150 [elapsed: 01:41 remaining: 00:59]
                                                                  

RUNNING:  63%|██████▎   | 94/150 [elapsed: 01:41 remaining: 00:59]
RUNNING:  63%|██████▎   | 94/150 [elapsed: 01:50 remaining: 00:59]
RUNNING:  69%|██████▊   | 103/150 [elapsed: 01:50 remaining: 00:49]
                                                                   

RUNNING:  69%|██████▊   | 103/150 [elapsed: 01:50 remaining: 00:49]
RUNNING:  69%|██████▊   | 103/150 [elapsed: 01:57 remaining: 00:49]
RUNNING:  73%|███████▎  | 109/150 [elapsed: 01:57 remaining: 00:43]
                                                                   

RUNNING:  73%|███████▎  | 109/150 [elapsed: 01:57 remaining: 00:43]
RUNNING:  73%|███████▎  | 109/150 [elapsed: 02:06 remaining: 00:43]
RUNNING:  79%|███████▊  | 118/150 [elapsed: 02:06 remaining: 00:33]
                                                                   

RUNNING:  79%|███████▊  | 118/150 [elapsed: 02:06 remaining: 00:33]
RUNNING:  79%|███████▊  | 118/150 [elapsed: 02:16 remaining: 00:33]
RUNNING:  85%|████████▍ | 127/150 [elapsed: 02:16 remaining: 00:24]
                                                                   

RUNNING:  85%|████████▍ | 127/150 [elapsed: 02:16 remaining: 00:24]
RUNNING:  85%|████████▍ | 127/150 [elapsed: 02:26 remaining: 00:24]
RUNNING:  91%|█████████▏| 137/150 [elapsed: 02:26 remaining: 00:13]
                                                                   

RUNNING:  91%|█████████▏| 137/150 [elapsed: 02:26 remaining: 00:13]
RUNNING:  91%|█████████▏| 137/150 [elapsed: 02:34 remaining: 00:13]
RUNNING:  96%|█████████▌| 144/150 [elapsed: 02:34 remaining: 00:06]
                                                                   

RUNNING:  96%|█████████▌| 144/150 [elapsed: 02:34 remaining: 00:06]
RUNNING:  96%|█████████▌| 144/150 [elapsed: 02:42 remaining: 00:06]
RUNNING: |          | 152/? [elapsed: 02:42 remaining: 00:00]      
                                                             

RUNNING: |          | 152/? [elapsed: 02:42 remaining: 00:00]
RUNNING: |          | 152/? [elapsed: 02:53 remaining: 00:00]
RUNNING: |          | 162/? [elapsed: 02:53 remaining: 00:00]
                                                             

RUNNING: |          | 162/? [elapsed: 02:53 remaining: 00:00]
RUNNING: |          | 162/? [elapsed: 02:59 remaining: 00:00]
RUNNING: |          | 168/? [elapsed: 02:59 remaining: 00:00]
                                                             

RUNNING: |          | 168/? [elapsed: 02:59 remaining: 00:00]
RUNNING: |          | 168/? [elapsed: 03:10 remaining: 00:00]
RUNNING: |          | 178/? [elapsed: 03:10 remaining: 00:00]
                                                             

RUNNING: |          | 178/? [elapsed: 03:10 remaining: 00:00]
RUNNING: |          | 178/? [elapsed: 03:17 remaining: 00:00]
RUNNING: |          | 185/? [elapsed: 03:17 remaining: 00:00]
                                                             

RUNNING: |          | 185/? [elapsed: 03:17 remaining: 00:00]
RUNNING: |          | 185/? [elapsed: 03:26 remaining: 00:00]
RUNNING: |          | 193/? [elapsed: 03:26 remaining: 00:00]
                                                             

RUNNING: |          | 193/? [elapsed: 03:26 remaining: 00:00]
RUNNING: |          | 193/? [elapsed: 03:34 remaining: 00:00]
RUNNING: |          | 201/? [elapsed: 03:34 remaining: 00:00]
                                                             

RUNNING: |          | 201/? [elapsed: 03:34 remaining: 00:00]
RUNNING: |          | 201/? [elapsed: 03:43 remaining: 00:00]
RUNNING: |          | 209/? [elapsed: 03:43 remaining: 00:00]
                                                             

RUNNING: |          | 209/? [elapsed: 03:43 remaining: 00:00]
RUNNING: |          | 209/? [elapsed: 03:49 remaining: 00:00]
RUNNING: |          | 215/? [elapsed: 03:49 remaining: 00:00]
                                                             

RUNNING: |          | 215/? [elapsed: 03:49 remaining: 00:00]
RUNNING: |          | 215/? [elapsed: 04:00 remaining: 00:00]
RUNNING: |          | 225/? [elapsed: 04:00 remaining: 00:00]
                                                             

RUNNING: |          | 225/? [elapsed: 04:00 remaining: 00:00]
RUNNING: |          | 225/? [elapsed: 04:09 remaining: 00:00]
RUNNING: |          | 234/? [elapsed: 04:09 remaining: 00:00]
                                                             

RUNNING: |          | 234/? [elapsed: 04:09 remaining: 00:00]
RUNNING: |          | 234/? [elapsed: 04:15 remaining: 00:00]
RUNNING: |          | 239/? [elapsed: 04:15 remaining: 00:00]
                                                             

RUNNING: |          | 239/? [elapsed: 04:15 remaining: 00:00]
RUNNING: |          | 239/? [elapsed: 04:25 remaining: 00:00]
RUNNING: |          | 249/? [elapsed: 04:25 remaining: 00:00]
                                                             

RUNNING: |          | 249/? [elapsed: 04:25 remaining: 00:00]
RUNNING: |          | 249/? [elapsed: 04:31 remaining: 00:00]
RUNNING: |          | 254/? [elapsed: 04:31 remaining: 00:00]
                                                             

RUNNING: |          | 254/? [elapsed: 04:31 remaining: 00:00]
RUNNING: |          | 254/? [elapsed: 04:39 remaining: 00:00]
RUNNING: |          | 262/? [elapsed: 04:39 remaining: 00:00]
                                                             

RUNNING: |          | 262/? [elapsed: 04:39 remaining: 00:00]
RUNNING: |          | 262/? [elapsed: 04:50 remaining: 00:00]
RUNNING: |          | 272/? [elapsed: 04:50 remaining: 00:00]
                                                             

RUNNING: |          | 272/? [elapsed: 04:50 remaining: 00:00]
COMPLETE: |          | 272/? [elapsed: 05:00 remaining: 00:00]
COMPLETE: |          | 272/? [elapsed: 05:02 remaining: 00:00]
2026-06-23 04:37:07,995 Sleeping for 6s. Reason: PENDING
2026-06-23 04:37:14,534 Sleeping for 7s. Reason: RUNNING
2026-06-23 04:37:22,031 Sleeping for 6s. Reason: RUNNING
2026-06-23 04:37:28,505 Sleeping for 8s. Reason: RUNNING
2026-06-23 04:37:36,997 Sleeping for 5s. Reason: RUNNING
2026-06-23 04:37:42,499 Sleeping for 7s. Reason: RUNNING
2026-06-23 04:37:49,997 Sleeping for 8s. Reason: RUNNING
2026-06-23 04:37:58,517 Sleeping for 5s. Reason: RUNNING
2026-06-23 04:38:04,022 Sleeping for 5s. Reason: RUNNING
2026-06-23 04:38:09,504 Sleeping for 6s. Reason: RUNNING
2026-06-23 04:38:16,012 Sleeping for 7s. Reason: RUNNING
2026-06-23 04:38:23,488 Sleeping for 6s. Reason: RUNNING
2026-06-23 04:38:29,961 Sleeping for 9s. Reason: RUNNING
2026-06-23 04:38:39,456 Sleeping for 9s. Reason: RUNNING
2026-06-23 04:38:48,981 Sleeping for 9s. Reason: RUNNING
2026-06-23 04:38:58,468 Sleeping for 6s. Reason: RUNNING
2026-06-23 04:39:04,935 Sleeping for 9s. Reason: RUNNING
2026-06-23 04:39:14,434 Sleeping for 9s. Reason: RUNNING
2026-06-23 04:39:23,970 Sleeping for 10s. Reason: RUNNING
2026-06-23 04:39:34,452 Sleeping for 7s. Reason: RUNNING
2026-06-23 04:39:41,948 Sleeping for 8s. Reason: RUNNING
2026-06-23 04:39:50,454 Sleeping for 10s. Reason: RUNNING
2026-06-23 04:40:00,935 Sleeping for 6s. Reason: RUNNING
2026-06-23 04:40:07,438 Sleeping for 10s. Reason: RUNNING
2026-06-23 04:40:17,931 Sleeping for 7s. Reason: RUNNING
2026-06-23 04:40:25,442 Sleeping for 8s. Reason: RUNNING
2026-06-23 04:40:33,943 Sleeping for 8s. Reason: RUNNING
2026-06-23 04:40:42,418 Sleeping for 8s. Reason: RUNNING
2026-06-23 04:40:50,900 Sleeping for 6s. Reason: RUNNING
2026-06-23 04:40:57,370 Sleeping for 10s. Reason: RUNNING
2026-06-23 04:41:07,848 Sleeping for 9s. Reason: RUNNING
2026-06-23 04:41:17,313 Sleeping for 5s. Reason: RUNNING
2026-06-23 04:41:22,809 Sleeping for 10s. Reason: RUNNING
2026-06-23 04:41:33,292 Sleeping for 5s. Reason: RUNNING
2026-06-23 04:41:38,760 Sleeping for 8s. Reason: RUNNING
2026-06-23 04:41:47,221 Sleeping for 10s. Reason: RUNNING
2026-06-23 04:41:57,722 Sleeping for 10s. Reason: RUNNING
2026-06-23 04:42:34,687 Padding length to 1034
2026-06-23 04:44:03,300 alphafold2_ptm_model_1_seed_000 recycle=0 pLDDT=84.9 pTM=0.597
2026-06-23 04:45:29,278 alphafold2_ptm_model_1_seed_000 recycle=1 pLDDT=86.4 pTM=0.617 tol=8.34
2026-06-23 04:45:29,361 alphafold2_ptm_model_1_seed_000 took 174.7s (1 recycles)
2026-06-23 04:45:31,231 reranking models by 'plddt' metric
2026-06-23 04:45:31,232 rank_001_alphafold2_ptm_model_1_seed_000 pLDDT=86.4 pTM=0.617
2026-06-23 04:45:34,236 Query 49/62: Vitis_vinifera_g463780.p01_VCORE (length 1026)
    folding 49/62 · Vitis_vinifera_g463780.p01_VCORE (1026 aa)

  0%|          | 0/150 [elapsed: 00:00 remaining: ?]
SUBMIT:   0%|          | 0/150 [elapsed: 00:00 remaining: ?]
PENDING:   0%|          | 0/150 [elapsed: 00:01 remaining: ?]
                                                             

PENDING:   0%|          | 0/150 [elapsed: 00:01 remaining: ?]
RUNNING:   0%|          | 0/150 [elapsed: 00:06 remaining: ?]
RUNNING:   3%|▎         | 5/150 [elapsed: 00:06 remaining: 03:19]
                                                                 

RUNNING:   3%|▎         | 5/150 [elapsed: 00:06 remaining: 03:19]
RUNNING:   3%|▎         | 5/150 [elapsed: 00:12 remaining: 03:19]
RUNNING:   7%|▋         | 10/150 [elapsed: 00:12 remaining: 02:50]
                                                                  

RUNNING:   7%|▋         | 10/150 [elapsed: 00:12 remaining: 02:50]
RUNNING:   7%|▋         | 10/150 [elapsed: 00:19 remaining: 02:50]
RUNNING:  11%|█▏        | 17/150 [elapsed: 00:19 remaining: 02:31]
                                                                  

RUNNING:  11%|█▏        | 17/150 [elapsed: 00:19 remaining: 02:31]
RUNNING:  11%|█▏        | 17/150 [elapsed: 00:27 remaining: 02:31]
RUNNING:  16%|█▌        | 24/150 [elapsed: 00:27 remaining: 02:19]
                                                                  

RUNNING:  16%|█▌        | 24/150 [elapsed: 00:27 remaining: 02:19]
RUNNING:  16%|█▌        | 24/150 [elapsed: 00:35 remaining: 02:19]
RUNNING:  21%|██▏       | 32/150 [elapsed: 00:35 remaining: 02:08]
                                                                  

RUNNING:  21%|██▏       | 32/150 [elapsed: 00:35 remaining: 02:08]
RUNNING:  21%|██▏       | 32/150 [elapsed: 00:46 remaining: 02:08]
RUNNING:  28%|██▊       | 42/150 [elapsed: 00:46 remaining: 01:55]
                                                                  

RUNNING:  28%|██▊       | 42/150 [elapsed: 00:46 remaining: 01:55]
RUNNING:  28%|██▊       | 42/150 [elapsed: 00:54 remaining: 01:55]
RUNNING:  33%|███▎      | 50/150 [elapsed: 00:54 remaining: 01:46]
                                                                  

RUNNING:  33%|███▎      | 50/150 [elapsed: 00:54 remaining: 01:46]
RUNNING:  33%|███▎      | 50/150 [elapsed: 01:03 remaining: 01:46]
RUNNING:  39%|███▊      | 58/150 [elapsed: 01:03 remaining: 01:38]
                                                                  

RUNNING:  39%|███▊      | 58/150 [elapsed: 01:03 remaining: 01:38]
RUNNING:  39%|███▊      | 58/150 [elapsed: 01:13 remaining: 01:38]
RUNNING:  45%|████▌     | 68/150 [elapsed: 01:13 remaining: 01:27]
                                                                  

RUNNING:  45%|████▌     | 68/150 [elapsed: 01:13 remaining: 01:27]
RUNNING:  45%|████▌     | 68/150 [elapsed: 01:19 remaining: 01:27]
RUNNING:  49%|████▊     | 73/150 [elapsed: 01:19 remaining: 01:22]
                                                                  

RUNNING:  49%|████▊     | 73/150 [elapsed: 01:19 remaining: 01:22]
RUNNING:  49%|████▊     | 73/150 [elapsed: 01:28 remaining: 01:22]
RUNNING:  55%|█████▍    | 82/150 [elapsed: 01:28 remaining: 01:12]
                                                                  

RUNNING:  55%|█████▍    | 82/150 [elapsed: 01:28 remaining: 01:12]
RUNNING:  55%|█████▍    | 82/150 [elapsed: 01:39 remaining: 01:12]
RUNNING:  61%|██████▏   | 92/150 [elapsed: 01:39 remaining: 01:01]
                                                                  

RUNNING:  61%|██████▏   | 92/150 [elapsed: 01:39 remaining: 01:01]
RUNNING:  61%|██████▏   | 92/150 [elapsed: 01:45 remaining: 01:01]
RUNNING:  65%|██████▌   | 98/150 [elapsed: 01:45 remaining: 00:55]
                                                                  

RUNNING:  65%|██████▌   | 98/150 [elapsed: 01:45 remaining: 00:55]
RUNNING:  65%|██████▌   | 98/150 [elapsed: 01:54 remaining: 00:55]
RUNNING:  71%|███████   | 106/150 [elapsed: 01:54 remaining: 00:46]
                                                                   

RUNNING:  71%|███████   | 106/150 [elapsed: 01:54 remaining: 00:46]
RUNNING:  71%|███████   | 106/150 [elapsed: 02:01 remaining: 00:46]
RUNNING:  75%|███████▌  | 113/150 [elapsed: 02:01 remaining: 00:39]
                                                                   

RUNNING:  75%|███████▌  | 113/150 [elapsed: 02:01 remaining: 00:39]
RUNNING:  75%|███████▌  | 113/150 [elapsed: 02:10 remaining: 00:39]
RUNNING:  81%|████████  | 121/150 [elapsed: 02:10 remaining: 00:30]
                                                                   

RUNNING:  81%|████████  | 121/150 [elapsed: 02:10 remaining: 00:30]
RUNNING:  81%|████████  | 121/150 [elapsed: 02:19 remaining: 00:30]
RUNNING:  87%|████████▋ | 130/150 [elapsed: 02:19 remaining: 00:21]
                                                                   

RUNNING:  87%|████████▋ | 130/150 [elapsed: 02:19 remaining: 00:21]
RUNNING:  87%|████████▋ | 130/150 [elapsed: 02:27 remaining: 00:21]
RUNNING:  91%|█████████▏| 137/150 [elapsed: 02:27 remaining: 00:13]
                                                                   

RUNNING:  91%|█████████▏| 137/150 [elapsed: 02:27 remaining: 00:13]
RUNNING:  91%|█████████▏| 137/150 [elapsed: 02:32 remaining: 00:13]
RUNNING:  95%|█████████▍| 142/150 [elapsed: 02:32 remaining: 00:08]
                                                                   

RUNNING:  95%|█████████▍| 142/150 [elapsed: 02:32 remaining: 00:08]
RUNNING:  95%|█████████▍| 142/150 [elapsed: 02:41 remaining: 00:08]
RUNNING: 100%|██████████| 150/150 [elapsed: 02:41 remaining: 00:00]
                                                                   

RUNNING: 100%|██████████| 150/150 [elapsed: 02:41 remaining: 00:00]
RUNNING: 100%|██████████| 150/150 [elapsed: 02:47 remaining: 00:00]
RUNNING: |          | 156/? [elapsed: 02:47 remaining: 00:00]      
                                                             

RUNNING: |          | 156/? [elapsed: 02:47 remaining: 00:00]
RUNNING: |          | 156/? [elapsed: 02:56 remaining: 00:00]
RUNNING: |          | 164/? [elapsed: 02:56 remaining: 00:00]
                                                             

RUNNING: |          | 164/? [elapsed: 02:56 remaining: 00:00]
RUNNING: |          | 164/? [elapsed: 03:02 remaining: 00:00]
RUNNING: |          | 170/? [elapsed: 03:02 remaining: 00:00]
                                                             

RUNNING: |          | 170/? [elapsed: 03:02 remaining: 00:00]
RUNNING: |          | 170/? [elapsed: 03:12 remaining: 00:00]
RUNNING: |          | 179/? [elapsed: 03:12 remaining: 00:00]
                                                             

RUNNING: |          | 179/? [elapsed: 03:12 remaining: 00:00]
RUNNING: |          | 179/? [elapsed: 03:22 remaining: 00:00]
RUNNING: |          | 189/? [elapsed: 03:22 remaining: 00:00]
                                                             

RUNNING: |          | 189/? [elapsed: 03:22 remaining: 00:00]
RUNNING: |          | 189/? [elapsed: 03:29 remaining: 00:00]
RUNNING: |          | 195/? [elapsed: 03:29 remaining: 00:00]
                                                             

RUNNING: |          | 195/? [elapsed: 03:29 remaining: 00:00]
RUNNING: |          | 195/? [elapsed: 03:34 remaining: 00:00]
RUNNING: |          | 200/? [elapsed: 03:34 remaining: 00:00]
                                                             

RUNNING: |          | 200/? [elapsed: 03:34 remaining: 00:00]
RUNNING: |          | 200/? [elapsed: 03:44 remaining: 00:00]
RUNNING: |          | 209/? [elapsed: 03:44 remaining: 00:00]
                                                             

RUNNING: |          | 209/? [elapsed: 03:44 remaining: 00:00]
RUNNING: |          | 209/? [elapsed: 03:54 remaining: 00:00]
RUNNING: |          | 219/? [elapsed: 03:54 remaining: 00:00]
                                                             

RUNNING: |          | 219/? [elapsed: 03:54 remaining: 00:00]
RUNNING: |          | 219/? [elapsed: 04:02 remaining: 00:00]
RUNNING: |          | 226/? [elapsed: 04:02 remaining: 00:00]
                                                             

RUNNING: |          | 226/? [elapsed: 04:02 remaining: 00:00]
RUNNING: |          | 226/? [elapsed: 04:11 remaining: 00:00]
RUNNING: |          | 235/? [elapsed: 04:11 remaining: 00:00]
                                                             

RUNNING: |          | 235/? [elapsed: 04:11 remaining: 00:00]
RUNNING: |          | 235/? [elapsed: 04:22 remaining: 00:00]
RUNNING: |          | 245/? [elapsed: 04:22 remaining: 00:00]
                                                             

RUNNING: |          | 245/? [elapsed: 04:22 remaining: 00:00]
RUNNING: |          | 245/? [elapsed: 04:30 remaining: 00:00]
RUNNING: |          | 253/? [elapsed: 04:30 remaining: 00:00]
                                                             

RUNNING: |          | 253/? [elapsed: 04:30 remaining: 00:00]
RUNNING: |          | 253/? [elapsed: 04:38 remaining: 00:00]
RUNNING: |          | 260/? [elapsed: 04:38 remaining: 00:00]
                                                             

RUNNING: |          | 260/? [elapsed: 04:38 remaining: 00:00]
RUNNING: |          | 260/? [elapsed: 04:48 remaining: 00:00]
RUNNING: |          | 270/? [elapsed: 04:48 remaining: 00:00]
                                                             

RUNNING: |          | 270/? [elapsed: 04:48 remaining: 00:00]
RUNNING: |          | 270/? [elapsed: 04:59 remaining: 00:00]
RUNNING: |          | 280/? [elapsed: 04:59 remaining: 00:00]
                                                             

RUNNING: |          | 280/? [elapsed: 04:59 remaining: 00:00]
COMPLETE: |          | 280/? [elapsed: 05:09 remaining: 00:00]
COMPLETE: |          | 280/? [elapsed: 05:11 remaining: 00:00]
2026-06-23 04:45:35,673 Sleeping for 5s. Reason: PENDING
2026-06-23 04:45:41,175 Sleeping for 5s. Reason: RUNNING
2026-06-23 04:45:46,693 Sleeping for 7s. Reason: RUNNING
2026-06-23 04:45:54,187 Sleeping for 7s. Reason: RUNNING
2026-06-23 04:46:01,676 Sleeping for 8s. Reason: RUNNING
2026-06-23 04:46:10,152 Sleeping for 10s. Reason: RUNNING
2026-06-23 04:46:20,653 Sleeping for 8s. Reason: RUNNING
2026-06-23 04:46:29,141 Sleeping for 8s. Reason: RUNNING
2026-06-23 04:46:37,626 Sleeping for 10s. Reason: RUNNING
2026-06-23 04:46:48,153 Sleeping for 5s. Reason: RUNNING
2026-06-23 04:46:53,648 Sleeping for 9s. Reason: RUNNING
2026-06-23 04:47:03,156 Sleeping for 10s. Reason: RUNNING
2026-06-23 04:47:13,678 Sleeping for 6s. Reason: RUNNING
2026-06-23 04:47:20,149 Sleeping for 8s. Reason: RUNNING
2026-06-23 04:47:28,619 Sleeping for 7s. Reason: RUNNING
2026-06-23 04:47:36,117 Sleeping for 8s. Reason: RUNNING
2026-06-23 04:47:44,638 Sleeping for 9s. Reason: RUNNING
2026-06-23 04:47:54,140 Sleeping for 7s. Reason: RUNNING
2026-06-23 04:48:01,643 Sleeping for 5s. Reason: RUNNING
2026-06-23 04:48:07,116 Sleeping for 8s. Reason: RUNNING
2026-06-23 04:48:15,632 Sleeping for 6s. Reason: RUNNING
2026-06-23 04:48:22,157 Sleeping for 8s. Reason: RUNNING
2026-06-23 04:48:30,673 Sleeping for 6s. Reason: RUNNING
2026-06-23 04:48:37,171 Sleeping for 9s. Reason: RUNNING
2026-06-23 04:48:46,669 Sleeping for 10s. Reason: RUNNING
2026-06-23 04:48:57,145 Sleeping for 6s. Reason: RUNNING
2026-06-23 04:49:03,672 Sleeping for 5s. Reason: RUNNING
2026-06-23 04:49:09,205 Sleeping for 9s. Reason: RUNNING
2026-06-23 04:49:18,716 Sleeping for 10s. Reason: RUNNING
2026-06-23 04:49:29,215 Sleeping for 7s. Reason: RUNNING
2026-06-23 04:49:36,688 Sleeping for 9s. Reason: RUNNING
2026-06-23 04:49:46,146 Sleeping for 10s. Reason: RUNNING
2026-06-23 04:49:56,666 Sleeping for 8s. Reason: RUNNING
2026-06-23 04:50:05,160 Sleeping for 7s. Reason: RUNNING
2026-06-23 04:50:12,667 Sleeping for 10s. Reason: RUNNING
2026-06-23 04:50:23,158 Sleeping for 10s. Reason: RUNNING
2026-06-23 04:50:33,651 Sleeping for 10s. Reason: RUNNING
2026-06-23 04:51:16,774 Padding length to 1034
2026-06-23 04:52:42,321 alphafold2_ptm_model_1_seed_000 recycle=0 pLDDT=85.1 pTM=0.595
2026-06-23 04:54:09,168 alphafold2_ptm_model_1_seed_000 recycle=1 pLDDT=85.9 pTM=0.616 tol=4.73
2026-06-23 04:54:09,193 alphafold2_ptm_model_1_seed_000 took 172.4s (1 recycles)
2026-06-23 04:54:10,574 reranking models by 'plddt' metric
2026-06-23 04:54:10,574 rank_001_alphafold2_ptm_model_1_seed_000 pLDDT=85.9 pTM=0.616
2026-06-23 04:54:12,234 Query 50/62: Vitis_vinifera_g413240.p01_VCORE (length 1047)
    folding 50/62 · Vitis_vinifera_g413240.p01_VCORE (1047 aa)

  0%|          | 0/150 [elapsed: 00:00 remaining: ?]
SUBMIT:   0%|          | 0/150 [elapsed: 00:00 remaining: ?]
PENDING:   0%|          | 0/150 [elapsed: 00:01 remaining: ?]
                                                             

PENDING:   0%|          | 0/150 [elapsed: 00:01 remaining: ?]
RUNNING:   0%|          | 0/150 [elapsed: 00:10 remaining: ?]
RUNNING:   6%|▌         | 9/150 [elapsed: 00:10 remaining: 02:45]
                                                                 

RUNNING:   6%|▌         | 9/150 [elapsed: 00:10 remaining: 02:45]
RUNNING:   6%|▌         | 9/150 [elapsed: 00:20 remaining: 02:45]
RUNNING:  12%|█▏        | 18/150 [elapsed: 00:20 remaining: 02:25]
                                                                  

RUNNING:  12%|█▏        | 18/150 [elapsed: 00:20 remaining: 02:25]
RUNNING:  12%|█▏        | 18/150 [elapsed: 00:25 remaining: 02:25]
RUNNING:  15%|█▌        | 23/150 [elapsed: 00:25 remaining: 02:19]
                                                                  

RUNNING:  15%|█▌        | 23/150 [elapsed: 00:25 remaining: 02:19]
RUNNING:  15%|█▌        | 23/150 [elapsed: 00:33 remaining: 02:19]
RUNNING:  21%|██        | 31/150 [elapsed: 00:33 remaining: 02:08]
                                                                  

RUNNING:  21%|██        | 31/150 [elapsed: 00:33 remaining: 02:08]
RUNNING:  21%|██        | 31/150 [elapsed: 00:39 remaining: 02:08]
RUNNING:  24%|██▍       | 36/150 [elapsed: 00:39 remaining: 02:03]
                                                                  

RUNNING:  24%|██▍       | 36/150 [elapsed: 00:39 remaining: 02:03]
RUNNING:  24%|██▍       | 36/150 [elapsed: 00:45 remaining: 02:03]
RUNNING:  28%|██▊       | 42/150 [elapsed: 00:45 remaining: 01:57]
                                                                  

RUNNING:  28%|██▊       | 42/150 [elapsed: 00:45 remaining: 01:57]
RUNNING:  28%|██▊       | 42/150 [elapsed: 00:56 remaining: 01:57]
RUNNING:  35%|███▍      | 52/150 [elapsed: 00:56 remaining: 01:44]
                                                                  

RUNNING:  35%|███▍      | 52/150 [elapsed: 00:56 remaining: 01:44]
RUNNING:  35%|███▍      | 52/150 [elapsed: 01:01 remaining: 01:44]
RUNNING:  38%|███▊      | 57/150 [elapsed: 01:01 remaining: 01:40]
                                                                  

RUNNING:  38%|███▊      | 57/150 [elapsed: 01:01 remaining: 01:40]
RUNNING:  38%|███▊      | 57/150 [elapsed: 01:08 remaining: 01:40]
RUNNING:  42%|████▏     | 63/150 [elapsed: 01:08 remaining: 01:33]
                                                                  

RUNNING:  42%|████▏     | 63/150 [elapsed: 01:08 remaining: 01:33]
RUNNING:  42%|████▏     | 63/150 [elapsed: 01:14 remaining: 01:33]
RUNNING:  46%|████▌     | 69/150 [elapsed: 01:14 remaining: 01:27]
                                                                  

RUNNING:  46%|████▌     | 69/150 [elapsed: 01:14 remaining: 01:27]
RUNNING:  46%|████▌     | 69/150 [elapsed: 01:23 remaining: 01:27]
RUNNING:  51%|█████▏    | 77/150 [elapsed: 01:23 remaining: 01:18]
                                                                  

RUNNING:  51%|█████▏    | 77/150 [elapsed: 01:23 remaining: 01:18]
RUNNING:  51%|█████▏    | 77/150 [elapsed: 01:30 remaining: 01:18]
RUNNING:  55%|█████▌    | 83/150 [elapsed: 01:30 remaining: 01:12]
                                                                  

RUNNING:  55%|█████▌    | 83/150 [elapsed: 01:30 remaining: 01:12]
RUNNING:  55%|█████▌    | 83/150 [elapsed: 01:35 remaining: 01:12]
RUNNING:  59%|█████▊    | 88/150 [elapsed: 01:35 remaining: 01:07]
                                                                  

RUNNING:  59%|█████▊    | 88/150 [elapsed: 01:35 remaining: 01:07]
RUNNING:  59%|█████▊    | 88/150 [elapsed: 01:42 remaining: 01:07]
RUNNING:  63%|██████▎   | 94/150 [elapsed: 01:42 remaining: 01:00]
                                                                  

RUNNING:  63%|██████▎   | 94/150 [elapsed: 01:42 remaining: 01:00]
RUNNING:  63%|██████▎   | 94/150 [elapsed: 01:48 remaining: 01:00]
RUNNING:  67%|██████▋   | 100/150 [elapsed: 01:48 remaining: 00:54]
                                                                   

RUNNING:  67%|██████▋   | 100/150 [elapsed: 01:48 remaining: 00:54]
RUNNING:  67%|██████▋   | 100/150 [elapsed: 01:56 remaining: 00:54]
RUNNING:  71%|███████▏  | 107/150 [elapsed: 01:56 remaining: 00:46]
                                                                   

RUNNING:  71%|███████▏  | 107/150 [elapsed: 01:56 remaining: 00:46]
RUNNING:  71%|███████▏  | 107/150 [elapsed: 02:03 remaining: 00:46]
RUNNING:  76%|███████▌  | 114/150 [elapsed: 02:03 remaining: 00:38]
                                                                   

RUNNING:  76%|███████▌  | 114/150 [elapsed: 02:03 remaining: 00:38]
RUNNING:  76%|███████▌  | 114/150 [elapsed: 02:09 remaining: 00:38]
RUNNING:  79%|███████▉  | 119/150 [elapsed: 02:09 remaining: 00:33]
                                                                   

RUNNING:  79%|███████▉  | 119/150 [elapsed: 02:09 remaining: 00:33]
RUNNING:  79%|███████▉  | 119/150 [elapsed: 02:15 remaining: 00:33]
RUNNING:  83%|████████▎ | 125/150 [elapsed: 02:15 remaining: 00:27]
                                                                   

RUNNING:  83%|████████▎ | 125/150 [elapsed: 02:15 remaining: 00:27]
RUNNING:  83%|████████▎ | 125/150 [elapsed: 02:25 remaining: 00:27]
RUNNING:  90%|█████████ | 135/150 [elapsed: 02:25 remaining: 00:16]
                                                                   

RUNNING:  90%|█████████ | 135/150 [elapsed: 02:25 remaining: 00:16]
RUNNING:  90%|█████████ | 135/150 [elapsed: 02:33 remaining: 00:16]
RUNNING:  95%|█████████▍| 142/150 [elapsed: 02:33 remaining: 00:08]
                                                                   

RUNNING:  95%|█████████▍| 142/150 [elapsed: 02:33 remaining: 00:08]
RUNNING:  95%|█████████▍| 142/150 [elapsed: 02:39 remaining: 00:08]
RUNNING:  98%|█████████▊| 147/150 [elapsed: 02:39 remaining: 00:03]
                                                                   

RUNNING:  98%|█████████▊| 147/150 [elapsed: 02:39 remaining: 00:03]
RUNNING:  98%|█████████▊| 147/150 [elapsed: 02:47 remaining: 00:03]
RUNNING: |          | 155/? [elapsed: 02:47 remaining: 00:00]      
                                                             

RUNNING: |          | 155/? [elapsed: 02:47 remaining: 00:00]
RUNNING: |          | 155/? [elapsed: 02:57 remaining: 00:00]
RUNNING: |          | 164/? [elapsed: 02:57 remaining: 00:00]
                                                             

RUNNING: |          | 164/? [elapsed: 02:57 remaining: 00:00]
RUNNING: |          | 164/? [elapsed: 03:04 remaining: 00:00]
RUNNING: |          | 171/? [elapsed: 03:04 remaining: 00:00]
                                                             

RUNNING: |          | 171/? [elapsed: 03:04 remaining: 00:00]
RUNNING: |          | 171/? [elapsed: 03:11 remaining: 00:00]
RUNNING: |          | 177/? [elapsed: 03:11 remaining: 00:00]
                                                             

RUNNING: |          | 177/? [elapsed: 03:11 remaining: 00:00]
RUNNING: |          | 177/? [elapsed: 03:17 remaining: 00:00]
RUNNING: |          | 183/? [elapsed: 03:17 remaining: 00:00]
                                                             

RUNNING: |          | 183/? [elapsed: 03:17 remaining: 00:00]
RUNNING: |          | 183/? [elapsed: 03:22 remaining: 00:00]
RUNNING: |          | 188/? [elapsed: 03:22 remaining: 00:00]
                                                             

RUNNING: |          | 188/? [elapsed: 03:22 remaining: 00:00]
RUNNING: |          | 188/? [elapsed: 03:31 remaining: 00:00]
RUNNING: |          | 196/? [elapsed: 03:31 remaining: 00:00]
                                                             

RUNNING: |          | 196/? [elapsed: 03:31 remaining: 00:00]
RUNNING: |          | 196/? [elapsed: 03:40 remaining: 00:00]
RUNNING: |          | 205/? [elapsed: 03:40 remaining: 00:00]
                                                             

RUNNING: |          | 205/? [elapsed: 03:40 remaining: 00:00]
RUNNING: |          | 205/? [elapsed: 03:47 remaining: 00:00]
RUNNING: |          | 211/? [elapsed: 03:47 remaining: 00:00]
                                                             

RUNNING: |          | 211/? [elapsed: 03:47 remaining: 00:00]
RUNNING: |          | 211/? [elapsed: 03:56 remaining: 00:00]
RUNNING: |          | 220/? [elapsed: 03:56 remaining: 00:00]
                                                             

RUNNING: |          | 220/? [elapsed: 03:56 remaining: 00:00]
RUNNING: |          | 220/? [elapsed: 04:06 remaining: 00:00]
RUNNING: |          | 229/? [elapsed: 04:06 remaining: 00:00]
                                                             

RUNNING: |          | 229/? [elapsed: 04:06 remaining: 00:00]
RUNNING: |          | 229/? [elapsed: 04:16 remaining: 00:00]
RUNNING: |          | 239/? [elapsed: 04:16 remaining: 00:00]
                                                             

RUNNING: |          | 239/? [elapsed: 04:16 remaining: 00:00]
RUNNING: |          | 239/? [elapsed: 04:23 remaining: 00:00]
RUNNING: |          | 245/? [elapsed: 04:23 remaining: 00:00]
                                                             

RUNNING: |          | 245/? [elapsed: 04:23 remaining: 00:00]
RUNNING: |          | 245/? [elapsed: 04:31 remaining: 00:00]
RUNNING: |          | 253/? [elapsed: 04:31 remaining: 00:00]
                                                             

RUNNING: |          | 253/? [elapsed: 04:31 remaining: 00:00]
RUNNING: |          | 253/? [elapsed: 04:38 remaining: 00:00]
RUNNING: |          | 259/? [elapsed: 04:38 remaining: 00:00]
                                                             

RUNNING: |          | 259/? [elapsed: 04:38 remaining: 00:00]
RUNNING: |          | 259/? [elapsed: 04:43 remaining: 00:00]
RUNNING: |          | 264/? [elapsed: 04:43 remaining: 00:00]
                                                             

RUNNING: |          | 264/? [elapsed: 04:43 remaining: 00:00]
RUNNING: |          | 264/? [elapsed: 04:54 remaining: 00:00]
RUNNING: |          | 274/? [elapsed: 04:54 remaining: 00:00]
                                                             

RUNNING: |          | 274/? [elapsed: 04:54 remaining: 00:00]
COMPLETE: |          | 274/? [elapsed: 05:03 remaining: 00:00]
COMPLETE: |          | 274/? [elapsed: 05:05 remaining: 00:00]
2026-06-23 04:54:13,283 Sleeping for 9s. Reason: PENDING
2026-06-23 04:54:22,816 Sleeping for 9s. Reason: RUNNING
2026-06-23 04:54:32,282 Sleeping for 5s. Reason: RUNNING
2026-06-23 04:54:37,760 Sleeping for 8s. Reason: RUNNING
2026-06-23 04:54:46,253 Sleeping for 5s. Reason: RUNNING
2026-06-23 04:54:51,745 Sleeping for 6s. Reason: RUNNING
2026-06-23 04:54:58,247 Sleeping for 10s. Reason: RUNNING
2026-06-23 04:55:08,721 Sleeping for 5s. Reason: RUNNING
2026-06-23 04:55:14,203 Sleeping for 6s. Reason: RUNNING
2026-06-23 04:55:20,696 Sleeping for 6s. Reason: RUNNING
2026-06-23 04:55:27,206 Sleeping for 8s. Reason: RUNNING
2026-06-23 04:55:35,720 Sleeping for 6s. Reason: RUNNING
2026-06-23 04:55:42,364 Sleeping for 5s. Reason: RUNNING
2026-06-23 04:55:47,893 Sleeping for 6s. Reason: RUNNING
2026-06-23 04:55:54,381 Sleeping for 6s. Reason: RUNNING
2026-06-23 04:56:00,859 Sleeping for 7s. Reason: RUNNING
2026-06-23 04:56:08,326 Sleeping for 7s. Reason: RUNNING
2026-06-23 04:56:15,820 Sleeping for 5s. Reason: RUNNING
2026-06-23 04:56:21,305 Sleeping for 6s. Reason: RUNNING
2026-06-23 04:56:27,774 Sleeping for 10s. Reason: RUNNING
2026-06-23 04:56:38,254 Sleeping for 7s. Reason: RUNNING
2026-06-23 04:56:45,735 Sleeping for 5s. Reason: RUNNING
2026-06-23 04:56:51,281 Sleeping for 8s. Reason: RUNNING
2026-06-23 04:56:59,785 Sleeping for 9s. Reason: RUNNING
2026-06-23 04:57:09,288 Sleeping for 7s. Reason: RUNNING
2026-06-23 04:57:16,790 Sleeping for 6s. Reason: RUNNING
2026-06-23 04:57:23,289 Sleeping for 6s. Reason: RUNNING
2026-06-23 04:57:29,772 Sleeping for 5s. Reason: RUNNING
2026-06-23 04:57:35,257 Sleeping for 8s. Reason: RUNNING
2026-06-23 04:57:43,729 Sleeping for 9s. Reason: RUNNING
2026-06-23 04:57:53,237 Sleeping for 6s. Reason: RUNNING
2026-06-23 04:57:59,751 Sleeping for 9s. Reason: RUNNING
2026-06-23 04:58:09,227 Sleeping for 9s. Reason: RUNNING
2026-06-23 04:58:18,724 Sleeping for 10s. Reason: RUNNING
2026-06-23 04:58:29,245 Sleeping for 6s. Reason: RUNNING
2026-06-23 04:58:35,762 Sleeping for 8s. Reason: RUNNING
2026-06-23 04:58:44,260 Sleeping for 6s. Reason: RUNNING
2026-06-23 04:58:50,752 Sleeping for 5s. Reason: RUNNING
2026-06-23 04:58:56,245 Sleeping for 10s. Reason: RUNNING
2026-06-23 04:59:06,728 Sleeping for 9s. Reason: RUNNING
2026-06-23 04:59:47,307 Padding length to 1057
2026-06-23 05:02:14,509 alphafold2_ptm_model_1_seed_000 recycle=0 pLDDT=87.8 pTM=0.651
2026-06-23 05:03:43,413 alphafold2_ptm_model_1_seed_000 recycle=1 pLDDT=88.9 pTM=0.697 tol=4.29
2026-06-23 05:03:43,470 alphafold2_ptm_model_1_seed_000 took 236.2s (1 recycles)
2026-06-23 05:03:44,535 reranking models by 'plddt' metric
2026-06-23 05:03:44,535 rank_001_alphafold2_ptm_model_1_seed_000 pLDDT=88.9 pTM=0.697
2026-06-23 05:03:45,763 Query 51/62: Vitis_vinifera_g265470.p01_VCORE (length 1052)
    folding 51/62 · Vitis_vinifera_g265470.p01_VCORE (1052 aa)

  0%|          | 0/150 [elapsed: 00:00 remaining: ?]
SUBMIT:   0%|          | 0/150 [elapsed: 00:00 remaining: ?]
PENDING:   0%|          | 0/150 [elapsed: 00:00 remaining: ?]
                                                             

PENDING:   0%|          | 0/150 [elapsed: 00:00 remaining: ?]
RUNNING:   0%|          | 0/150 [elapsed: 00:06 remaining: ?]
RUNNING:   3%|▎         | 5/150 [elapsed: 00:06 remaining: 02:54]
                                                                 

RUNNING:   3%|▎         | 5/150 [elapsed: 00:06 remaining: 02:54]
RUNNING:   3%|▎         | 5/150 [elapsed: 00:15 remaining: 02:54]
RUNNING:   9%|▉         | 14/150 [elapsed: 00:15 remaining: 02:29]
                                                                  

RUNNING:   9%|▉         | 14/150 [elapsed: 00:15 remaining: 02:29]
RUNNING:   9%|▉         | 14/150 [elapsed: 00:22 remaining: 02:29]
RUNNING:  14%|█▍        | 21/150 [elapsed: 00:22 remaining: 02:19]
                                                                  

RUNNING:  14%|█▍        | 21/150 [elapsed: 00:22 remaining: 02:19]
RUNNING:  14%|█▍        | 21/150 [elapsed: 00:33 remaining: 02:19]
RUNNING:  21%|██        | 31/150 [elapsed: 00:33 remaining: 02:08]
                                                                  

RUNNING:  21%|██        | 31/150 [elapsed: 00:33 remaining: 02:08]
RUNNING:  21%|██        | 31/150 [elapsed: 00:39 remaining: 02:08]
RUNNING:  24%|██▍       | 36/150 [elapsed: 00:39 remaining: 02:03]
                                                                  

RUNNING:  24%|██▍       | 36/150 [elapsed: 00:39 remaining: 02:03]
RUNNING:  24%|██▍       | 36/150 [elapsed: 00:47 remaining: 02:03]
RUNNING:  29%|██▉       | 44/150 [elapsed: 00:47 remaining: 01:53]
                                                                  

RUNNING:  29%|██▉       | 44/150 [elapsed: 00:47 remaining: 01:53]
RUNNING:  29%|██▉       | 44/150 [elapsed: 00:57 remaining: 01:53]
RUNNING:  35%|███▌      | 53/150 [elapsed: 00:57 remaining: 01:43]
                                                                  

RUNNING:  35%|███▌      | 53/150 [elapsed: 00:57 remaining: 01:43]
RUNNING:  35%|███▌      | 53/150 [elapsed: 01:03 remaining: 01:43]
RUNNING:  39%|███▉      | 59/150 [elapsed: 01:03 remaining: 01:37]
                                                                  

RUNNING:  39%|███▉      | 59/150 [elapsed: 01:03 remaining: 01:37]
RUNNING:  39%|███▉      | 59/150 [elapsed: 01:10 remaining: 01:37]
RUNNING:  43%|████▎     | 65/150 [elapsed: 01:10 remaining: 01:31]
                                                                  

RUNNING:  43%|████▎     | 65/150 [elapsed: 01:10 remaining: 01:31]
RUNNING:  43%|████▎     | 65/150 [elapsed: 01:20 remaining: 01:31]
RUNNING:  50%|█████     | 75/150 [elapsed: 01:20 remaining: 01:19]
                                                                  

RUNNING:  50%|█████     | 75/150 [elapsed: 01:20 remaining: 01:19]
RUNNING:  50%|█████     | 75/150 [elapsed: 01:29 remaining: 01:19]
RUNNING:  55%|█████▌    | 83/150 [elapsed: 01:29 remaining: 01:11]
                                                                  

RUNNING:  55%|█████▌    | 83/150 [elapsed: 01:29 remaining: 01:11]
RUNNING:  55%|█████▌    | 83/150 [elapsed: 01:38 remaining: 01:11]
RUNNING:  61%|██████▏   | 92/150 [elapsed: 01:38 remaining: 01:01]
                                                                  

RUNNING:  61%|██████▏   | 92/150 [elapsed: 01:38 remaining: 01:01]
RUNNING:  61%|██████▏   | 92/150 [elapsed: 01:48 remaining: 01:01]
RUNNING:  67%|██████▋   | 101/150 [elapsed: 01:48 remaining: 00:51]
                                                                   

RUNNING:  67%|██████▋   | 101/150 [elapsed: 01:48 remaining: 00:51]
RUNNING:  67%|██████▋   | 101/150 [elapsed: 01:55 remaining: 00:51]
RUNNING:  72%|███████▏  | 108/150 [elapsed: 01:55 remaining: 00:44]
                                                                   

RUNNING:  72%|███████▏  | 108/150 [elapsed: 01:55 remaining: 00:44]
RUNNING:  72%|███████▏  | 108/150 [elapsed: 02:05 remaining: 00:44]
RUNNING:  78%|███████▊  | 117/150 [elapsed: 02:05 remaining: 00:34]
                                                                   

RUNNING:  78%|███████▊  | 117/150 [elapsed: 02:05 remaining: 00:34]
RUNNING:  78%|███████▊  | 117/150 [elapsed: 02:11 remaining: 00:34]
RUNNING:  82%|████████▏ | 123/150 [elapsed: 02:11 remaining: 00:28]
                                                                   

RUNNING:  82%|████████▏ | 123/150 [elapsed: 02:11 remaining: 00:28]
RUNNING:  82%|████████▏ | 123/150 [elapsed: 02:19 remaining: 00:28]
RUNNING:  87%|████████▋ | 130/150 [elapsed: 02:19 remaining: 00:21]
                                                                   

RUNNING:  87%|████████▋ | 130/150 [elapsed: 02:19 remaining: 00:21]
RUNNING:  87%|████████▋ | 130/150 [elapsed: 02:28 remaining: 00:21]
RUNNING:  93%|█████████▎| 139/150 [elapsed: 02:28 remaining: 00:11]
                                                                   

RUNNING:  93%|█████████▎| 139/150 [elapsed: 02:28 remaining: 00:11]
RUNNING:  93%|█████████▎| 139/150 [elapsed: 02:36 remaining: 00:11]
RUNNING:  97%|█████████▋| 146/150 [elapsed: 02:36 remaining: 00:04]
                                                                   

RUNNING:  97%|█████████▋| 146/150 [elapsed: 02:36 remaining: 00:04]
RUNNING:  97%|█████████▋| 146/150 [elapsed: 02:44 remaining: 00:04]
RUNNING: |          | 154/? [elapsed: 02:44 remaining: 00:00]      
                                                             

RUNNING: |          | 154/? [elapsed: 02:44 remaining: 00:00]
RUNNING: |          | 154/? [elapsed: 02:52 remaining: 00:00]
RUNNING: |          | 161/? [elapsed: 02:52 remaining: 00:00]
                                                             

RUNNING: |          | 161/? [elapsed: 02:52 remaining: 00:00]
RUNNING: |          | 161/? [elapsed: 03:01 remaining: 00:00]
RUNNING: |          | 170/? [elapsed: 03:01 remaining: 00:00]
                                                             

RUNNING: |          | 170/? [elapsed: 03:01 remaining: 00:00]
RUNNING: |          | 170/? [elapsed: 03:09 remaining: 00:00]
RUNNING: |          | 177/? [elapsed: 03:09 remaining: 00:00]
                                                             

RUNNING: |          | 177/? [elapsed: 03:09 remaining: 00:00]
RUNNING: |          | 177/? [elapsed: 03:16 remaining: 00:00]
RUNNING: |          | 184/? [elapsed: 03:16 remaining: 00:00]
                                                             

RUNNING: |          | 184/? [elapsed: 03:16 remaining: 00:00]
RUNNING: |          | 184/? [elapsed: 03:27 remaining: 00:00]
RUNNING: |          | 194/? [elapsed: 03:27 remaining: 00:00]
                                                             

RUNNING: |          | 194/? [elapsed: 03:27 remaining: 00:00]
RUNNING: |          | 194/? [elapsed: 03:32 remaining: 00:00]
RUNNING: |          | 199/? [elapsed: 03:32 remaining: 00:00]
                                                             

RUNNING: |          | 199/? [elapsed: 03:32 remaining: 00:00]
RUNNING: |          | 199/? [elapsed: 03:40 remaining: 00:00]
RUNNING: |          | 206/? [elapsed: 03:40 remaining: 00:00]
                                                             

RUNNING: |          | 206/? [elapsed: 03:40 remaining: 00:00]
RUNNING: |          | 206/? [elapsed: 03:48 remaining: 00:00]
RUNNING: |          | 214/? [elapsed: 03:48 remaining: 00:00]
                                                             

RUNNING: |          | 214/? [elapsed: 03:48 remaining: 00:00]
RUNNING: |          | 214/? [elapsed: 03:59 remaining: 00:00]
RUNNING: |          | 224/? [elapsed: 03:59 remaining: 00:00]
                                                             

RUNNING: |          | 224/? [elapsed: 03:59 remaining: 00:00]
RUNNING: |          | 224/? [elapsed: 04:04 remaining: 00:00]
RUNNING: |          | 229/? [elapsed: 04:04 remaining: 00:00]
                                                             

RUNNING: |          | 229/? [elapsed: 04:04 remaining: 00:00]
RUNNING: |          | 229/? [elapsed: 04:12 remaining: 00:00]
RUNNING: |          | 236/? [elapsed: 04:12 remaining: 00:00]
                                                             

RUNNING: |          | 236/? [elapsed: 04:12 remaining: 00:00]
RUNNING: |          | 236/? [elapsed: 04:21 remaining: 00:00]
RUNNING: |          | 245/? [elapsed: 04:21 remaining: 00:00]
                                                             

RUNNING: |          | 245/? [elapsed: 04:21 remaining: 00:00]
RUNNING: |          | 245/? [elapsed: 04:28 remaining: 00:00]
RUNNING: |          | 251/? [elapsed: 04:28 remaining: 00:00]
                                                             

RUNNING: |          | 251/? [elapsed: 04:28 remaining: 00:00]
RUNNING: |          | 251/? [elapsed: 04:38 remaining: 00:00]
RUNNING: |          | 261/? [elapsed: 04:38 remaining: 00:00]
                                                             

RUNNING: |          | 261/? [elapsed: 04:38 remaining: 00:00]
RUNNING: |          | 261/? [elapsed: 04:45 remaining: 00:00]
RUNNING: |          | 267/? [elapsed: 04:45 remaining: 00:00]
                                                             

RUNNING: |          | 267/? [elapsed: 04:45 remaining: 00:00]
RUNNING: |          | 267/? [elapsed: 04:53 remaining: 00:00]
RUNNING: |          | 275/? [elapsed: 04:53 remaining: 00:00]
                                                             

RUNNING: |          | 275/? [elapsed: 04:53 remaining: 00:00]
RUNNING: |          | 275/? [elapsed: 05:02 remaining: 00:00]
RUNNING: |          | 283/? [elapsed: 05:02 remaining: 00:00]
                                                             

RUNNING: |          | 283/? [elapsed: 05:02 remaining: 00:00]
RUNNING: |          | 283/? [elapsed: 05:08 remaining: 00:00]
RUNNING: |          | 289/? [elapsed: 05:08 remaining: 00:00]
                                                             

RUNNING: |          | 289/? [elapsed: 05:08 remaining: 00:00]
COMPLETE: |          | 289/? [elapsed: 05:16 remaining: 00:00]
COMPLETE: |          | 289/? [elapsed: 05:17 remaining: 00:00]
2026-06-23 05:03:46,281 Sleeping for 5s. Reason: PENDING
2026-06-23 05:03:51,786 Sleeping for 9s. Reason: RUNNING
2026-06-23 05:04:01,283 Sleeping for 7s. Reason: RUNNING
2026-06-23 05:04:08,765 Sleeping for 10s. Reason: RUNNING
2026-06-23 05:04:19,434 Sleeping for 5s. Reason: RUNNING
2026-06-23 05:04:24,942 Sleeping for 8s. Reason: RUNNING
2026-06-23 05:04:33,447 Sleeping for 9s. Reason: RUNNING
2026-06-23 05:04:42,916 Sleeping for 6s. Reason: RUNNING
2026-06-23 05:04:49,420 Sleeping for 6s. Reason: RUNNING
2026-06-23 05:04:55,903 Sleeping for 10s. Reason: RUNNING
2026-06-23 05:05:06,419 Sleeping for 8s. Reason: RUNNING
2026-06-23 05:05:14,929 Sleeping for 9s. Reason: RUNNING
2026-06-23 05:05:24,434 Sleeping for 9s. Reason: RUNNING
2026-06-23 05:05:33,920 Sleeping for 7s. Reason: RUNNING
2026-06-23 05:05:41,418 Sleeping for 9s. Reason: RUNNING
2026-06-23 05:05:50,926 Sleeping for 6s. Reason: RUNNING
2026-06-23 05:05:57,419 Sleeping for 7s. Reason: RUNNING
2026-06-23 05:06:04,896 Sleeping for 9s. Reason: RUNNING
2026-06-23 05:06:14,401 Sleeping for 7s. Reason: RUNNING
2026-06-23 05:06:21,905 Sleeping for 8s. Reason: RUNNING
2026-06-23 05:06:30,405 Sleeping for 7s. Reason: RUNNING
2026-06-23 05:06:37,888 Sleeping for 9s. Reason: RUNNING
2026-06-23 05:06:47,360 Sleeping for 7s. Reason: RUNNING
2026-06-23 05:06:54,852 Sleeping for 7s. Reason: RUNNING
2026-06-23 05:07:02,315 Sleeping for 10s. Reason: RUNNING
2026-06-23 05:07:12,799 Sleeping for 5s. Reason: RUNNING
2026-06-23 05:07:18,317 Sleeping for 7s. Reason: RUNNING
2026-06-23 05:07:25,801 Sleeping for 8s. Reason: RUNNING
2026-06-23 05:07:34,356 Sleeping for 10s. Reason: RUNNING
2026-06-23 05:07:44,861 Sleeping for 5s. Reason: RUNNING
2026-06-23 05:07:50,353 Sleeping for 7s. Reason: RUNNING
2026-06-23 05:07:57,840 Sleeping for 9s. Reason: RUNNING
2026-06-23 05:08:07,361 Sleeping for 6s. Reason: RUNNING
2026-06-23 05:08:13,832 Sleeping for 10s. Reason: RUNNING
2026-06-23 05:08:24,304 Sleeping for 6s. Reason: RUNNING
2026-06-23 05:08:30,783 Sleeping for 8s. Reason: RUNNING
2026-06-23 05:08:39,262 Sleeping for 8s. Reason: RUNNING
2026-06-23 05:08:47,771 Sleeping for 6s. Reason: RUNNING
2026-06-23 05:08:54,301 Sleeping for 7s. Reason: RUNNING
2026-06-23 05:09:25,350 Padding length to 1057
2026-06-23 05:10:56,986 alphafold2_ptm_model_1_seed_000 recycle=0 pLDDT=84.4 pTM=0.592
2026-06-23 05:12:26,908 alphafold2_ptm_model_1_seed_000 recycle=1 pLDDT=85.3 pTM=0.618 tol=5.74
2026-06-23 05:12:26,994 alphafold2_ptm_model_1_seed_000 took 181.6s (1 recycles)
2026-06-23 05:12:28,903 reranking models by 'plddt' metric
2026-06-23 05:12:28,924 rank_001_alphafold2_ptm_model_1_seed_000 pLDDT=85.3 pTM=0.618
2026-06-23 05:12:31,238 Query 52/62: Vitis_vinifera_g196630.p01_VCORE (length 1065)
    folding 52/62 · Vitis_vinifera_g196630.p01_VCORE (1065 aa)

  0%|          | 0/150 [elapsed: 00:00 remaining: ?]
SUBMIT:   0%|          | 0/150 [elapsed: 00:00 remaining: ?]
PENDING:   0%|          | 0/150 [elapsed: 00:01 remaining: ?]
                                                             

PENDING:   0%|          | 0/150 [elapsed: 00:01 remaining: ?]
RUNNING:   0%|          | 0/150 [elapsed: 00:09 remaining: ?]
RUNNING:   5%|▍         | 7/150 [elapsed: 00:09 remaining: 03:06]
                                                                 

RUNNING:   5%|▍         | 7/150 [elapsed: 00:09 remaining: 03:06]
RUNNING:   5%|▍         | 7/150 [elapsed: 00:17 remaining: 03:06]
RUNNING:  10%|█         | 15/150 [elapsed: 00:17 remaining: 02:36]
                                                                  

RUNNING:  10%|█         | 15/150 [elapsed: 00:17 remaining: 02:36]
RUNNING:  10%|█         | 15/150 [elapsed: 00:28 remaining: 02:36]
RUNNING:  17%|█▋        | 25/150 [elapsed: 00:28 remaining: 02:17]
                                                                  

RUNNING:  17%|█▋        | 25/150 [elapsed: 00:28 remaining: 02:17]
RUNNING:  17%|█▋        | 25/150 [elapsed: 00:38 remaining: 02:17]
RUNNING:  23%|██▎       | 35/150 [elapsed: 00:38 remaining: 02:03]
                                                                  

RUNNING:  23%|██▎       | 35/150 [elapsed: 00:38 remaining: 02:03]
RUNNING:  23%|██▎       | 35/150 [elapsed: 00:49 remaining: 02:03]
RUNNING:  30%|███       | 45/150 [elapsed: 00:49 remaining: 01:52]
                                                                  

RUNNING:  30%|███       | 45/150 [elapsed: 00:49 remaining: 01:52]
RUNNING:  30%|███       | 45/150 [elapsed: 00:57 remaining: 01:52]
RUNNING:  35%|███▌      | 53/150 [elapsed: 00:57 remaining: 01:43]
                                                                  

RUNNING:  35%|███▌      | 53/150 [elapsed: 00:57 remaining: 01:43]
RUNNING:  35%|███▌      | 53/150 [elapsed: 01:06 remaining: 01:43]
RUNNING:  41%|████      | 61/150 [elapsed: 01:06 remaining: 01:34]
                                                                  

RUNNING:  41%|████      | 61/150 [elapsed: 01:06 remaining: 01:34]
RUNNING:  41%|████      | 61/150 [elapsed: 01:13 remaining: 01:34]
RUNNING:  45%|████▌     | 68/150 [elapsed: 01:13 remaining: 01:27]
                                                                  

RUNNING:  45%|████▌     | 68/150 [elapsed: 01:13 remaining: 01:27]
RUNNING:  45%|████▌     | 68/150 [elapsed: 01:22 remaining: 01:27]
RUNNING:  51%|█████     | 76/150 [elapsed: 01:22 remaining: 01:18]
                                                                  

RUNNING:  51%|█████     | 76/150 [elapsed: 01:22 remaining: 01:18]
RUNNING:  51%|█████     | 76/150 [elapsed: 01:31 remaining: 01:18]
RUNNING:  57%|█████▋    | 85/150 [elapsed: 01:31 remaining: 01:09]
                                                                  

RUNNING:  57%|█████▋    | 85/150 [elapsed: 01:31 remaining: 01:09]
RUNNING:  57%|█████▋    | 85/150 [elapsed: 01:39 remaining: 01:09]
RUNNING:  61%|██████▏   | 92/150 [elapsed: 01:39 remaining: 01:01]
                                                                  

RUNNING:  61%|██████▏   | 92/150 [elapsed: 01:39 remaining: 01:01]
RUNNING:  61%|██████▏   | 92/150 [elapsed: 01:47 remaining: 01:01]
RUNNING:  67%|██████▋   | 100/150 [elapsed: 01:47 remaining: 00:53]
                                                                   

RUNNING:  67%|██████▋   | 100/150 [elapsed: 01:47 remaining: 00:53]
RUNNING:  67%|██████▋   | 100/150 [elapsed: 01:56 remaining: 00:53]
RUNNING:  72%|███████▏  | 108/150 [elapsed: 01:56 remaining: 00:44]
                                                                   

RUNNING:  72%|███████▏  | 108/150 [elapsed: 01:56 remaining: 00:44]
RUNNING:  72%|███████▏  | 108/150 [elapsed: 02:06 remaining: 00:44]
RUNNING:  79%|███████▊  | 118/150 [elapsed: 02:06 remaining: 00:33]
                                                                   

RUNNING:  79%|███████▊  | 118/150 [elapsed: 02:06 remaining: 00:33]
RUNNING:  79%|███████▊  | 118/150 [elapsed: 02:17 remaining: 00:33]
RUNNING:  85%|████████▌ | 128/150 [elapsed: 02:17 remaining: 00:23]
                                                                   

RUNNING:  85%|████████▌ | 128/150 [elapsed: 02:17 remaining: 00:23]
RUNNING:  85%|████████▌ | 128/150 [elapsed: 02:25 remaining: 00:23]
RUNNING:  91%|█████████ | 136/150 [elapsed: 02:25 remaining: 00:14]
                                                                   

RUNNING:  91%|█████████ | 136/150 [elapsed: 02:25 remaining: 00:14]
RUNNING:  91%|█████████ | 136/150 [elapsed: 02:35 remaining: 00:14]
RUNNING:  97%|█████████▋| 145/150 [elapsed: 02:35 remaining: 00:05]
                                                                   

RUNNING:  97%|█████████▋| 145/150 [elapsed: 02:35 remaining: 00:05]
RUNNING:  97%|█████████▋| 145/150 [elapsed: 02:45 remaining: 00:05]
RUNNING: |          | 155/? [elapsed: 02:45 remaining: 00:00]      
                                                             

RUNNING: |          | 155/? [elapsed: 02:45 remaining: 00:00]
RUNNING: |          | 155/? [elapsed: 02:56 remaining: 00:00]
RUNNING: |          | 165/? [elapsed: 02:56 remaining: 00:00]
                                                             

RUNNING: |          | 165/? [elapsed: 02:56 remaining: 00:00]
RUNNING: |          | 165/? [elapsed: 03:02 remaining: 00:00]
RUNNING: |          | 171/? [elapsed: 03:02 remaining: 00:00]
                                                             

RUNNING: |          | 171/? [elapsed: 03:02 remaining: 00:00]
RUNNING: |          | 171/? [elapsed: 03:12 remaining: 00:00]
RUNNING: |          | 180/? [elapsed: 03:12 remaining: 00:00]
                                                             

RUNNING: |          | 180/? [elapsed: 03:12 remaining: 00:00]
RUNNING: |          | 180/? [elapsed: 03:20 remaining: 00:00]
RUNNING: |          | 188/? [elapsed: 03:20 remaining: 00:00]
                                                             

RUNNING: |          | 188/? [elapsed: 03:20 remaining: 00:00]
RUNNING: |          | 188/? [elapsed: 03:29 remaining: 00:00]
RUNNING: |          | 196/? [elapsed: 03:29 remaining: 00:00]
                                                             

RUNNING: |          | 196/? [elapsed: 03:29 remaining: 00:00]
RUNNING: |          | 196/? [elapsed: 03:37 remaining: 00:00]
RUNNING: |          | 204/? [elapsed: 03:37 remaining: 00:00]
                                                             

RUNNING: |          | 204/? [elapsed: 03:37 remaining: 00:00]
RUNNING: |          | 204/? [elapsed: 03:45 remaining: 00:00]
RUNNING: |          | 211/? [elapsed: 03:45 remaining: 00:00]
                                                             

RUNNING: |          | 211/? [elapsed: 03:45 remaining: 00:00]
RUNNING: |          | 211/? [elapsed: 03:53 remaining: 00:00]
RUNNING: |          | 219/? [elapsed: 03:53 remaining: 00:00]
                                                             

RUNNING: |          | 219/? [elapsed: 03:53 remaining: 00:00]
RUNNING: |          | 219/? [elapsed: 04:02 remaining: 00:00]
RUNNING: |          | 227/? [elapsed: 04:02 remaining: 00:00]
                                                             

RUNNING: |          | 227/? [elapsed: 04:02 remaining: 00:00]
RUNNING: |          | 227/? [elapsed: 04:11 remaining: 00:00]
RUNNING: |          | 236/? [elapsed: 04:11 remaining: 00:00]
                                                             

RUNNING: |          | 236/? [elapsed: 04:11 remaining: 00:00]
RUNNING: |          | 236/? [elapsed: 04:21 remaining: 00:00]
RUNNING: |          | 245/? [elapsed: 04:21 remaining: 00:00]
                                                             

RUNNING: |          | 245/? [elapsed: 04:21 remaining: 00:00]
RUNNING: |          | 245/? [elapsed: 04:30 remaining: 00:00]
RUNNING: |          | 254/? [elapsed: 04:30 remaining: 00:00]
                                                             

RUNNING: |          | 254/? [elapsed: 04:30 remaining: 00:00]
RUNNING: |          | 254/? [elapsed: 04:37 remaining: 00:00]
RUNNING: |          | 260/? [elapsed: 04:37 remaining: 00:00]
                                                             

RUNNING: |          | 260/? [elapsed: 04:37 remaining: 00:00]
RUNNING: |          | 260/? [elapsed: 04:45 remaining: 00:00]
RUNNING: |          | 268/? [elapsed: 04:45 remaining: 00:00]
                                                             

RUNNING: |          | 268/? [elapsed: 04:45 remaining: 00:00]
RUNNING: |          | 268/? [elapsed: 04:54 remaining: 00:00]
RUNNING: |          | 276/? [elapsed: 04:54 remaining: 00:00]
                                                             

RUNNING: |          | 276/? [elapsed: 04:54 remaining: 00:00]
RUNNING: |          | 276/? [elapsed: 05:04 remaining: 00:00]
RUNNING: |          | 286/? [elapsed: 05:04 remaining: 00:00]
                                                             

RUNNING: |          | 286/? [elapsed: 05:04 remaining: 00:00]
RUNNING: |          | 286/? [elapsed: 05:12 remaining: 00:00]
RUNNING: |          | 293/? [elapsed: 05:12 remaining: 00:00]
                                                             

RUNNING: |          | 293/? [elapsed: 05:12 remaining: 00:00]
RUNNING: |          | 293/? [elapsed: 05:19 remaining: 00:00]
RUNNING: |          | 300/? [elapsed: 05:19 remaining: 00:00]
                                                             

RUNNING: |          | 300/? [elapsed: 05:19 remaining: 00:00]
RUNNING: |          | 300/? [elapsed: 05:28 remaining: 00:00]
RUNNING: |          | 309/? [elapsed: 05:28 remaining: 00:00]
                                                             

RUNNING: |          | 309/? [elapsed: 05:28 remaining: 00:00]
RUNNING: |          | 309/? [elapsed: 05:38 remaining: 00:00]
RUNNING: |          | 318/? [elapsed: 05:38 remaining: 00:00]
                                                             

RUNNING: |          | 318/? [elapsed: 05:38 remaining: 00:00]
COMPLETE: |          | 318/? [elapsed: 05:47 remaining: 00:00]
COMPLETE: |          | 318/? [elapsed: 05:48 remaining: 00:00]
2026-06-23 05:12:32,942 Sleeping for 7s. Reason: PENDING
2026-06-23 05:12:40,441 Sleeping for 8s. Reason: RUNNING
2026-06-23 05:12:48,951 Sleeping for 10s. Reason: RUNNING
2026-06-23 05:12:59,428 Sleeping for 10s. Reason: RUNNING
2026-06-23 05:13:09,928 Sleeping for 10s. Reason: RUNNING
2026-06-23 05:13:20,447 Sleeping for 8s. Reason: RUNNING
2026-06-23 05:13:28,955 Sleeping for 8s. Reason: RUNNING
2026-06-23 05:13:37,485 Sleeping for 7s. Reason: RUNNING
2026-06-23 05:13:44,998 Sleeping for 8s. Reason: RUNNING
2026-06-23 05:13:53,502 Sleeping for 9s. Reason: RUNNING
2026-06-23 05:14:03,033 Sleeping for 7s. Reason: RUNNING
2026-06-23 05:14:10,527 Sleeping for 8s. Reason: RUNNING
2026-06-23 05:14:18,986 Sleeping for 8s. Reason: RUNNING
2026-06-23 05:14:27,487 Sleeping for 10s. Reason: RUNNING
2026-06-23 05:14:37,988 Sleeping for 10s. Reason: RUNNING
2026-06-23 05:14:48,496 Sleeping for 8s. Reason: RUNNING
2026-06-23 05:14:56,990 Sleeping for 9s. Reason: RUNNING
2026-06-23 05:15:06,460 Sleeping for 10s. Reason: RUNNING
2026-06-23 05:15:16,931 Sleeping for 10s. Reason: RUNNING
2026-06-23 05:15:27,416 Sleeping for 6s. Reason: RUNNING
2026-06-23 05:15:33,885 Sleeping for 9s. Reason: RUNNING
2026-06-23 05:15:43,377 Sleeping for 8s. Reason: RUNNING
2026-06-23 05:15:51,856 Sleeping for 8s. Reason: RUNNING
2026-06-23 05:16:00,356 Sleeping for 8s. Reason: RUNNING
2026-06-23 05:16:08,867 Sleeping for 7s. Reason: RUNNING
2026-06-23 05:16:16,347 Sleeping for 8s. Reason: RUNNING
2026-06-23 05:16:24,862 Sleeping for 8s. Reason: RUNNING
2026-06-23 05:16:33,358 Sleeping for 9s. Reason: RUNNING
2026-06-23 05:16:42,863 Sleeping for 9s. Reason: RUNNING
2026-06-23 05:16:52,337 Sleeping for 9s. Reason: RUNNING
2026-06-23 05:17:01,867 Sleeping for 6s. Reason: RUNNING
2026-06-23 05:17:08,339 Sleeping for 8s. Reason: RUNNING
2026-06-23 05:17:16,846 Sleeping for 8s. Reason: RUNNING
2026-06-23 05:17:25,322 Sleeping for 10s. Reason: RUNNING
2026-06-23 05:17:35,821 Sleeping for 7s. Reason: RUNNING
2026-06-23 05:17:43,293 Sleeping for 7s. Reason: RUNNING
2026-06-23 05:17:50,769 Sleeping for 9s. Reason: RUNNING
2026-06-23 05:18:00,289 Sleeping for 9s. Reason: RUNNING
2026-06-23 05:18:09,800 Sleeping for 8s. Reason: RUNNING
2026-06-23 05:18:50,575 Padding length to 1075
2026-06-23 05:21:13,621 alphafold2_ptm_model_1_seed_000 recycle=0 pLDDT=79.9 pTM=0.491
2026-06-23 05:22:43,405 alphafold2_ptm_model_1_seed_000 recycle=1 pLDDT=81.3 pTM=0.515 tol=7.53
2026-06-23 05:22:43,441 alphafold2_ptm_model_1_seed_000 took 232.9s (1 recycles)
2026-06-23 05:22:44,593 reranking models by 'plddt' metric
2026-06-23 05:22:44,593 rank_001_alphafold2_ptm_model_1_seed_000 pLDDT=81.3 pTM=0.515
2026-06-23 05:22:47,979 Query 53/62: Vitis_vinifera_g426480.p01_VCORE (length 1097)
    folding 53/62 · Vitis_vinifera_g426480.p01_VCORE (1097 aa)

  0%|          | 0/150 [elapsed: 00:00 remaining: ?]
SUBMIT:   0%|          | 0/150 [elapsed: 00:00 remaining: ?]
PENDING:   0%|          | 0/150 [elapsed: 00:00 remaining: ?]
                                                             

PENDING:   0%|          | 0/150 [elapsed: 00:00 remaining: ?]
RUNNING:   0%|          | 0/150 [elapsed: 00:11 remaining: ?]
RUNNING:   7%|▋         | 10/150 [elapsed: 00:11 remaining: 02:34]
                                                                  

RUNNING:   7%|▋         | 10/150 [elapsed: 00:11 remaining: 02:34]
RUNNING:   7%|▋         | 10/150 [elapsed: 00:18 remaining: 02:34]
RUNNING:  11%|█▏        | 17/150 [elapsed: 00:18 remaining: 02:24]
                                                                  

RUNNING:  11%|█▏        | 17/150 [elapsed: 00:18 remaining: 02:24]
RUNNING:  11%|█▏        | 17/150 [elapsed: 00:24 remaining: 02:24]
RUNNING:  15%|█▌        | 23/150 [elapsed: 00:24 remaining: 02:17]
                                                                  

RUNNING:  15%|█▌        | 23/150 [elapsed: 00:24 remaining: 02:17]
RUNNING:  15%|█▌        | 23/150 [elapsed: 00:32 remaining: 02:17]
RUNNING:  20%|██        | 30/150 [elapsed: 00:32 remaining: 02:09]
                                                                  

RUNNING:  20%|██        | 30/150 [elapsed: 00:32 remaining: 02:09]
RUNNING:  20%|██        | 30/150 [elapsed: 00:39 remaining: 02:09]
RUNNING:  25%|██▍       | 37/150 [elapsed: 00:39 remaining: 02:01]
                                                                  

RUNNING:  25%|██▍       | 37/150 [elapsed: 00:39 remaining: 02:01]
RUNNING:  25%|██▍       | 37/150 [elapsed: 00:47 remaining: 02:01]
RUNNING:  29%|██▉       | 44/150 [elapsed: 00:47 remaining: 01:53]
                                                                  

RUNNING:  29%|██▉       | 44/150 [elapsed: 00:47 remaining: 01:53]
RUNNING:  29%|██▉       | 44/150 [elapsed: 00:55 remaining: 01:53]
RUNNING:  35%|███▍      | 52/150 [elapsed: 00:55 remaining: 01:44]
                                                                  

RUNNING:  35%|███▍      | 52/150 [elapsed: 00:55 remaining: 01:44]
RUNNING:  35%|███▍      | 52/150 [elapsed: 01:04 remaining: 01:44]
RUNNING:  40%|████      | 60/150 [elapsed: 01:04 remaining: 01:36]
                                                                  

RUNNING:  40%|████      | 60/150 [elapsed: 01:04 remaining: 01:36]
RUNNING:  40%|████      | 60/150 [elapsed: 01:13 remaining: 01:36]
RUNNING:  46%|████▌     | 69/150 [elapsed: 01:13 remaining: 01:26]
                                                                  

RUNNING:  46%|████▌     | 69/150 [elapsed: 01:13 remaining: 01:26]
RUNNING:  46%|████▌     | 69/150 [elapsed: 01:21 remaining: 01:26]
RUNNING:  51%|█████     | 76/150 [elapsed: 01:21 remaining: 01:18]
                                                                  

RUNNING:  51%|█████     | 76/150 [elapsed: 01:21 remaining: 01:18]
RUNNING:  51%|█████     | 76/150 [elapsed: 01:28 remaining: 01:18]
RUNNING:  55%|█████▍    | 82/150 [elapsed: 01:28 remaining: 01:12]
                                                                  

RUNNING:  55%|█████▍    | 82/150 [elapsed: 01:28 remaining: 01:12]
RUNNING:  55%|█████▍    | 82/150 [elapsed: 01:34 remaining: 01:12]
RUNNING:  59%|█████▊    | 88/150 [elapsed: 01:34 remaining: 01:06]
                                                                  

RUNNING:  59%|█████▊    | 88/150 [elapsed: 01:34 remaining: 01:06]
RUNNING:  59%|█████▊    | 88/150 [elapsed: 01:40 remaining: 01:06]
RUNNING:  62%|██████▏   | 93/150 [elapsed: 01:40 remaining: 01:01]
                                                                  

RUNNING:  62%|██████▏   | 93/150 [elapsed: 01:40 remaining: 01:01]
RUNNING:  62%|██████▏   | 93/150 [elapsed: 01:45 remaining: 01:01]
RUNNING:  65%|██████▌   | 98/150 [elapsed: 01:45 remaining: 00:56]
                                                                  

RUNNING:  65%|██████▌   | 98/150 [elapsed: 01:45 remaining: 00:56]
RUNNING:  65%|██████▌   | 98/150 [elapsed: 01:55 remaining: 00:56]
RUNNING:  71%|███████▏  | 107/150 [elapsed: 01:55 remaining: 00:46]
                                                                   

RUNNING:  71%|███████▏  | 107/150 [elapsed: 01:55 remaining: 00:46]
RUNNING:  71%|███████▏  | 107/150 [elapsed: 02:01 remaining: 00:46]
RUNNING:  75%|███████▌  | 113/150 [elapsed: 02:01 remaining: 00:39]
                                                                   

RUNNING:  75%|███████▌  | 113/150 [elapsed: 02:01 remaining: 00:39]
RUNNING:  75%|███████▌  | 113/150 [elapsed: 02:07 remaining: 00:39]
RUNNING:  79%|███████▊  | 118/150 [elapsed: 02:07 remaining: 00:34]
                                                                   

RUNNING:  79%|███████▊  | 118/150 [elapsed: 02:07 remaining: 00:34]
RUNNING:  79%|███████▊  | 118/150 [elapsed: 02:16 remaining: 00:34]
RUNNING:  85%|████████▍ | 127/150 [elapsed: 02:16 remaining: 00:24]
                                                                   

RUNNING:  85%|████████▍ | 127/150 [elapsed: 02:16 remaining: 00:24]
RUNNING:  85%|████████▍ | 127/150 [elapsed: 02:26 remaining: 00:24]
RUNNING:  91%|█████████ | 136/150 [elapsed: 02:26 remaining: 00:14]
                                                                   

RUNNING:  91%|█████████ | 136/150 [elapsed: 02:26 remaining: 00:14]
RUNNING:  91%|█████████ | 136/150 [elapsed: 02:36 remaining: 00:14]
RUNNING:  97%|█████████▋| 146/150 [elapsed: 02:36 remaining: 00:04]
                                                                   

RUNNING:  97%|█████████▋| 146/150 [elapsed: 02:36 remaining: 00:04]
RUNNING:  97%|█████████▋| 146/150 [elapsed: 02:44 remaining: 00:04]
RUNNING: |          | 153/? [elapsed: 02:44 remaining: 00:00]      
                                                             

RUNNING: |          | 153/? [elapsed: 02:44 remaining: 00:00]
RUNNING: |          | 153/? [elapsed: 02:51 remaining: 00:00]
RUNNING: |          | 160/? [elapsed: 02:51 remaining: 00:00]
                                                             

RUNNING: |          | 160/? [elapsed: 02:51 remaining: 00:00]
RUNNING: |          | 160/? [elapsed: 02:59 remaining: 00:00]
RUNNING: |          | 167/? [elapsed: 02:59 remaining: 00:00]
                                                             

RUNNING: |          | 167/? [elapsed: 02:59 remaining: 00:00]
RUNNING: |          | 167/? [elapsed: 03:06 remaining: 00:00]
RUNNING: |          | 174/? [elapsed: 03:06 remaining: 00:00]
                                                             

RUNNING: |          | 174/? [elapsed: 03:06 remaining: 00:00]
RUNNING: |          | 174/? [elapsed: 03:13 remaining: 00:00]
RUNNING: |          | 180/? [elapsed: 03:13 remaining: 00:00]
                                                             

RUNNING: |          | 180/? [elapsed: 03:13 remaining: 00:00]
RUNNING: |          | 180/? [elapsed: 03:22 remaining: 00:00]
RUNNING: |          | 189/? [elapsed: 03:22 remaining: 00:00]
                                                             

RUNNING: |          | 189/? [elapsed: 03:22 remaining: 00:00]
RUNNING: |          | 189/? [elapsed: 03:29 remaining: 00:00]
RUNNING: |          | 195/? [elapsed: 03:29 remaining: 00:00]
                                                             

RUNNING: |          | 195/? [elapsed: 03:29 remaining: 00:00]
RUNNING: |          | 195/? [elapsed: 03:34 remaining: 00:00]
RUNNING: |          | 200/? [elapsed: 03:34 remaining: 00:00]
                                                             

RUNNING: |          | 200/? [elapsed: 03:34 remaining: 00:00]
RUNNING: |          | 200/? [elapsed: 03:44 remaining: 00:00]
RUNNING: |          | 209/? [elapsed: 03:44 remaining: 00:00]
                                                             

RUNNING: |          | 209/? [elapsed: 03:44 remaining: 00:00]
RUNNING: |          | 209/? [elapsed: 03:54 remaining: 00:00]
RUNNING: |          | 219/? [elapsed: 03:54 remaining: 00:00]
                                                             

RUNNING: |          | 219/? [elapsed: 03:54 remaining: 00:00]
RUNNING: |          | 219/? [elapsed: 04:03 remaining: 00:00]
RUNNING: |          | 227/? [elapsed: 04:03 remaining: 00:00]
                                                             

RUNNING: |          | 227/? [elapsed: 04:03 remaining: 00:00]
RUNNING: |          | 227/? [elapsed: 04:08 remaining: 00:00]
RUNNING: |          | 232/? [elapsed: 04:08 remaining: 00:00]
                                                             

RUNNING: |          | 232/? [elapsed: 04:08 remaining: 00:00]
RUNNING: |          | 232/? [elapsed: 04:19 remaining: 00:00]
RUNNING: |          | 242/? [elapsed: 04:19 remaining: 00:00]
                                                             

RUNNING: |          | 242/? [elapsed: 04:19 remaining: 00:00]
RUNNING: |          | 242/? [elapsed: 04:29 remaining: 00:00]
RUNNING: |          | 252/? [elapsed: 04:29 remaining: 00:00]
                                                             

RUNNING: |          | 252/? [elapsed: 04:29 remaining: 00:00]
RUNNING: |          | 252/? [elapsed: 04:36 remaining: 00:00]
RUNNING: |          | 258/? [elapsed: 04:36 remaining: 00:00]
                                                             

RUNNING: |          | 258/? [elapsed: 04:36 remaining: 00:00]
RUNNING: |          | 258/? [elapsed: 04:46 remaining: 00:00]
RUNNING: |          | 268/? [elapsed: 04:46 remaining: 00:00]
                                                             

RUNNING: |          | 268/? [elapsed: 04:46 remaining: 00:00]
RUNNING: |          | 268/? [elapsed: 04:55 remaining: 00:00]
RUNNING: |          | 276/? [elapsed: 04:55 remaining: 00:00]
                                                             

RUNNING: |          | 276/? [elapsed: 04:55 remaining: 00:00]
RUNNING: |          | 276/? [elapsed: 05:04 remaining: 00:00]
RUNNING: |          | 285/? [elapsed: 05:04 remaining: 00:00]
                                                             

RUNNING: |          | 285/? [elapsed: 05:04 remaining: 00:00]
RUNNING: |          | 285/? [elapsed: 05:12 remaining: 00:00]
RUNNING: |          | 292/? [elapsed: 05:12 remaining: 00:00]
                                                             

RUNNING: |          | 292/? [elapsed: 05:12 remaining: 00:00]
RUNNING: |          | 292/? [elapsed: 05:19 remaining: 00:00]
RUNNING: |          | 299/? [elapsed: 05:19 remaining: 00:00]
                                                             

RUNNING: |          | 299/? [elapsed: 05:19 remaining: 00:00]
RUNNING: |          | 299/? [elapsed: 05:28 remaining: 00:00]
RUNNING: |          | 307/? [elapsed: 05:28 remaining: 00:00]
                                                             

RUNNING: |          | 307/? [elapsed: 05:28 remaining: 00:00]
RUNNING: |          | 307/? [elapsed: 05:34 remaining: 00:00]
RUNNING: |          | 313/? [elapsed: 05:34 remaining: 00:00]
                                                             

RUNNING: |          | 313/? [elapsed: 05:34 remaining: 00:00]
RUNNING: |          | 313/? [elapsed: 05:42 remaining: 00:00]
RUNNING: |          | 320/? [elapsed: 05:42 remaining: 00:00]
                                                             

RUNNING: |          | 320/? [elapsed: 05:42 remaining: 00:00]
RUNNING: |          | 320/? [elapsed: 05:51 remaining: 00:00]
RUNNING: |          | 329/? [elapsed: 05:51 remaining: 00:00]
                                                             

RUNNING: |          | 329/? [elapsed: 05:51 remaining: 00:00]
RUNNING: |          | 329/? [elapsed: 05:59 remaining: 00:00]
RUNNING: |          | 336/? [elapsed: 05:59 remaining: 00:00]
                                                             

RUNNING: |          | 336/? [elapsed: 05:59 remaining: 00:00]
RUNNING: |          | 336/? [elapsed: 06:06 remaining: 00:00]
RUNNING: |          | 343/? [elapsed: 06:06 remaining: 00:00]
                                                             

RUNNING: |          | 343/? [elapsed: 06:06 remaining: 00:00]
RUNNING: |          | 343/? [elapsed: 06:13 remaining: 00:00]
RUNNING: |          | 348/? [elapsed: 06:13 remaining: 00:00]
                                                             

RUNNING: |          | 348/? [elapsed: 06:13 remaining: 00:00]
RUNNING: |          | 348/? [elapsed: 06:20 remaining: 00:00]
RUNNING: |          | 354/? [elapsed: 06:20 remaining: 00:00]
                                                             

RUNNING: |          | 354/? [elapsed: 06:20 remaining: 00:00]
COMPLETE: |          | 354/? [elapsed: 06:28 remaining: 00:00]
COMPLETE: |          | 354/? [elapsed: 06:30 remaining: 00:00]
2026-06-23 05:22:48,479 Sleeping for 10s. Reason: PENDING
2026-06-23 05:22:58,985 Sleeping for 7s. Reason: RUNNING
2026-06-23 05:23:06,481 Sleeping for 6s. Reason: RUNNING
2026-06-23 05:23:12,962 Sleeping for 7s. Reason: RUNNING
2026-06-23 05:23:20,460 Sleeping for 7s. Reason: RUNNING
2026-06-23 05:23:27,977 Sleeping for 7s. Reason: RUNNING
2026-06-23 05:23:35,469 Sleeping for 8s. Reason: RUNNING
2026-06-23 05:23:43,961 Sleeping for 8s. Reason: RUNNING
2026-06-23 05:23:52,485 Sleeping for 9s. Reason: RUNNING
2026-06-23 05:24:01,972 Sleeping for 7s. Reason: RUNNING
2026-06-23 05:24:09,486 Sleeping for 6s. Reason: RUNNING
2026-06-23 05:24:16,028 Sleeping for 6s. Reason: RUNNING
2026-06-23 05:24:22,504 Sleeping for 5s. Reason: RUNNING
2026-06-23 05:24:28,010 Sleeping for 5s. Reason: RUNNING
2026-06-23 05:24:33,515 Sleeping for 9s. Reason: RUNNING
2026-06-23 05:24:43,010 Sleeping for 6s. Reason: RUNNING
2026-06-23 05:24:49,506 Sleeping for 5s. Reason: RUNNING
2026-06-23 05:24:55,018 Sleeping for 9s. Reason: RUNNING
2026-06-23 05:25:04,505 Sleeping for 9s. Reason: RUNNING
2026-06-23 05:25:14,022 Sleeping for 10s. Reason: RUNNING
2026-06-23 05:25:24,556 Sleeping for 7s. Reason: RUNNING
2026-06-23 05:25:32,062 Sleeping for 7s. Reason: RUNNING
2026-06-23 05:25:39,561 Sleeping for 7s. Reason: RUNNING
2026-06-23 05:25:47,081 Sleeping for 7s. Reason: RUNNING
2026-06-23 05:25:54,594 Sleeping for 6s. Reason: RUNNING
2026-06-23 05:26:01,097 Sleeping for 9s. Reason: RUNNING
2026-06-23 05:26:10,588 Sleeping for 6s. Reason: RUNNING
2026-06-23 05:26:17,056 Sleeping for 5s. Reason: RUNNING
2026-06-23 05:26:22,575 Sleeping for 9s. Reason: RUNNING
2026-06-23 05:26:32,078 Sleeping for 10s. Reason: RUNNING
2026-06-23 05:26:42,592 Sleeping for 8s. Reason: RUNNING
2026-06-23 05:26:51,085 Sleeping for 5s. Reason: RUNNING
2026-06-23 05:26:56,588 Sleeping for 10s. Reason: RUNNING
2026-06-23 05:27:07,076 Sleeping for 10s. Reason: RUNNING
2026-06-23 05:27:17,585 Sleeping for 6s. Reason: RUNNING
2026-06-23 05:27:24,078 Sleeping for 10s. Reason: RUNNING
2026-06-23 05:27:34,599 Sleeping for 8s. Reason: RUNNING
2026-06-23 05:27:43,089 Sleeping for 9s. Reason: RUNNING
2026-06-23 05:27:52,627 Sleeping for 7s. Reason: RUNNING
2026-06-23 05:28:00,103 Sleeping for 7s. Reason: RUNNING
2026-06-23 05:28:07,602 Sleeping for 8s. Reason: RUNNING
2026-06-23 05:28:16,106 Sleeping for 6s. Reason: RUNNING
2026-06-23 05:28:22,671 Sleeping for 7s. Reason: RUNNING
2026-06-23 05:28:30,178 Sleeping for 9s. Reason: RUNNING
2026-06-23 05:28:39,655 Sleeping for 7s. Reason: RUNNING
2026-06-23 05:28:47,153 Sleeping for 7s. Reason: RUNNING
2026-06-23 05:28:54,662 Sleeping for 5s. Reason: RUNNING
2026-06-23 05:29:01,505 Sleeping for 6s. Reason: RUNNING
2026-06-23 05:29:08,019 Sleeping for 8s. Reason: RUNNING
2026-06-23 05:29:51,127 Padding length to 1107
2026-06-23 05:32:32,692 alphafold2_ptm_model_1_seed_000 recycle=0 pLDDT=85.1 pTM=0.572
2026-06-23 05:34:09,059 alphafold2_ptm_model_1_seed_000 recycle=1 pLDDT=85.5 pTM=0.593 tol=9.55
2026-06-23 05:34:09,061 alphafold2_ptm_model_1_seed_000 took 257.9s (1 recycles)
2026-06-23 05:34:10,392 reranking models by 'plddt' metric
2026-06-23 05:34:10,393 rank_001_alphafold2_ptm_model_1_seed_000 pLDDT=85.5 pTM=0.593
2026-06-23 05:34:11,780 Query 54/62: Vitis_vinifera_g356210.p01_VCORE (length 1145)
    folding 54/62 · Vitis_vinifera_g356210.p01_VCORE (1145 aa)

  0%|          | 0/150 [elapsed: 00:00 remaining: ?]
SUBMIT:   0%|          | 0/150 [elapsed: 00:00 remaining: ?]
PENDING:   0%|          | 0/150 [elapsed: 00:00 remaining: ?]
                                                             

PENDING:   0%|          | 0/150 [elapsed: 00:00 remaining: ?]
RUNNING:   0%|          | 0/150 [elapsed: 00:09 remaining: ?]
RUNNING:   5%|▌         | 8/150 [elapsed: 00:09 remaining: 02:39]
                                                                 

RUNNING:   5%|▌         | 8/150 [elapsed: 00:09 remaining: 02:39]
RUNNING:   5%|▌         | 8/150 [elapsed: 00:16 remaining: 02:39]
RUNNING:  10%|█         | 15/150 [elapsed: 00:16 remaining: 02:27]
                                                                  

RUNNING:  10%|█         | 15/150 [elapsed: 00:16 remaining: 02:27]
RUNNING:  10%|█         | 15/150 [elapsed: 00:25 remaining: 02:27]
RUNNING:  16%|█▌        | 24/150 [elapsed: 00:25 remaining: 02:15]
                                                                  

RUNNING:  16%|█▌        | 24/150 [elapsed: 00:25 remaining: 02:15]
RUNNING:  16%|█▌        | 24/150 [elapsed: 00:33 remaining: 02:15]
RUNNING:  21%|██        | 31/150 [elapsed: 00:33 remaining: 02:07]
                                                                  

RUNNING:  21%|██        | 31/150 [elapsed: 00:33 remaining: 02:07]
RUNNING:  21%|██        | 31/150 [elapsed: 00:38 remaining: 02:07]
RUNNING:  24%|██▍       | 36/150 [elapsed: 00:38 remaining: 02:03]
                                                                  

RUNNING:  24%|██▍       | 36/150 [elapsed: 00:38 remaining: 02:03]
RUNNING:  24%|██▍       | 36/150 [elapsed: 00:48 remaining: 02:03]
RUNNING:  30%|███       | 45/150 [elapsed: 00:48 remaining: 01:52]
                                                                  

RUNNING:  30%|███       | 45/150 [elapsed: 00:48 remaining: 01:52]
RUNNING:  30%|███       | 45/150 [elapsed: 00:53 remaining: 01:52]
RUNNING:  33%|███▎      | 50/150 [elapsed: 00:53 remaining: 01:47]
                                                                  

RUNNING:  33%|███▎      | 50/150 [elapsed: 00:53 remaining: 01:47]
RUNNING:  33%|███▎      | 50/150 [elapsed: 01:04 remaining: 01:47]
RUNNING:  40%|████      | 60/150 [elapsed: 01:04 remaining: 01:35]
                                                                  

RUNNING:  40%|████      | 60/150 [elapsed: 01:04 remaining: 01:35]
RUNNING:  40%|████      | 60/150 [elapsed: 01:12 remaining: 01:35]
RUNNING:  45%|████▌     | 68/150 [elapsed: 01:12 remaining: 01:27]
                                                                  

RUNNING:  45%|████▌     | 68/150 [elapsed: 01:12 remaining: 01:27]
RUNNING:  45%|████▌     | 68/150 [elapsed: 01:19 remaining: 01:27]
RUNNING:  49%|████▉     | 74/150 [elapsed: 01:19 remaining: 01:21]
                                                                  

RUNNING:  49%|████▉     | 74/150 [elapsed: 01:19 remaining: 01:21]
RUNNING:  49%|████▉     | 74/150 [elapsed: 01:26 remaining: 01:21]
RUNNING:  54%|█████▍    | 81/150 [elapsed: 01:26 remaining: 01:13]
                                                                  

RUNNING:  54%|█████▍    | 81/150 [elapsed: 01:26 remaining: 01:13]
RUNNING:  54%|█████▍    | 81/150 [elapsed: 01:37 remaining: 01:13]
RUNNING:  61%|██████    | 91/150 [elapsed: 01:37 remaining: 01:02]
                                                                  

RUNNING:  61%|██████    | 91/150 [elapsed: 01:37 remaining: 01:02]
RUNNING:  61%|██████    | 91/150 [elapsed: 01:44 remaining: 01:02]
RUNNING:  65%|██████▌   | 98/150 [elapsed: 01:44 remaining: 00:55]
                                                                  

RUNNING:  65%|██████▌   | 98/150 [elapsed: 01:44 remaining: 00:55]
RUNNING:  65%|██████▌   | 98/150 [elapsed: 01:54 remaining: 00:55]
RUNNING:  71%|███████▏  | 107/150 [elapsed: 01:54 remaining: 00:45]
                                                                   

RUNNING:  71%|███████▏  | 107/150 [elapsed: 01:54 remaining: 00:45]
RUNNING:  71%|███████▏  | 107/150 [elapsed: 01:59 remaining: 00:45]
RUNNING:  75%|███████▍  | 112/150 [elapsed: 01:59 remaining: 00:40]
                                                                   

RUNNING:  75%|███████▍  | 112/150 [elapsed: 01:59 remaining: 00:40]
RUNNING:  75%|███████▍  | 112/150 [elapsed: 02:09 remaining: 00:40]
RUNNING:  81%|████████  | 121/150 [elapsed: 02:09 remaining: 00:30]
                                                                   

RUNNING:  81%|████████  | 121/150 [elapsed: 02:09 remaining: 00:30]
RUNNING:  81%|████████  | 121/150 [elapsed: 02:16 remaining: 00:30]
RUNNING:  85%|████████▌ | 128/150 [elapsed: 02:16 remaining: 00:23]
                                                                   

RUNNING:  85%|████████▌ | 128/150 [elapsed: 02:16 remaining: 00:23]
RUNNING:  85%|████████▌ | 128/150 [elapsed: 02:22 remaining: 00:23]
RUNNING:  89%|████████▊ | 133/150 [elapsed: 02:22 remaining: 00:18]
                                                                   

RUNNING:  89%|████████▊ | 133/150 [elapsed: 02:22 remaining: 00:18]
RUNNING:  89%|████████▊ | 133/150 [elapsed: 02:27 remaining: 00:18]
RUNNING:  92%|█████████▏| 138/150 [elapsed: 02:27 remaining: 00:12]
                                                                   

RUNNING:  92%|█████████▏| 138/150 [elapsed: 02:27 remaining: 00:12]
RUNNING:  92%|█████████▏| 138/150 [elapsed: 02:38 remaining: 00:12]
RUNNING:  99%|█████████▊| 148/150 [elapsed: 02:38 remaining: 00:02]
                                                                   

RUNNING:  99%|█████████▊| 148/150 [elapsed: 02:38 remaining: 00:02]
RUNNING:  99%|█████████▊| 148/150 [elapsed: 02:47 remaining: 00:02]
RUNNING: |          | 157/? [elapsed: 02:47 remaining: 00:00]      
                                                             

RUNNING: |          | 157/? [elapsed: 02:47 remaining: 00:00]
RUNNING: |          | 157/? [elapsed: 02:56 remaining: 00:00]
RUNNING: |          | 165/? [elapsed: 02:56 remaining: 00:00]
                                                             

RUNNING: |          | 165/? [elapsed: 02:56 remaining: 00:00]
RUNNING: |          | 165/? [elapsed: 03:06 remaining: 00:00]
RUNNING: |          | 175/? [elapsed: 03:06 remaining: 00:00]
                                                             

RUNNING: |          | 175/? [elapsed: 03:06 remaining: 00:00]
RUNNING: |          | 175/? [elapsed: 03:14 remaining: 00:00]
RUNNING: |          | 182/? [elapsed: 03:14 remaining: 00:00]
                                                             

RUNNING: |          | 182/? [elapsed: 03:14 remaining: 00:00]
RUNNING: |          | 182/? [elapsed: 03:23 remaining: 00:00]
RUNNING: |          | 191/? [elapsed: 03:23 remaining: 00:00]
                                                             

RUNNING: |          | 191/? [elapsed: 03:23 remaining: 00:00]
RUNNING: |          | 191/? [elapsed: 03:34 remaining: 00:00]
RUNNING: |          | 201/? [elapsed: 03:34 remaining: 00:00]
                                                             

RUNNING: |          | 201/? [elapsed: 03:34 remaining: 00:00]
RUNNING: |          | 201/? [elapsed: 03:43 remaining: 00:00]
RUNNING: |          | 210/? [elapsed: 03:43 remaining: 00:00]
                                                             

RUNNING: |          | 210/? [elapsed: 03:43 remaining: 00:00]
RUNNING: |          | 210/? [elapsed: 03:53 remaining: 00:00]
RUNNING: |          | 219/? [elapsed: 03:53 remaining: 00:00]
                                                             

RUNNING: |          | 219/? [elapsed: 03:53 remaining: 00:00]
RUNNING: |          | 219/? [elapsed: 04:02 remaining: 00:00]
RUNNING: |          | 228/? [elapsed: 04:02 remaining: 00:00]
                                                             

RUNNING: |          | 228/? [elapsed: 04:02 remaining: 00:00]
RUNNING: |          | 228/? [elapsed: 04:13 remaining: 00:00]
RUNNING: |          | 238/? [elapsed: 04:13 remaining: 00:00]
                                                             

RUNNING: |          | 238/? [elapsed: 04:13 remaining: 00:00]
RUNNING: |          | 238/? [elapsed: 04:21 remaining: 00:00]
RUNNING: |          | 246/? [elapsed: 04:21 remaining: 00:00]
                                                             

RUNNING: |          | 246/? [elapsed: 04:21 remaining: 00:00]
RUNNING: |          | 246/? [elapsed: 04:29 remaining: 00:00]
RUNNING: |          | 253/? [elapsed: 04:29 remaining: 00:00]
                                                             

RUNNING: |          | 253/? [elapsed: 04:29 remaining: 00:00]
RUNNING: |          | 253/? [elapsed: 04:36 remaining: 00:00]
RUNNING: |          | 260/? [elapsed: 04:36 remaining: 00:00]
                                                             

RUNNING: |          | 260/? [elapsed: 04:36 remaining: 00:00]
RUNNING: |          | 260/? [elapsed: 04:47 remaining: 00:00]
RUNNING: |          | 270/? [elapsed: 04:47 remaining: 00:00]
                                                             

RUNNING: |          | 270/? [elapsed: 04:47 remaining: 00:00]
RUNNING: |          | 270/? [elapsed: 04:55 remaining: 00:00]
RUNNING: |          | 278/? [elapsed: 04:55 remaining: 00:00]
                                                             

RUNNING: |          | 278/? [elapsed: 04:55 remaining: 00:00]
RUNNING: |          | 278/? [elapsed: 05:02 remaining: 00:00]
RUNNING: |          | 284/? [elapsed: 05:02 remaining: 00:00]
                                                             

RUNNING: |          | 284/? [elapsed: 05:02 remaining: 00:00]
RUNNING: |          | 284/? [elapsed: 05:07 remaining: 00:00]
RUNNING: |          | 289/? [elapsed: 05:07 remaining: 00:00]
                                                             

RUNNING: |          | 289/? [elapsed: 05:07 remaining: 00:00]
RUNNING: |          | 289/? [elapsed: 05:15 remaining: 00:00]
RUNNING: |          | 295/? [elapsed: 05:15 remaining: 00:00]
                                                             

RUNNING: |          | 295/? [elapsed: 05:15 remaining: 00:00]
RUNNING: |          | 295/? [elapsed: 05:22 remaining: 00:00]
RUNNING: |          | 301/? [elapsed: 05:22 remaining: 00:00]
                                                             

RUNNING: |          | 301/? [elapsed: 05:22 remaining: 00:00]
RUNNING: |          | 301/? [elapsed: 05:32 remaining: 00:00]
RUNNING: |          | 310/? [elapsed: 05:32 remaining: 00:00]
                                                             

RUNNING: |          | 310/? [elapsed: 05:32 remaining: 00:00]
RUNNING: |          | 310/? [elapsed: 05:41 remaining: 00:00]
RUNNING: |          | 319/? [elapsed: 05:41 remaining: 00:00]
                                                             

RUNNING: |          | 319/? [elapsed: 05:41 remaining: 00:00]
RUNNING: |          | 319/? [elapsed: 05:47 remaining: 00:00]
RUNNING: |          | 325/? [elapsed: 05:47 remaining: 00:00]
                                                             

RUNNING: |          | 325/? [elapsed: 05:47 remaining: 00:00]
RUNNING: |          | 325/? [elapsed: 05:56 remaining: 00:00]
RUNNING: |          | 333/? [elapsed: 05:56 remaining: 00:00]
                                                             

RUNNING: |          | 333/? [elapsed: 05:56 remaining: 00:00]
RUNNING: |          | 333/? [elapsed: 06:02 remaining: 00:00]
RUNNING: |          | 339/? [elapsed: 06:02 remaining: 00:00]
                                                             

RUNNING: |          | 339/? [elapsed: 06:02 remaining: 00:00]
RUNNING: |          | 339/? [elapsed: 06:13 remaining: 00:00]
RUNNING: |          | 349/? [elapsed: 06:13 remaining: 00:00]
                                                             

RUNNING: |          | 349/? [elapsed: 06:13 remaining: 00:00]
RUNNING: |          | 349/? [elapsed: 06:18 remaining: 00:00]
RUNNING: |          | 354/? [elapsed: 06:18 remaining: 00:00]
                                                             

RUNNING: |          | 354/? [elapsed: 06:18 remaining: 00:00]
RUNNING: |          | 354/? [elapsed: 06:26 remaining: 00:00]
RUNNING: |          | 361/? [elapsed: 06:26 remaining: 00:00]
                                                             

RUNNING: |          | 361/? [elapsed: 06:26 remaining: 00:00]
RUNNING: |          | 361/? [elapsed: 06:34 remaining: 00:00]
RUNNING: |          | 369/? [elapsed: 06:34 remaining: 00:00]
                                                             

RUNNING: |          | 369/? [elapsed: 06:34 remaining: 00:00]
RUNNING: |          | 369/? [elapsed: 06:41 remaining: 00:00]
RUNNING: |          | 375/? [elapsed: 06:41 remaining: 00:00]
                                                             

RUNNING: |          | 375/? [elapsed: 06:41 remaining: 00:00]
COMPLETE: |          | 375/? [elapsed: 06:48 remaining: 00:00]
COMPLETE: |          | 375/? [elapsed: 06:50 remaining: 00:00]
2026-06-23 05:34:12,287 Sleeping for 8s. Reason: PENDING
2026-06-23 05:34:20,794 Sleeping for 7s. Reason: RUNNING
2026-06-23 05:34:28,288 Sleeping for 9s. Reason: RUNNING
2026-06-23 05:34:37,775 Sleeping for 7s. Reason: RUNNING
2026-06-23 05:34:45,269 Sleeping for 5s. Reason: RUNNING
2026-06-23 05:34:50,771 Sleeping for 9s. Reason: RUNNING
2026-06-23 05:35:00,253 Sleeping for 5s. Reason: RUNNING
2026-06-23 05:35:05,752 Sleeping for 10s. Reason: RUNNING
2026-06-23 05:35:16,262 Sleeping for 8s. Reason: RUNNING
2026-06-23 05:35:24,759 Sleeping for 6s. Reason: RUNNING
2026-06-23 05:35:31,211 Sleeping for 7s. Reason: RUNNING
2026-06-23 05:35:38,713 Sleeping for 10s. Reason: RUNNING
2026-06-23 05:35:49,203 Sleeping for 7s. Reason: RUNNING
2026-06-23 05:35:56,695 Sleeping for 9s. Reason: RUNNING
2026-06-23 05:36:06,244 Sleeping for 5s. Reason: RUNNING
2026-06-23 05:36:11,732 Sleeping for 9s. Reason: RUNNING
2026-06-23 05:36:21,239 Sleeping for 7s. Reason: RUNNING
2026-06-23 05:36:28,704 Sleeping for 5s. Reason: RUNNING
2026-06-23 05:36:34,208 Sleeping for 5s. Reason: RUNNING
2026-06-23 05:36:39,697 Sleeping for 10s. Reason: RUNNING
2026-06-23 05:36:50,169 Sleeping for 9s. Reason: RUNNING
2026-06-23 05:36:59,668 Sleeping for 8s. Reason: RUNNING
2026-06-23 05:37:08,142 Sleeping for 10s. Reason: RUNNING
2026-06-23 05:37:18,640 Sleeping for 7s. Reason: RUNNING
2026-06-23 05:37:26,129 Sleeping for 9s. Reason: RUNNING
2026-06-23 05:37:35,613 Sleeping for 10s. Reason: RUNNING
2026-06-23 05:37:46,116 Sleeping for 9s. Reason: RUNNING
2026-06-23 05:37:55,621 Sleeping for 9s. Reason: RUNNING
2026-06-23 05:38:05,096 Sleeping for 9s. Reason: RUNNING
2026-06-23 05:38:14,594 Sleeping for 10s. Reason: RUNNING
2026-06-23 05:38:25,104 Sleeping for 8s. Reason: RUNNING
2026-06-23 05:38:33,594 Sleeping for 7s. Reason: RUNNING
2026-06-23 05:38:41,110 Sleeping for 7s. Reason: RUNNING
2026-06-23 05:38:48,637 Sleeping for 10s. Reason: RUNNING
2026-06-23 05:38:59,142 Sleeping for 8s. Reason: RUNNING
2026-06-23 05:39:07,642 Sleeping for 6s. Reason: RUNNING
2026-06-23 05:39:14,151 Sleeping for 5s. Reason: RUNNING
2026-06-23 05:39:19,668 Sleeping for 6s. Reason: RUNNING
2026-06-23 05:39:27,617 Sleeping for 6s. Reason: RUNNING
2026-06-23 05:39:34,135 Sleeping for 9s. Reason: RUNNING
2026-06-23 05:39:43,812 Sleeping for 9s. Reason: RUNNING
2026-06-23 05:39:53,304 Sleeping for 6s. Reason: RUNNING
2026-06-23 05:39:59,772 Sleeping for 8s. Reason: RUNNING
2026-06-23 05:40:08,286 Sleeping for 6s. Reason: RUNNING
2026-06-23 05:40:14,780 Sleeping for 10s. Reason: RUNNING
2026-06-23 05:40:25,261 Sleeping for 5s. Reason: RUNNING
2026-06-23 05:40:30,737 Sleeping for 7s. Reason: RUNNING
2026-06-23 05:40:38,198 Sleeping for 8s. Reason: RUNNING
2026-06-23 05:40:46,696 Sleeping for 6s. Reason: RUNNING
2026-06-23 05:40:53,197 Sleeping for 7s. Reason: RUNNING
2026-06-23 05:41:39,800 Padding length to 1155
2026-06-23 05:44:19,349 alphafold2_ptm_model_1_seed_000 recycle=0 pLDDT=87.4 pTM=0.607
2026-06-23 05:46:04,132 alphafold2_ptm_model_1_seed_000 recycle=1 pLDDT=88.6 pTM=0.645 tol=5.78
2026-06-23 05:46:04,134 alphafold2_ptm_model_1_seed_000 took 264.3s (1 recycles)
2026-06-23 05:46:05,505 reranking models by 'plddt' metric
2026-06-23 05:46:05,505 rank_001_alphafold2_ptm_model_1_seed_000 pLDDT=88.6 pTM=0.645
2026-06-23 05:46:06,962 Query 55/62: Vitis_vinifera_g262330.p01_VCORE (length 1171)
    folding 55/62 · Vitis_vinifera_g262330.p01_VCORE (1171 aa)

  0%|          | 0/150 [elapsed: 00:00 remaining: ?]
SUBMIT:   0%|          | 0/150 [elapsed: 00:00 remaining: ?]
PENDING:   0%|          | 0/150 [elapsed: 00:00 remaining: ?]
                                                             

PENDING:   0%|          | 0/150 [elapsed: 00:00 remaining: ?]
RUNNING:   0%|          | 0/150 [elapsed: 00:11 remaining: ?]
RUNNING:   7%|▋         | 10/150 [elapsed: 00:11 remaining: 02:34]
                                                                  

RUNNING:   7%|▋         | 10/150 [elapsed: 00:11 remaining: 02:34]
RUNNING:   7%|▋         | 10/150 [elapsed: 00:17 remaining: 02:34]
RUNNING:  11%|█         | 16/150 [elapsed: 00:17 remaining: 02:26]
                                                                  

RUNNING:  11%|█         | 16/150 [elapsed: 00:17 remaining: 02:26]
RUNNING:  11%|█         | 16/150 [elapsed: 00:27 remaining: 02:26]
RUNNING:  17%|█▋        | 26/150 [elapsed: 00:27 remaining: 02:12]
                                                                  

RUNNING:  17%|█▋        | 26/150 [elapsed: 00:27 remaining: 02:12]
RUNNING:  17%|█▋        | 26/150 [elapsed: 00:33 remaining: 02:12]
RUNNING:  21%|██        | 31/150 [elapsed: 00:33 remaining: 02:08]
                                                                  

RUNNING:  21%|██        | 31/150 [elapsed: 00:33 remaining: 02:08]
RUNNING:  21%|██        | 31/150 [elapsed: 00:41 remaining: 02:08]
RUNNING:  26%|██▌       | 39/150 [elapsed: 00:41 remaining: 01:58]
                                                                  

RUNNING:  26%|██▌       | 39/150 [elapsed: 00:41 remaining: 01:58]
RUNNING:  26%|██▌       | 39/150 [elapsed: 00:52 remaining: 01:58]
RUNNING:  33%|███▎      | 49/150 [elapsed: 00:52 remaining: 01:47]
                                                                  

RUNNING:  33%|███▎      | 49/150 [elapsed: 00:52 remaining: 01:47]
RUNNING:  33%|███▎      | 49/150 [elapsed: 00:59 remaining: 01:47]
RUNNING:  37%|███▋      | 56/150 [elapsed: 00:59 remaining: 01:39]
                                                                  

RUNNING:  37%|███▋      | 56/150 [elapsed: 00:59 remaining: 01:39]
RUNNING:  37%|███▋      | 56/150 [elapsed: 01:06 remaining: 01:39]
RUNNING:  41%|████▏     | 62/150 [elapsed: 01:06 remaining: 01:34]
                                                                  

RUNNING:  41%|████▏     | 62/150 [elapsed: 01:06 remaining: 01:34]
RUNNING:  41%|████▏     | 62/150 [elapsed: 01:16 remaining: 01:34]
RUNNING:  48%|████▊     | 72/150 [elapsed: 01:16 remaining: 01:22]
                                                                  

RUNNING:  48%|████▊     | 72/150 [elapsed: 01:16 remaining: 01:22]
RUNNING:  48%|████▊     | 72/150 [elapsed: 01:27 remaining: 01:22]
RUNNING:  55%|█████▍    | 82/150 [elapsed: 01:27 remaining: 01:11]
                                                                  

RUNNING:  55%|█████▍    | 82/150 [elapsed: 01:27 remaining: 01:11]
RUNNING:  55%|█████▍    | 82/150 [elapsed: 01:36 remaining: 01:11]
RUNNING:  61%|██████    | 91/150 [elapsed: 01:36 remaining: 01:02]
                                                                  

RUNNING:  61%|██████    | 91/150 [elapsed: 01:36 remaining: 01:02]
RUNNING:  61%|██████    | 91/150 [elapsed: 01:43 remaining: 01:02]
RUNNING:  65%|██████▍   | 97/150 [elapsed: 01:43 remaining: 00:56]
                                                                  

RUNNING:  65%|██████▍   | 97/150 [elapsed: 01:43 remaining: 00:56]
RUNNING:  65%|██████▍   | 97/150 [elapsed: 01:50 remaining: 00:56]
RUNNING:  69%|██████▉   | 104/150 [elapsed: 01:50 remaining: 00:48]
                                                                   

RUNNING:  69%|██████▉   | 104/150 [elapsed: 01:50 remaining: 00:48]
RUNNING:  69%|██████▉   | 104/150 [elapsed: 01:59 remaining: 00:48]
RUNNING:  75%|███████▍  | 112/150 [elapsed: 01:59 remaining: 00:40]
                                                                   

RUNNING:  75%|███████▍  | 112/150 [elapsed: 01:59 remaining: 00:40]
RUNNING:  75%|███████▍  | 112/150 [elapsed: 02:09 remaining: 00:40]
RUNNING:  81%|████████▏ | 122/150 [elapsed: 02:09 remaining: 00:29]
                                                                   

RUNNING:  81%|████████▏ | 122/150 [elapsed: 02:09 remaining: 00:29]
RUNNING:  81%|████████▏ | 122/150 [elapsed: 02:17 remaining: 00:29]
RUNNING:  86%|████████▌ | 129/150 [elapsed: 02:17 remaining: 00:22]
                                                                   

RUNNING:  86%|████████▌ | 129/150 [elapsed: 02:17 remaining: 00:22]
RUNNING:  86%|████████▌ | 129/150 [elapsed: 02:25 remaining: 00:22]
RUNNING:  91%|█████████▏| 137/150 [elapsed: 02:25 remaining: 00:13]
                                                                   

RUNNING:  91%|█████████▏| 137/150 [elapsed: 02:25 remaining: 00:13]
RUNNING:  91%|█████████▏| 137/150 [elapsed: 02:33 remaining: 00:13]
RUNNING:  96%|█████████▌| 144/150 [elapsed: 02:33 remaining: 00:06]
                                                                   

RUNNING:  96%|█████████▌| 144/150 [elapsed: 02:33 remaining: 00:06]
RUNNING:  96%|█████████▌| 144/150 [elapsed: 02:41 remaining: 00:06]
RUNNING: |          | 152/? [elapsed: 02:41 remaining: 00:00]      
                                                             

RUNNING: |          | 152/? [elapsed: 02:41 remaining: 00:00]
RUNNING: |          | 152/? [elapsed: 02:50 remaining: 00:00]
RUNNING: |          | 160/? [elapsed: 02:50 remaining: 00:00]
                                                             

RUNNING: |          | 160/? [elapsed: 02:50 remaining: 00:00]
RUNNING: |          | 160/? [elapsed: 02:57 remaining: 00:00]
RUNNING: |          | 167/? [elapsed: 02:57 remaining: 00:00]
                                                             

RUNNING: |          | 167/? [elapsed: 02:57 remaining: 00:00]
RUNNING: |          | 167/? [elapsed: 03:04 remaining: 00:00]
RUNNING: |          | 173/? [elapsed: 03:04 remaining: 00:00]
                                                             

RUNNING: |          | 173/? [elapsed: 03:04 remaining: 00:00]
RUNNING: |          | 173/? [elapsed: 03:11 remaining: 00:00]
RUNNING: |          | 180/? [elapsed: 03:11 remaining: 00:00]
                                                             

RUNNING: |          | 180/? [elapsed: 03:11 remaining: 00:00]
RUNNING: |          | 180/? [elapsed: 03:21 remaining: 00:00]
RUNNING: |          | 189/? [elapsed: 03:21 remaining: 00:00]
                                                             

RUNNING: |          | 189/? [elapsed: 03:21 remaining: 00:00]
RUNNING: |          | 189/? [elapsed: 03:28 remaining: 00:00]
RUNNING: |          | 196/? [elapsed: 03:28 remaining: 00:00]
                                                             

RUNNING: |          | 196/? [elapsed: 03:28 remaining: 00:00]
RUNNING: |          | 196/? [elapsed: 03:38 remaining: 00:00]
RUNNING: |          | 205/? [elapsed: 03:38 remaining: 00:00]
                                                             

RUNNING: |          | 205/? [elapsed: 03:38 remaining: 00:00]
RUNNING: |          | 205/? [elapsed: 03:48 remaining: 00:00]
RUNNING: |          | 215/? [elapsed: 03:48 remaining: 00:00]
                                                             

RUNNING: |          | 215/? [elapsed: 03:48 remaining: 00:00]
RUNNING: |          | 215/? [elapsed: 03:57 remaining: 00:00]
RUNNING: |          | 223/? [elapsed: 03:57 remaining: 00:00]
                                                             

RUNNING: |          | 223/? [elapsed: 03:57 remaining: 00:00]
RUNNING: |          | 223/? [elapsed: 04:06 remaining: 00:00]
RUNNING: |          | 232/? [elapsed: 04:06 remaining: 00:00]
                                                             

RUNNING: |          | 232/? [elapsed: 04:06 remaining: 00:00]
RUNNING: |          | 232/? [elapsed: 04:12 remaining: 00:00]
RUNNING: |          | 237/? [elapsed: 04:12 remaining: 00:00]
                                                             

RUNNING: |          | 237/? [elapsed: 04:12 remaining: 00:00]
RUNNING: |          | 237/? [elapsed: 04:19 remaining: 00:00]
RUNNING: |          | 244/? [elapsed: 04:19 remaining: 00:00]
                                                             

RUNNING: |          | 244/? [elapsed: 04:19 remaining: 00:00]
RUNNING: |          | 244/? [elapsed: 04:25 remaining: 00:00]
RUNNING: |          | 249/? [elapsed: 04:25 remaining: 00:00]
                                                             

RUNNING: |          | 249/? [elapsed: 04:25 remaining: 00:00]
RUNNING: |          | 249/? [elapsed: 04:33 remaining: 00:00]
RUNNING: |          | 257/? [elapsed: 04:33 remaining: 00:00]
                                                             

RUNNING: |          | 257/? [elapsed: 04:33 remaining: 00:00]
RUNNING: |          | 257/? [elapsed: 04:42 remaining: 00:00]
RUNNING: |          | 265/? [elapsed: 04:42 remaining: 00:00]
                                                             

RUNNING: |          | 265/? [elapsed: 04:42 remaining: 00:00]
RUNNING: |          | 265/? [elapsed: 04:50 remaining: 00:00]
RUNNING: |          | 273/? [elapsed: 04:50 remaining: 00:00]
                                                             

RUNNING: |          | 273/? [elapsed: 04:50 remaining: 00:00]
RUNNING: |          | 273/? [elapsed: 04:59 remaining: 00:00]
RUNNING: |          | 281/? [elapsed: 04:59 remaining: 00:00]
                                                             

RUNNING: |          | 281/? [elapsed: 04:59 remaining: 00:00]
RUNNING: |          | 281/? [elapsed: 05:06 remaining: 00:00]
RUNNING: |          | 288/? [elapsed: 05:06 remaining: 00:00]
                                                             

RUNNING: |          | 288/? [elapsed: 05:06 remaining: 00:00]
RUNNING: |          | 288/? [elapsed: 05:18 remaining: 00:00]
RUNNING: |          | 298/? [elapsed: 05:18 remaining: 00:00]
                                                             

RUNNING: |          | 298/? [elapsed: 05:18 remaining: 00:00]
RUNNING: |          | 298/? [elapsed: 05:25 remaining: 00:00]
RUNNING: |          | 305/? [elapsed: 05:25 remaining: 00:00]
                                                             

RUNNING: |          | 305/? [elapsed: 05:25 remaining: 00:00]
RUNNING: |          | 305/? [elapsed: 05:32 remaining: 00:00]
RUNNING: |          | 311/? [elapsed: 05:32 remaining: 00:00]
                                                             

RUNNING: |          | 311/? [elapsed: 05:32 remaining: 00:00]
RUNNING: |          | 311/? [elapsed: 05:38 remaining: 00:00]
RUNNING: |          | 317/? [elapsed: 05:38 remaining: 00:00]
                                                             

RUNNING: |          | 317/? [elapsed: 05:38 remaining: 00:00]
RUNNING: |          | 317/? [elapsed: 05:44 remaining: 00:00]
RUNNING: |          | 322/? [elapsed: 05:44 remaining: 00:00]
                                                             

RUNNING: |          | 322/? [elapsed: 05:44 remaining: 00:00]
RUNNING: |          | 322/? [elapsed: 05:50 remaining: 00:00]
RUNNING: |          | 328/? [elapsed: 05:50 remaining: 00:00]
                                                             

RUNNING: |          | 328/? [elapsed: 05:50 remaining: 00:00]
RUNNING: |          | 328/? [elapsed: 05:56 remaining: 00:00]
RUNNING: |          | 333/? [elapsed: 05:56 remaining: 00:00]
                                                             

RUNNING: |          | 333/? [elapsed: 05:56 remaining: 00:00]
RUNNING: |          | 333/? [elapsed: 06:02 remaining: 00:00]
RUNNING: |          | 339/? [elapsed: 06:02 remaining: 00:00]
                                                             

RUNNING: |          | 339/? [elapsed: 06:02 remaining: 00:00]
RUNNING: |          | 339/? [elapsed: 06:12 remaining: 00:00]
RUNNING: |          | 348/? [elapsed: 06:12 remaining: 00:00]
                                                             

RUNNING: |          | 348/? [elapsed: 06:12 remaining: 00:00]
RUNNING: |          | 348/? [elapsed: 06:22 remaining: 00:00]
RUNNING: |          | 358/? [elapsed: 06:22 remaining: 00:00]
                                                             

RUNNING: |          | 358/? [elapsed: 06:22 remaining: 00:00]
RUNNING: |          | 358/? [elapsed: 06:31 remaining: 00:00]
RUNNING: |          | 366/? [elapsed: 06:31 remaining: 00:00]
                                                             

RUNNING: |          | 366/? [elapsed: 06:31 remaining: 00:00]
RUNNING: |          | 366/? [elapsed: 06:37 remaining: 00:00]
RUNNING: |          | 372/? [elapsed: 06:37 remaining: 00:00]
                                                             

RUNNING: |          | 372/? [elapsed: 06:37 remaining: 00:00]
RUNNING: |          | 372/? [elapsed: 06:45 remaining: 00:00]
RUNNING: |          | 379/? [elapsed: 06:45 remaining: 00:00]
                                                             

RUNNING: |          | 379/? [elapsed: 06:45 remaining: 00:00]
RUNNING: |          | 379/? [elapsed: 06:50 remaining: 00:00]
RUNNING: |          | 384/? [elapsed: 06:50 remaining: 00:00]
                                                             

RUNNING: |          | 384/? [elapsed: 06:50 remaining: 00:00]
RUNNING: |          | 384/? [elapsed: 06:56 remaining: 00:00]
RUNNING: |          | 389/? [elapsed: 06:56 remaining: 00:00]
                                                             

RUNNING: |          | 389/? [elapsed: 06:56 remaining: 00:00]
RUNNING: |          | 389/? [elapsed: 07:04 remaining: 00:00]
RUNNING: |          | 397/? [elapsed: 07:04 remaining: 00:00]
                                                             

RUNNING: |          | 397/? [elapsed: 07:04 remaining: 00:00]
RUNNING: |          | 397/? [elapsed: 07:15 remaining: 00:00]
RUNNING: |          | 407/? [elapsed: 07:15 remaining: 00:00]
                                                             

RUNNING: |          | 407/? [elapsed: 07:15 remaining: 00:00]
RUNNING: |          | 407/? [elapsed: 07:20 remaining: 00:00]
RUNNING: |          | 412/? [elapsed: 07:20 remaining: 00:00]
                                                             

RUNNING: |          | 412/? [elapsed: 07:20 remaining: 00:00]
RUNNING: |          | 412/? [elapsed: 07:28 remaining: 00:00]
RUNNING: |          | 419/? [elapsed: 07:28 remaining: 00:00]
                                                             

RUNNING: |          | 419/? [elapsed: 07:28 remaining: 00:00]
RUNNING: |          | 419/? [elapsed: 07:36 remaining: 00:00]
RUNNING: |          | 427/? [elapsed: 07:36 remaining: 00:00]
                                                             

RUNNING: |          | 427/? [elapsed: 07:36 remaining: 00:00]
RUNNING: |          | 427/? [elapsed: 07:44 remaining: 00:00]
RUNNING: |          | 434/? [elapsed: 07:44 remaining: 00:00]
                                                             

RUNNING: |          | 434/? [elapsed: 07:44 remaining: 00:00]
RUNNING: |          | 434/? [elapsed: 07:51 remaining: 00:00]
RUNNING: |          | 441/? [elapsed: 07:51 remaining: 00:00]
                                                             

RUNNING: |          | 441/? [elapsed: 07:51 remaining: 00:00]
RUNNING: |          | 441/? [elapsed: 07:57 remaining: 00:00]
RUNNING: |          | 446/? [elapsed: 07:57 remaining: 00:00]
                                                             

RUNNING: |          | 446/? [elapsed: 07:57 remaining: 00:00]
RUNNING: |          | 446/? [elapsed: 08:03 remaining: 00:00]
RUNNING: |          | 452/? [elapsed: 08:03 remaining: 00:00]
                                                             

RUNNING: |          | 452/? [elapsed: 08:03 remaining: 00:00]
RUNNING: |          | 452/? [elapsed: 08:11 remaining: 00:00]
RUNNING: |          | 459/? [elapsed: 08:11 remaining: 00:00]
                                                             

RUNNING: |          | 459/? [elapsed: 08:11 remaining: 00:00]
RUNNING: |          | 459/? [elapsed: 08:21 remaining: 00:00]
RUNNING: |          | 469/? [elapsed: 08:21 remaining: 00:00]
                                                             

RUNNING: |          | 469/? [elapsed: 08:21 remaining: 00:00]
COMPLETE: |          | 469/? [elapsed: 08:30 remaining: 00:00]
COMPLETE: |          | 469/? [elapsed: 08:32 remaining: 00:00]
2026-06-23 05:46:07,475 Sleeping for 10s. Reason: PENDING
2026-06-23 05:46:17,996 Sleeping for 6s. Reason: RUNNING
2026-06-23 05:46:24,468 Sleeping for 10s. Reason: RUNNING
2026-06-23 05:46:34,958 Sleeping for 5s. Reason: RUNNING
2026-06-23 05:46:40,446 Sleeping for 8s. Reason: RUNNING
2026-06-23 05:46:48,912 Sleeping for 10s. Reason: RUNNING
2026-06-23 05:46:59,398 Sleeping for 7s. Reason: RUNNING
2026-06-23 05:47:06,867 Sleeping for 6s. Reason: RUNNING
2026-06-23 05:47:13,369 Sleeping for 10s. Reason: RUNNING
2026-06-23 05:47:23,873 Sleeping for 10s. Reason: RUNNING
2026-06-23 05:47:34,381 Sleeping for 9s. Reason: RUNNING
2026-06-23 05:47:43,862 Sleeping for 6s. Reason: RUNNING
2026-06-23 05:47:50,348 Sleeping for 7s. Reason: RUNNING
2026-06-23 05:47:57,835 Sleeping for 8s. Reason: RUNNING
2026-06-23 05:48:06,332 Sleeping for 10s. Reason: RUNNING
2026-06-23 05:48:16,814 Sleeping for 7s. Reason: RUNNING
2026-06-23 05:48:24,329 Sleeping for 8s. Reason: RUNNING
2026-06-23 05:48:32,809 Sleeping for 7s. Reason: RUNNING
2026-06-23 05:48:40,333 Sleeping for 8s. Reason: RUNNING
2026-06-23 05:48:48,813 Sleeping for 8s. Reason: RUNNING
2026-06-23 05:48:57,308 Sleeping for 7s. Reason: RUNNING
2026-06-23 05:49:04,804 Sleeping for 6s. Reason: RUNNING
2026-06-23 05:49:11,293 Sleeping for 7s. Reason: RUNNING
2026-06-23 05:49:18,782 Sleeping for 9s. Reason: RUNNING
2026-06-23 05:49:28,278 Sleeping for 7s. Reason: RUNNING
2026-06-23 05:49:35,796 Sleeping for 9s. Reason: RUNNING
2026-06-23 05:49:45,275 Sleeping for 10s. Reason: RUNNING
2026-06-23 05:49:55,773 Sleeping for 8s. Reason: RUNNING
2026-06-23 05:50:04,297 Sleeping for 9s. Reason: RUNNING
2026-06-23 05:50:13,794 Sleeping for 5s. Reason: RUNNING
2026-06-23 05:50:19,259 Sleeping for 7s. Reason: RUNNING
2026-06-23 05:50:26,754 Sleeping for 5s. Reason: RUNNING
2026-06-23 05:50:32,275 Sleeping for 8s. Reason: RUNNING
2026-06-23 05:50:40,797 Sleeping for 8s. Reason: RUNNING
2026-06-23 05:50:49,291 Sleeping for 8s. Reason: RUNNING
2026-06-23 05:50:57,791 Sleeping for 8s. Reason: RUNNING
2026-06-23 05:51:06,277 Sleeping for 7s. Reason: RUNNING
2026-06-23 05:51:13,769 Sleeping for 10s. Reason: RUNNING
2026-06-23 05:51:25,266 Sleeping for 7s. Reason: RUNNING
2026-06-23 05:51:32,764 Sleeping for 6s. Reason: RUNNING
2026-06-23 05:51:39,257 Sleeping for 6s. Reason: RUNNING
2026-06-23 05:51:45,742 Sleeping for 5s. Reason: RUNNING
2026-06-23 05:51:51,227 Sleeping for 6s. Reason: RUNNING
2026-06-23 05:51:57,715 Sleeping for 5s. Reason: RUNNING
2026-06-23 05:52:03,221 Sleeping for 6s. Reason: RUNNING
2026-06-23 05:52:09,688 Sleeping for 9s. Reason: RUNNING
2026-06-23 05:52:19,167 Sleeping for 10s. Reason: RUNNING
2026-06-23 05:52:29,685 Sleeping for 8s. Reason: RUNNING
2026-06-23 05:52:38,186 Sleeping for 6s. Reason: RUNNING
2026-06-23 05:52:44,699 Sleeping for 7s. Reason: RUNNING
2026-06-23 05:52:52,195 Sleeping for 5s. Reason: RUNNING
2026-06-23 05:52:57,667 Sleeping for 5s. Reason: RUNNING
2026-06-23 05:53:03,150 Sleeping for 8s. Reason: RUNNING
2026-06-23 05:53:11,643 Sleeping for 10s. Reason: RUNNING
2026-06-23 05:53:22,129 Sleeping for 5s. Reason: RUNNING
2026-06-23 05:53:27,605 Sleeping for 7s. Reason: RUNNING
2026-06-23 05:53:35,087 Sleeping for 8s. Reason: RUNNING
2026-06-23 05:53:43,563 Sleeping for 7s. Reason: RUNNING
2026-06-23 05:53:51,035 Sleeping for 7s. Reason: RUNNING
2026-06-23 05:53:58,540 Sleeping for 5s. Reason: RUNNING
2026-06-23 05:54:04,026 Sleeping for 6s. Reason: RUNNING
2026-06-23 05:54:10,515 Sleeping for 7s. Reason: RUNNING
2026-06-23 05:54:17,991 Sleeping for 10s. Reason: RUNNING
2026-06-23 05:54:28,448 Sleeping for 9s. Reason: RUNNING
2026-06-23 05:55:26,725 Padding length to 1181
2026-06-23 05:58:11,641 alphafold2_ptm_model_1_seed_000 recycle=0 pLDDT=84.9 pTM=0.575
2026-06-23 06:00:03,357 alphafold2_ptm_model_1_seed_000 recycle=1 pLDDT=86.4 pTM=0.616 tol=6.69
2026-06-23 06:00:03,359 alphafold2_ptm_model_1_seed_000 took 276.6s (1 recycles)
2026-06-23 06:00:04,690 reranking models by 'plddt' metric
2026-06-23 06:00:04,690 rank_001_alphafold2_ptm_model_1_seed_000 pLDDT=86.4 pTM=0.616
2026-06-23 06:00:06,513 Query 56/62: Vitis_vinifera_g194380.p01_VCORE (length 1198)
    folding 56/62 · Vitis_vinifera_g194380.p01_VCORE (1198 aa)

  0%|          | 0/150 [elapsed: 00:00 remaining: ?]
SUBMIT:   0%|          | 0/150 [elapsed: 00:00 remaining: ?]
PENDING:   0%|          | 0/150 [elapsed: 00:00 remaining: ?]
                                                             

PENDING:   0%|          | 0/150 [elapsed: 00:00 remaining: ?]
RUNNING:   0%|          | 0/150 [elapsed: 00:09 remaining: ?]
RUNNING:   6%|▌         | 9/150 [elapsed: 00:09 remaining: 02:36]
                                                                 

RUNNING:   6%|▌         | 9/150 [elapsed: 00:09 remaining: 02:36]
RUNNING:   6%|▌         | 9/150 [elapsed: 00:19 remaining: 02:36]
RUNNING:  12%|█▏        | 18/150 [elapsed: 00:19 remaining: 02:22]
                                                                  

RUNNING:  12%|█▏        | 18/150 [elapsed: 00:19 remaining: 02:22]
RUNNING:  12%|█▏        | 18/150 [elapsed: 00:29 remaining: 02:22]
RUNNING:  19%|█▊        | 28/150 [elapsed: 00:29 remaining: 02:09]
                                                                  

RUNNING:  19%|█▊        | 28/150 [elapsed: 00:29 remaining: 02:09]
RUNNING:  19%|█▊        | 28/150 [elapsed: 00:38 remaining: 02:09]
RUNNING:  24%|██▍       | 36/150 [elapsed: 00:38 remaining: 02:01]
                                                                  

RUNNING:  24%|██▍       | 36/150 [elapsed: 00:38 remaining: 02:01]
RUNNING:  24%|██▍       | 36/150 [elapsed: 00:46 remaining: 02:01]
RUNNING:  29%|██▉       | 44/150 [elapsed: 00:46 remaining: 01:52]
                                                                  

RUNNING:  29%|██▉       | 44/150 [elapsed: 00:46 remaining: 01:52]
RUNNING:  29%|██▉       | 44/150 [elapsed: 00:52 remaining: 01:52]
RUNNING:  33%|███▎      | 49/150 [elapsed: 00:52 remaining: 01:48]
                                                                  

RUNNING:  33%|███▎      | 49/150 [elapsed: 00:52 remaining: 01:48]
RUNNING:  33%|███▎      | 49/150 [elapsed: 01:02 remaining: 01:48]
RUNNING:  39%|███▉      | 59/150 [elapsed: 01:02 remaining: 01:36]
                                                                  

RUNNING:  39%|███▉      | 59/150 [elapsed: 01:02 remaining: 01:36]
RUNNING:  39%|███▉      | 59/150 [elapsed: 01:09 remaining: 01:36]
RUNNING:  43%|████▎     | 65/150 [elapsed: 01:09 remaining: 01:30]
                                                                  

RUNNING:  43%|████▎     | 65/150 [elapsed: 01:09 remaining: 01:30]
RUNNING:  43%|████▎     | 65/150 [elapsed: 01:18 remaining: 01:30]
RUNNING:  49%|████▊     | 73/150 [elapsed: 01:18 remaining: 01:24]
                                                                  

RUNNING:  49%|████▊     | 73/150 [elapsed: 01:18 remaining: 01:24]
RUNNING:  49%|████▊     | 73/150 [elapsed: 01:24 remaining: 01:24]
RUNNING:  52%|█████▏    | 78/150 [elapsed: 01:24 remaining: 01:18]
                                                                  

RUNNING:  52%|█████▏    | 78/150 [elapsed: 01:24 remaining: 01:18]
RUNNING:  52%|█████▏    | 78/150 [elapsed: 01:31 remaining: 01:18]
RUNNING:  57%|█████▋    | 85/150 [elapsed: 01:31 remaining: 01:10]
                                                                  

RUNNING:  57%|█████▋    | 85/150 [elapsed: 01:31 remaining: 01:10]
RUNNING:  57%|█████▋    | 85/150 [elapsed: 01:41 remaining: 01:10]
RUNNING:  63%|██████▎   | 94/150 [elapsed: 01:41 remaining: 01:00]
                                                                  

RUNNING:  63%|██████▎   | 94/150 [elapsed: 01:41 remaining: 01:00]
RUNNING:  63%|██████▎   | 94/150 [elapsed: 01:47 remaining: 01:00]
RUNNING:  67%|██████▋   | 100/150 [elapsed: 01:47 remaining: 00:53]
                                                                   

RUNNING:  67%|██████▋   | 100/150 [elapsed: 01:47 remaining: 00:53]
RUNNING:  67%|██████▋   | 100/150 [elapsed: 01:57 remaining: 00:53]
RUNNING:  73%|███████▎  | 109/150 [elapsed: 01:57 remaining: 00:43]
                                                                   

RUNNING:  73%|███████▎  | 109/150 [elapsed: 01:57 remaining: 00:43]
RUNNING:  73%|███████▎  | 109/150 [elapsed: 02:07 remaining: 00:43]
RUNNING:  79%|███████▉  | 119/150 [elapsed: 02:07 remaining: 00:32]
                                                                   

RUNNING:  79%|███████▉  | 119/150 [elapsed: 02:07 remaining: 00:32]
RUNNING:  79%|███████▉  | 119/150 [elapsed: 02:13 remaining: 00:32]
RUNNING:  83%|████████▎ | 124/150 [elapsed: 02:13 remaining: 00:27]
                                                                   

RUNNING:  83%|████████▎ | 124/150 [elapsed: 02:13 remaining: 00:27]
RUNNING:  83%|████████▎ | 124/150 [elapsed: 02:22 remaining: 00:27]
RUNNING:  89%|████████▊ | 133/150 [elapsed: 02:22 remaining: 00:18]
                                                                   

RUNNING:  89%|████████▊ | 133/150 [elapsed: 02:22 remaining: 00:18]
RUNNING:  89%|████████▊ | 133/150 [elapsed: 02:29 remaining: 00:18]
RUNNING:  93%|█████████▎| 139/150 [elapsed: 02:29 remaining: 00:11]
                                                                   

RUNNING:  93%|█████████▎| 139/150 [elapsed: 02:29 remaining: 00:11]
RUNNING:  93%|█████████▎| 139/150 [elapsed: 02:36 remaining: 00:11]
RUNNING:  97%|█████████▋| 146/150 [elapsed: 02:36 remaining: 00:04]
                                                                   

RUNNING:  97%|█████████▋| 146/150 [elapsed: 02:36 remaining: 00:04]
RUNNING:  97%|█████████▋| 146/150 [elapsed: 02:45 remaining: 00:04]
RUNNING: |          | 154/? [elapsed: 02:45 remaining: 00:00]      
                                                             

RUNNING: |          | 154/? [elapsed: 02:45 remaining: 00:00]
RUNNING: |          | 154/? [elapsed: 02:55 remaining: 00:00]
RUNNING: |          | 164/? [elapsed: 02:55 remaining: 00:00]
                                                             

RUNNING: |          | 164/? [elapsed: 02:55 remaining: 00:00]
RUNNING: |          | 164/? [elapsed: 03:04 remaining: 00:00]
RUNNING: |          | 172/? [elapsed: 03:04 remaining: 00:00]
                                                             

RUNNING: |          | 172/? [elapsed: 03:04 remaining: 00:00]
RUNNING: |          | 172/? [elapsed: 03:13 remaining: 00:00]
RUNNING: |          | 181/? [elapsed: 03:13 remaining: 00:00]
                                                             

RUNNING: |          | 181/? [elapsed: 03:13 remaining: 00:00]
RUNNING: |          | 181/? [elapsed: 03:21 remaining: 00:00]
RUNNING: |          | 188/? [elapsed: 03:21 remaining: 00:00]
                                                             

RUNNING: |          | 188/? [elapsed: 03:21 remaining: 00:00]
RUNNING: |          | 188/? [elapsed: 03:30 remaining: 00:00]
RUNNING: |          | 197/? [elapsed: 03:30 remaining: 00:00]
                                                             

RUNNING: |          | 197/? [elapsed: 03:30 remaining: 00:00]
RUNNING: |          | 197/? [elapsed: 03:38 remaining: 00:00]
RUNNING: |          | 204/? [elapsed: 03:38 remaining: 00:00]
                                                             

RUNNING: |          | 204/? [elapsed: 03:38 remaining: 00:00]
RUNNING: |          | 204/? [elapsed: 03:45 remaining: 00:00]
RUNNING: |          | 211/? [elapsed: 03:45 remaining: 00:00]
                                                             

RUNNING: |          | 211/? [elapsed: 03:45 remaining: 00:00]
RUNNING: |          | 211/? [elapsed: 03:51 remaining: 00:00]
RUNNING: |          | 216/? [elapsed: 03:51 remaining: 00:00]
                                                             

RUNNING: |          | 216/? [elapsed: 03:51 remaining: 00:00]
RUNNING: |          | 216/? [elapsed: 03:57 remaining: 00:00]
RUNNING: |          | 222/? [elapsed: 03:57 remaining: 00:00]
                                                             

RUNNING: |          | 222/? [elapsed: 03:57 remaining: 00:00]
RUNNING: |          | 222/? [elapsed: 04:07 remaining: 00:00]
RUNNING: |          | 231/? [elapsed: 04:07 remaining: 00:00]
                                                             

RUNNING: |          | 231/? [elapsed: 04:07 remaining: 00:00]
RUNNING: |          | 231/? [elapsed: 04:16 remaining: 00:00]
RUNNING: |          | 240/? [elapsed: 04:16 remaining: 00:00]
                                                             

RUNNING: |          | 240/? [elapsed: 04:16 remaining: 00:00]
RUNNING: |          | 240/? [elapsed: 04:25 remaining: 00:00]
RUNNING: |          | 248/? [elapsed: 04:25 remaining: 00:00]
                                                             

RUNNING: |          | 248/? [elapsed: 04:25 remaining: 00:00]
RUNNING: |          | 248/? [elapsed: 04:31 remaining: 00:00]
RUNNING: |          | 254/? [elapsed: 04:31 remaining: 00:00]
                                                             

RUNNING: |          | 254/? [elapsed: 04:31 remaining: 00:00]
RUNNING: |          | 254/? [elapsed: 04:37 remaining: 00:00]
RUNNING: |          | 260/? [elapsed: 04:37 remaining: 00:00]
                                                             

RUNNING: |          | 260/? [elapsed: 04:37 remaining: 00:00]
RUNNING: |          | 260/? [elapsed: 04:48 remaining: 00:00]
RUNNING: |          | 270/? [elapsed: 04:48 remaining: 00:00]
                                                             

RUNNING: |          | 270/? [elapsed: 04:48 remaining: 00:00]
RUNNING: |          | 270/? [elapsed: 04:55 remaining: 00:00]
RUNNING: |          | 276/? [elapsed: 04:55 remaining: 00:00]
                                                             

RUNNING: |          | 276/? [elapsed: 04:55 remaining: 00:00]
RUNNING: |          | 276/? [elapsed: 05:04 remaining: 00:00]
RUNNING: |          | 285/? [elapsed: 05:04 remaining: 00:00]
                                                             

RUNNING: |          | 285/? [elapsed: 05:04 remaining: 00:00]
RUNNING: |          | 285/? [elapsed: 05:12 remaining: 00:00]
RUNNING: |          | 292/? [elapsed: 05:12 remaining: 00:00]
                                                             

RUNNING: |          | 292/? [elapsed: 05:12 remaining: 00:00]
RUNNING: |          | 292/? [elapsed: 05:18 remaining: 00:00]
RUNNING: |          | 298/? [elapsed: 05:18 remaining: 00:00]
                                                             

RUNNING: |          | 298/? [elapsed: 05:18 remaining: 00:00]
RUNNING: |          | 298/? [elapsed: 05:27 remaining: 00:00]
RUNNING: |          | 306/? [elapsed: 05:27 remaining: 00:00]
                                                             

RUNNING: |          | 306/? [elapsed: 05:27 remaining: 00:00]
RUNNING: |          | 306/? [elapsed: 05:34 remaining: 00:00]
RUNNING: |          | 313/? [elapsed: 05:34 remaining: 00:00]
                                                             

RUNNING: |          | 313/? [elapsed: 05:34 remaining: 00:00]
RUNNING: |          | 313/? [elapsed: 05:41 remaining: 00:00]
RUNNING: |          | 319/? [elapsed: 05:41 remaining: 00:00]
                                                             

RUNNING: |          | 319/? [elapsed: 05:41 remaining: 00:00]
RUNNING: |          | 319/? [elapsed: 05:47 remaining: 00:00]
RUNNING: |          | 325/? [elapsed: 05:47 remaining: 00:00]
                                                             

RUNNING: |          | 325/? [elapsed: 05:47 remaining: 00:00]
RUNNING: |          | 325/? [elapsed: 05:53 remaining: 00:00]
RUNNING: |          | 330/? [elapsed: 05:53 remaining: 00:00]
                                                             

RUNNING: |          | 330/? [elapsed: 05:53 remaining: 00:00]
RUNNING: |          | 330/? [elapsed: 06:00 remaining: 00:00]
RUNNING: |          | 337/? [elapsed: 06:00 remaining: 00:00]
                                                             

RUNNING: |          | 337/? [elapsed: 06:00 remaining: 00:00]
RUNNING: |          | 337/? [elapsed: 06:08 remaining: 00:00]
RUNNING: |          | 344/? [elapsed: 06:08 remaining: 00:00]
                                                             

RUNNING: |          | 344/? [elapsed: 06:08 remaining: 00:00]
RUNNING: |          | 344/? [elapsed: 06:15 remaining: 00:00]
RUNNING: |          | 351/? [elapsed: 06:15 remaining: 00:00]
                                                             

RUNNING: |          | 351/? [elapsed: 06:15 remaining: 00:00]
RUNNING: |          | 351/? [elapsed: 06:25 remaining: 00:00]
RUNNING: |          | 360/? [elapsed: 06:25 remaining: 00:00]
                                                             

RUNNING: |          | 360/? [elapsed: 06:25 remaining: 00:00]
RUNNING: |          | 360/? [elapsed: 06:35 remaining: 00:00]
RUNNING: |          | 370/? [elapsed: 06:35 remaining: 00:00]
                                                             

RUNNING: |          | 370/? [elapsed: 06:35 remaining: 00:00]
RUNNING: |          | 370/? [elapsed: 06:41 remaining: 00:00]
RUNNING: |          | 375/? [elapsed: 06:41 remaining: 00:00]
                                                             

RUNNING: |          | 375/? [elapsed: 06:41 remaining: 00:00]
RUNNING: |          | 375/? [elapsed: 06:50 remaining: 00:00]
RUNNING: |          | 384/? [elapsed: 06:50 remaining: 00:00]
                                                             

RUNNING: |          | 384/? [elapsed: 06:50 remaining: 00:00]
RUNNING: |          | 384/? [elapsed: 06:56 remaining: 00:00]
RUNNING: |          | 389/? [elapsed: 06:56 remaining: 00:00]
                                                             

RUNNING: |          | 389/? [elapsed: 06:56 remaining: 00:00]
RUNNING: |          | 389/? [elapsed: 07:01 remaining: 00:00]
RUNNING: |          | 394/? [elapsed: 07:01 remaining: 00:00]
                                                             

RUNNING: |          | 394/? [elapsed: 07:01 remaining: 00:00]
RUNNING: |          | 394/? [elapsed: 07:08 remaining: 00:00]
RUNNING: |          | 400/? [elapsed: 07:08 remaining: 00:00]
                                                             

RUNNING: |          | 400/? [elapsed: 07:08 remaining: 00:00]
RUNNING: |          | 400/? [elapsed: 07:14 remaining: 00:00]
RUNNING: |          | 406/? [elapsed: 07:14 remaining: 00:00]
                                                             

RUNNING: |          | 406/? [elapsed: 07:14 remaining: 00:00]
RUNNING: |          | 406/? [elapsed: 07:22 remaining: 00:00]
RUNNING: |          | 413/? [elapsed: 07:22 remaining: 00:00]
                                                             

RUNNING: |          | 413/? [elapsed: 07:22 remaining: 00:00]
RUNNING: |          | 413/? [elapsed: 07:32 remaining: 00:00]
RUNNING: |          | 423/? [elapsed: 07:32 remaining: 00:00]
                                                             

RUNNING: |          | 423/? [elapsed: 07:32 remaining: 00:00]
RUNNING: |          | 423/? [elapsed: 07:38 remaining: 00:00]
RUNNING: |          | 428/? [elapsed: 07:38 remaining: 00:00]
                                                             

RUNNING: |          | 428/? [elapsed: 07:38 remaining: 00:00]
RUNNING: |          | 428/? [elapsed: 07:44 remaining: 00:00]
RUNNING: |          | 434/? [elapsed: 07:44 remaining: 00:00]
                                                             

RUNNING: |          | 434/? [elapsed: 07:44 remaining: 00:00]
RUNNING: |          | 434/? [elapsed: 07:53 remaining: 00:00]
RUNNING: |          | 442/? [elapsed: 07:53 remaining: 00:00]
                                                             

RUNNING: |          | 442/? [elapsed: 07:53 remaining: 00:00]
RUNNING: |          | 442/? [elapsed: 08:01 remaining: 00:00]
RUNNING: |          | 450/? [elapsed: 08:01 remaining: 00:00]
                                                             

RUNNING: |          | 450/? [elapsed: 08:01 remaining: 00:00]
RUNNING: |          | 450/? [elapsed: 08:08 remaining: 00:00]
RUNNING: |          | 456/? [elapsed: 08:08 remaining: 00:00]
                                                             

RUNNING: |          | 456/? [elapsed: 08:08 remaining: 00:00]
COMPLETE: |          | 456/? [elapsed: 08:18 remaining: 00:00]
COMPLETE: |          | 456/? [elapsed: 08:20 remaining: 00:00]
2026-06-23 06:00:07,017 Sleeping for 9s. Reason: PENDING
2026-06-23 06:00:16,488 Sleeping for 9s. Reason: RUNNING
2026-06-23 06:00:25,968 Sleeping for 10s. Reason: RUNNING
2026-06-23 06:00:36,465 Sleeping for 8s. Reason: RUNNING
2026-06-23 06:00:44,952 Sleeping for 8s. Reason: RUNNING
2026-06-23 06:00:53,452 Sleeping for 5s. Reason: RUNNING
2026-06-23 06:00:58,940 Sleeping for 10s. Reason: RUNNING
2026-06-23 06:01:09,436 Sleeping for 6s. Reason: RUNNING
2026-06-23 06:01:15,907 Sleeping for 8s. Reason: RUNNING
2026-06-23 06:01:25,139 Sleeping for 5s. Reason: RUNNING
2026-06-23 06:01:30,622 Sleeping for 7s. Reason: RUNNING
2026-06-23 06:01:38,093 Sleeping for 9s. Reason: RUNNING
2026-06-23 06:01:47,587 Sleeping for 6s. Reason: RUNNING
2026-06-23 06:01:54,077 Sleeping for 9s. Reason: RUNNING
2026-06-23 06:02:03,608 Sleeping for 10s. Reason: RUNNING
2026-06-23 06:02:14,101 Sleeping for 5s. Reason: RUNNING
2026-06-23 06:02:19,596 Sleeping for 9s. Reason: RUNNING
2026-06-23 06:02:29,080 Sleeping for 6s. Reason: RUNNING
2026-06-23 06:02:35,562 Sleeping for 7s. Reason: RUNNING
2026-06-23 06:02:43,069 Sleeping for 8s. Reason: RUNNING
2026-06-23 06:02:51,576 Sleeping for 10s. Reason: RUNNING
2026-06-23 06:03:02,082 Sleeping for 8s. Reason: RUNNING
2026-06-23 06:03:10,606 Sleeping for 9s. Reason: RUNNING
2026-06-23 06:03:20,091 Sleeping for 7s. Reason: RUNNING
2026-06-23 06:03:27,607 Sleeping for 9s. Reason: RUNNING
2026-06-23 06:03:37,075 Sleeping for 7s. Reason: RUNNING
2026-06-23 06:03:44,567 Sleeping for 7s. Reason: RUNNING
2026-06-23 06:03:52,081 Sleeping for 5s. Reason: RUNNING
2026-06-23 06:03:57,569 Sleeping for 6s. Reason: RUNNING
2026-06-23 06:04:04,057 Sleeping for 9s. Reason: RUNNING
2026-06-23 06:04:13,566 Sleeping for 9s. Reason: RUNNING
2026-06-23 06:04:23,041 Sleeping for 8s. Reason: RUNNING
2026-06-23 06:04:31,531 Sleeping for 6s. Reason: RUNNING
2026-06-23 06:04:38,005 Sleeping for 6s. Reason: RUNNING
2026-06-23 06:04:44,476 Sleeping for 10s. Reason: RUNNING
2026-06-23 06:04:54,994 Sleeping for 6s. Reason: RUNNING
2026-06-23 06:05:01,521 Sleeping for 9s. Reason: RUNNING
2026-06-23 06:05:11,220 Sleeping for 7s. Reason: RUNNING
2026-06-23 06:05:18,701 Sleeping for 6s. Reason: RUNNING
2026-06-23 06:05:25,205 Sleeping for 8s. Reason: RUNNING
2026-06-23 06:05:33,695 Sleeping for 7s. Reason: RUNNING
2026-06-23 06:05:41,205 Sleeping for 6s. Reason: RUNNING
2026-06-23 06:05:47,720 Sleeping for 6s. Reason: RUNNING
2026-06-23 06:05:54,222 Sleeping for 5s. Reason: RUNNING
2026-06-23 06:05:59,692 Sleeping for 7s. Reason: RUNNING
2026-06-23 06:06:07,154 Sleeping for 7s. Reason: RUNNING
2026-06-23 06:06:14,657 Sleeping for 7s. Reason: RUNNING
2026-06-23 06:06:22,142 Sleeping for 9s. Reason: RUNNING
2026-06-23 06:06:31,630 Sleeping for 10s. Reason: RUNNING
2026-06-23 06:06:42,099 Sleeping for 5s. Reason: RUNNING
2026-06-23 06:06:47,600 Sleeping for 9s. Reason: RUNNING
2026-06-23 06:06:57,104 Sleeping for 5s. Reason: RUNNING
2026-06-23 06:07:02,620 Sleeping for 5s. Reason: RUNNING
2026-06-23 06:07:08,129 Sleeping for 6s. Reason: RUNNING
2026-06-23 06:07:14,627 Sleeping for 6s. Reason: RUNNING
2026-06-23 06:07:21,118 Sleeping for 7s. Reason: RUNNING
2026-06-23 06:07:28,616 Sleeping for 10s. Reason: RUNNING
2026-06-23 06:07:39,108 Sleeping for 5s. Reason: RUNNING
2026-06-23 06:07:44,613 Sleeping for 6s. Reason: RUNNING
2026-06-23 06:07:51,100 Sleeping for 8s. Reason: RUNNING
2026-06-23 06:07:59,576 Sleeping for 8s. Reason: RUNNING
2026-06-23 06:08:08,048 Sleeping for 6s. Reason: RUNNING
2026-06-23 06:08:14,531 Sleeping for 10s. Reason: RUNNING
2026-06-23 06:09:05,934 Padding length to 1208
2026-06-23 06:11:51,667 alphafold2_ptm_model_1_seed_000 recycle=0 pLDDT=85.5 pTM=0.551
2026-06-23 06:13:41,777 alphafold2_ptm_model_1_seed_000 recycle=1 pLDDT=87.3 pTM=0.572 tol=7.4
2026-06-23 06:13:41,780 alphafold2_ptm_model_1_seed_000 took 275.8s (1 recycles)
2026-06-23 06:13:43,399 reranking models by 'plddt' metric
2026-06-23 06:13:43,399 rank_001_alphafold2_ptm_model_1_seed_000 pLDDT=87.3 pTM=0.572
2026-06-23 06:13:44,951 Query 57/62: Vitis_vinifera_g270960.p01_VCORE (length 1203)
    folding 57/62 · Vitis_vinifera_g270960.p01_VCORE (1203 aa)

  0%|          | 0/150 [elapsed: 00:00 remaining: ?]
SUBMIT:   0%|          | 0/150 [elapsed: 00:00 remaining: ?]
PENDING:   0%|          | 0/150 [elapsed: 00:00 remaining: ?]
                                                             

PENDING:   0%|          | 0/150 [elapsed: 00:00 remaining: ?]
RUNNING:   0%|          | 0/150 [elapsed: 00:10 remaining: ?]
RUNNING:   6%|▌         | 9/150 [elapsed: 00:10 remaining: 02:36]
                                                                 

RUNNING:   6%|▌         | 9/150 [elapsed: 00:10 remaining: 02:36]
RUNNING:   6%|▌         | 9/150 [elapsed: 00:17 remaining: 02:36]
RUNNING:  11%|█         | 16/150 [elapsed: 00:17 remaining: 02:26]
                                                                  

RUNNING:  11%|█         | 16/150 [elapsed: 00:17 remaining: 02:26]
RUNNING:  11%|█         | 16/150 [elapsed: 00:27 remaining: 02:26]
RUNNING:  17%|█▋        | 25/150 [elapsed: 00:27 remaining: 02:14]
                                                                  

RUNNING:  17%|█▋        | 25/150 [elapsed: 00:27 remaining: 02:14]
RUNNING:  17%|█▋        | 25/150 [elapsed: 00:34 remaining: 02:14]
RUNNING:  21%|██▏       | 32/150 [elapsed: 00:34 remaining: 02:06]
                                                                  

RUNNING:  21%|██▏       | 32/150 [elapsed: 00:34 remaining: 02:06]
RUNNING:  21%|██▏       | 32/150 [elapsed: 00:40 remaining: 02:06]
RUNNING:  25%|██▍       | 37/150 [elapsed: 00:40 remaining: 02:02]
                                                                  

RUNNING:  25%|██▍       | 37/150 [elapsed: 00:40 remaining: 02:02]
RUNNING:  25%|██▍       | 37/150 [elapsed: 00:46 remaining: 02:02]
RUNNING:  29%|██▊       | 43/150 [elapsed: 00:46 remaining: 01:55]
                                                                  

RUNNING:  29%|██▊       | 43/150 [elapsed: 00:46 remaining: 01:55]
RUNNING:  29%|██▊       | 43/150 [elapsed: 00:54 remaining: 01:55]
RUNNING:  33%|███▎      | 50/150 [elapsed: 00:54 remaining: 01:47]
                                                                  

RUNNING:  33%|███▎      | 50/150 [elapsed: 00:54 remaining: 01:47]
RUNNING:  33%|███▎      | 50/150 [elapsed: 01:00 remaining: 01:47]
RUNNING:  37%|███▋      | 56/150 [elapsed: 01:00 remaining: 01:41]
                                                                  

RUNNING:  37%|███▋      | 56/150 [elapsed: 01:00 remaining: 01:41]
RUNNING:  37%|███▋      | 56/150 [elapsed: 01:07 remaining: 01:41]
RUNNING:  41%|████▏     | 62/150 [elapsed: 01:07 remaining: 01:35]
                                                                  

RUNNING:  41%|████▏     | 62/150 [elapsed: 01:07 remaining: 01:35]
RUNNING:  41%|████▏     | 62/150 [elapsed: 01:15 remaining: 01:35]
RUNNING:  47%|████▋     | 70/150 [elapsed: 01:15 remaining: 01:25]
                                                                  

RUNNING:  47%|████▋     | 70/150 [elapsed: 01:15 remaining: 01:25]
RUNNING:  47%|████▋     | 70/150 [elapsed: 01:26 remaining: 01:25]
RUNNING:  53%|█████▎    | 80/150 [elapsed: 01:26 remaining: 01:14]
                                                                  

RUNNING:  53%|█████▎    | 80/150 [elapsed: 01:26 remaining: 01:14]
RUNNING:  53%|█████▎    | 80/150 [elapsed: 01:35 remaining: 01:14]
RUNNING:  59%|█████▉    | 89/150 [elapsed: 01:35 remaining: 01:04]
                                                                  

RUNNING:  59%|█████▉    | 89/150 [elapsed: 01:35 remaining: 01:04]
RUNNING:  59%|█████▉    | 89/150 [elapsed: 01:42 remaining: 01:04]
RUNNING:  63%|██████▎   | 95/150 [elapsed: 01:42 remaining: 00:58]
                                                                  

RUNNING:  63%|██████▎   | 95/150 [elapsed: 01:42 remaining: 00:58]
RUNNING:  63%|██████▎   | 95/150 [elapsed: 01:48 remaining: 00:58]
RUNNING:  67%|██████▋   | 101/150 [elapsed: 01:48 remaining: 00:52]
                                                                   

RUNNING:  67%|██████▋   | 101/150 [elapsed: 01:48 remaining: 00:52]
RUNNING:  67%|██████▋   | 101/150 [elapsed: 01:58 remaining: 00:52]
RUNNING:  73%|███████▎  | 110/150 [elapsed: 01:58 remaining: 00:42]
                                                                   

RUNNING:  73%|███████▎  | 110/150 [elapsed: 01:58 remaining: 00:42]
RUNNING:  73%|███████▎  | 110/150 [elapsed: 02:07 remaining: 00:42]
RUNNING:  79%|███████▉  | 119/150 [elapsed: 02:07 remaining: 00:32]
                                                                   

RUNNING:  79%|███████▉  | 119/150 [elapsed: 02:07 remaining: 00:32]
RUNNING:  79%|███████▉  | 119/150 [elapsed: 02:16 remaining: 00:32]
RUNNING:  85%|████████▍ | 127/150 [elapsed: 02:16 remaining: 00:24]
                                                                   

RUNNING:  85%|████████▍ | 127/150 [elapsed: 02:16 remaining: 00:24]
RUNNING:  85%|████████▍ | 127/150 [elapsed: 02:25 remaining: 00:24]
RUNNING:  91%|█████████ | 136/150 [elapsed: 02:25 remaining: 00:14]
                                                                   

RUNNING:  91%|█████████ | 136/150 [elapsed: 02:25 remaining: 00:14]
RUNNING:  91%|█████████ | 136/150 [elapsed: 02:32 remaining: 00:14]
RUNNING:  95%|█████████▍| 142/150 [elapsed: 02:32 remaining: 00:08]
                                                                   

RUNNING:  95%|█████████▍| 142/150 [elapsed: 02:32 remaining: 00:08]
RUNNING:  95%|█████████▍| 142/150 [elapsed: 02:37 remaining: 00:08]
RUNNING:  98%|█████████▊| 147/150 [elapsed: 02:37 remaining: 00:03]
                                                                   

RUNNING:  98%|█████████▊| 147/150 [elapsed: 02:37 remaining: 00:03]
RUNNING:  98%|█████████▊| 147/150 [elapsed: 02:43 remaining: 00:03]
RUNNING: |          | 152/? [elapsed: 02:43 remaining: 00:00]      
                                                             

RUNNING: |          | 152/? [elapsed: 02:43 remaining: 00:00]
RUNNING: |          | 152/? [elapsed: 02:52 remaining: 00:00]
RUNNING: |          | 161/? [elapsed: 02:52 remaining: 00:00]
                                                             

RUNNING: |          | 161/? [elapsed: 02:52 remaining: 00:00]
RUNNING: |          | 161/? [elapsed: 03:00 remaining: 00:00]
RUNNING: |          | 168/? [elapsed: 03:00 remaining: 00:00]
                                                             

RUNNING: |          | 168/? [elapsed: 03:00 remaining: 00:00]
RUNNING: |          | 168/? [elapsed: 03:06 remaining: 00:00]
RUNNING: |          | 174/? [elapsed: 03:06 remaining: 00:00]
                                                             

RUNNING: |          | 174/? [elapsed: 03:06 remaining: 00:00]
RUNNING: |          | 174/? [elapsed: 03:16 remaining: 00:00]
RUNNING: |          | 183/? [elapsed: 03:16 remaining: 00:00]
                                                             

RUNNING: |          | 183/? [elapsed: 03:16 remaining: 00:00]
RUNNING: |          | 183/? [elapsed: 03:24 remaining: 00:00]
RUNNING: |          | 191/? [elapsed: 03:24 remaining: 00:00]
                                                             

RUNNING: |          | 191/? [elapsed: 03:24 remaining: 00:00]
RUNNING: |          | 191/? [elapsed: 03:30 remaining: 00:00]
RUNNING: |          | 196/? [elapsed: 03:30 remaining: 00:00]
                                                             

RUNNING: |          | 196/? [elapsed: 03:30 remaining: 00:00]
RUNNING: |          | 196/? [elapsed: 03:40 remaining: 00:00]
RUNNING: |          | 206/? [elapsed: 03:40 remaining: 00:00]
                                                             

RUNNING: |          | 206/? [elapsed: 03:40 remaining: 00:00]
RUNNING: |          | 206/? [elapsed: 03:48 remaining: 00:00]
RUNNING: |          | 213/? [elapsed: 03:48 remaining: 00:00]
                                                             

RUNNING: |          | 213/? [elapsed: 03:48 remaining: 00:00]
RUNNING: |          | 213/? [elapsed: 03:57 remaining: 00:00]
RUNNING: |          | 222/? [elapsed: 03:57 remaining: 00:00]
                                                             

RUNNING: |          | 222/? [elapsed: 03:57 remaining: 00:00]
RUNNING: |          | 222/? [elapsed: 04:08 remaining: 00:00]
RUNNING: |          | 232/? [elapsed: 04:08 remaining: 00:00]
                                                             

RUNNING: |          | 232/? [elapsed: 04:08 remaining: 00:00]
RUNNING: |          | 232/? [elapsed: 04:17 remaining: 00:00]
RUNNING: |          | 241/? [elapsed: 04:17 remaining: 00:00]
                                                             

RUNNING: |          | 241/? [elapsed: 04:17 remaining: 00:00]
RUNNING: |          | 241/? [elapsed: 04:27 remaining: 00:00]
RUNNING: |          | 250/? [elapsed: 04:27 remaining: 00:00]
                                                             

RUNNING: |          | 250/? [elapsed: 04:27 remaining: 00:00]
RUNNING: |          | 250/? [elapsed: 04:32 remaining: 00:00]
RUNNING: |          | 255/? [elapsed: 04:32 remaining: 00:00]
                                                             

RUNNING: |          | 255/? [elapsed: 04:32 remaining: 00:00]
RUNNING: |          | 255/? [elapsed: 04:39 remaining: 00:00]
RUNNING: |          | 261/? [elapsed: 04:39 remaining: 00:00]
                                                             

RUNNING: |          | 261/? [elapsed: 04:39 remaining: 00:00]
RUNNING: |          | 261/? [elapsed: 04:46 remaining: 00:00]
RUNNING: |          | 268/? [elapsed: 04:46 remaining: 00:00]
                                                             

RUNNING: |          | 268/? [elapsed: 04:46 remaining: 00:00]
RUNNING: |          | 268/? [elapsed: 04:55 remaining: 00:00]
RUNNING: |          | 276/? [elapsed: 04:55 remaining: 00:00]
                                                             

RUNNING: |          | 276/? [elapsed: 04:55 remaining: 00:00]
RUNNING: |          | 276/? [elapsed: 05:02 remaining: 00:00]
RUNNING: |          | 281/? [elapsed: 05:02 remaining: 00:00]
                                                             

RUNNING: |          | 281/? [elapsed: 05:02 remaining: 00:00]
RUNNING: |          | 281/? [elapsed: 05:10 remaining: 00:00]
RUNNING: |          | 289/? [elapsed: 05:10 remaining: 00:00]
                                                             

RUNNING: |          | 289/? [elapsed: 05:10 remaining: 00:00]
RUNNING: |          | 289/? [elapsed: 05:20 remaining: 00:00]
RUNNING: |          | 298/? [elapsed: 05:20 remaining: 00:00]
                                                             

RUNNING: |          | 298/? [elapsed: 05:20 remaining: 00:00]
RUNNING: |          | 298/? [elapsed: 05:30 remaining: 00:00]
RUNNING: |          | 308/? [elapsed: 05:30 remaining: 00:00]
                                                             

RUNNING: |          | 308/? [elapsed: 05:30 remaining: 00:00]
RUNNING: |          | 308/? [elapsed: 05:37 remaining: 00:00]
RUNNING: |          | 314/? [elapsed: 05:37 remaining: 00:00]
                                                             

RUNNING: |          | 314/? [elapsed: 05:37 remaining: 00:00]
RUNNING: |          | 314/? [elapsed: 05:45 remaining: 00:00]
RUNNING: |          | 322/? [elapsed: 05:45 remaining: 00:00]
                                                             

RUNNING: |          | 322/? [elapsed: 05:45 remaining: 00:00]
RUNNING: |          | 322/? [elapsed: 05:51 remaining: 00:00]
RUNNING: |          | 327/? [elapsed: 05:51 remaining: 00:00]
                                                             

RUNNING: |          | 327/? [elapsed: 05:51 remaining: 00:00]
RUNNING: |          | 327/? [elapsed: 05:58 remaining: 00:00]
RUNNING: |          | 334/? [elapsed: 05:58 remaining: 00:00]
                                                             

RUNNING: |          | 334/? [elapsed: 05:58 remaining: 00:00]
RUNNING: |          | 334/? [elapsed: 06:04 remaining: 00:00]
RUNNING: |          | 339/? [elapsed: 06:04 remaining: 00:00]
                                                             

RUNNING: |          | 339/? [elapsed: 06:04 remaining: 00:00]
RUNNING: |          | 339/? [elapsed: 06:14 remaining: 00:00]
RUNNING: |          | 349/? [elapsed: 06:14 remaining: 00:00]
                                                             

RUNNING: |          | 349/? [elapsed: 06:14 remaining: 00:00]
RUNNING: |          | 349/? [elapsed: 06:24 remaining: 00:00]
RUNNING: |          | 358/? [elapsed: 06:24 remaining: 00:00]
                                                             

RUNNING: |          | 358/? [elapsed: 06:24 remaining: 00:00]
RUNNING: |          | 358/? [elapsed: 06:34 remaining: 00:00]
RUNNING: |          | 368/? [elapsed: 06:34 remaining: 00:00]
                                                             

RUNNING: |          | 368/? [elapsed: 06:34 remaining: 00:00]
RUNNING: |          | 368/? [elapsed: 06:45 remaining: 00:00]
RUNNING: |          | 378/? [elapsed: 06:45 remaining: 00:00]
                                                             

RUNNING: |          | 378/? [elapsed: 06:45 remaining: 00:00]
RUNNING: |          | 378/? [elapsed: 06:55 remaining: 00:00]
RUNNING: |          | 388/? [elapsed: 06:55 remaining: 00:00]
                                                             

RUNNING: |          | 388/? [elapsed: 06:55 remaining: 00:00]
RUNNING: |          | 388/? [elapsed: 07:02 remaining: 00:00]
RUNNING: |          | 394/? [elapsed: 07:02 remaining: 00:00]
                                                             

RUNNING: |          | 394/? [elapsed: 07:02 remaining: 00:00]
RUNNING: |          | 394/? [elapsed: 07:08 remaining: 00:00]
RUNNING: |          | 400/? [elapsed: 07:08 remaining: 00:00]
                                                             

RUNNING: |          | 400/? [elapsed: 07:08 remaining: 00:00]
RUNNING: |          | 400/? [elapsed: 07:14 remaining: 00:00]
RUNNING: |          | 405/? [elapsed: 07:14 remaining: 00:00]
                                                             

RUNNING: |          | 405/? [elapsed: 07:14 remaining: 00:00]
RUNNING: |          | 405/? [elapsed: 07:22 remaining: 00:00]
RUNNING: |          | 413/? [elapsed: 07:22 remaining: 00:00]
                                                             

RUNNING: |          | 413/? [elapsed: 07:22 remaining: 00:00]
RUNNING: |          | 413/? [elapsed: 07:29 remaining: 00:00]
RUNNING: |          | 419/? [elapsed: 07:29 remaining: 00:00]
                                                             

RUNNING: |          | 419/? [elapsed: 07:29 remaining: 00:00]
RUNNING: |          | 419/? [elapsed: 07:37 remaining: 00:00]
RUNNING: |          | 427/? [elapsed: 07:37 remaining: 00:00]
                                                             

RUNNING: |          | 427/? [elapsed: 07:37 remaining: 00:00]
RUNNING: |          | 427/? [elapsed: 07:46 remaining: 00:00]
RUNNING: |          | 435/? [elapsed: 07:46 remaining: 00:00]
                                                             

RUNNING: |          | 435/? [elapsed: 07:46 remaining: 00:00]
RUNNING: |          | 435/? [elapsed: 07:51 remaining: 00:00]
RUNNING: |          | 440/? [elapsed: 07:51 remaining: 00:00]
                                                             

RUNNING: |          | 440/? [elapsed: 07:51 remaining: 00:00]
RUNNING: |          | 440/? [elapsed: 07:58 remaining: 00:00]
RUNNING: |          | 446/? [elapsed: 07:58 remaining: 00:00]
                                                             

RUNNING: |          | 446/? [elapsed: 07:58 remaining: 00:00]
RUNNING: |          | 446/? [elapsed: 08:04 remaining: 00:00]
RUNNING: |          | 452/? [elapsed: 08:04 remaining: 00:00]
                                                             

RUNNING: |          | 452/? [elapsed: 08:04 remaining: 00:00]
RUNNING: |          | 452/? [elapsed: 08:10 remaining: 00:00]
RUNNING: |          | 457/? [elapsed: 08:10 remaining: 00:00]
                                                             

RUNNING: |          | 457/? [elapsed: 08:10 remaining: 00:00]
RUNNING: |          | 457/? [elapsed: 08:15 remaining: 00:00]
RUNNING: |          | 462/? [elapsed: 08:15 remaining: 00:00]
                                                             

RUNNING: |          | 462/? [elapsed: 08:15 remaining: 00:00]
RUNNING: |          | 462/? [elapsed: 08:26 remaining: 00:00]
RUNNING: |          | 472/? [elapsed: 08:26 remaining: 00:00]
                                                             

RUNNING: |          | 472/? [elapsed: 08:26 remaining: 00:00]
COMPLETE: |          | 472/? [elapsed: 08:34 remaining: 00:00]
COMPLETE: |          | 472/? [elapsed: 08:36 remaining: 00:00]
2026-06-23 06:13:45,447 Sleeping for 9s. Reason: PENDING
2026-06-23 06:13:54,972 Sleeping for 7s. Reason: RUNNING
2026-06-23 06:14:02,482 Sleeping for 9s. Reason: RUNNING
2026-06-23 06:14:11,991 Sleeping for 7s. Reason: RUNNING
2026-06-23 06:14:19,480 Sleeping for 5s. Reason: RUNNING
2026-06-23 06:14:24,975 Sleeping for 6s. Reason: RUNNING
2026-06-23 06:14:31,500 Sleeping for 7s. Reason: RUNNING
2026-06-23 06:14:39,017 Sleeping for 6s. Reason: RUNNING
2026-06-23 06:14:45,513 Sleeping for 6s. Reason: RUNNING
2026-06-23 06:14:52,002 Sleeping for 8s. Reason: RUNNING
2026-06-23 06:15:00,489 Sleeping for 10s. Reason: RUNNING
2026-06-23 06:15:10,985 Sleeping for 9s. Reason: RUNNING
2026-06-23 06:15:20,490 Sleeping for 6s. Reason: RUNNING
2026-06-23 06:15:26,986 Sleeping for 6s. Reason: RUNNING
2026-06-23 06:15:33,483 Sleeping for 9s. Reason: RUNNING
2026-06-23 06:15:42,973 Sleeping for 9s. Reason: RUNNING
2026-06-23 06:15:52,502 Sleeping for 8s. Reason: RUNNING
2026-06-23 06:16:01,023 Sleeping for 9s. Reason: RUNNING
2026-06-23 06:16:10,532 Sleeping for 6s. Reason: RUNNING
2026-06-23 06:16:17,031 Sleeping for 5s. Reason: RUNNING
2026-06-23 06:16:22,533 Sleeping for 5s. Reason: RUNNING
2026-06-23 06:16:28,039 Sleeping for 9s. Reason: RUNNING
2026-06-23 06:16:37,515 Sleeping for 7s. Reason: RUNNING
2026-06-23 06:16:45,018 Sleeping for 6s. Reason: RUNNING
2026-06-23 06:16:51,536 Sleeping for 9s. Reason: RUNNING
2026-06-23 06:17:01,029 Sleeping for 8s. Reason: RUNNING
2026-06-23 06:17:09,553 Sleeping for 5s. Reason: RUNNING
2026-06-23 06:17:15,046 Sleeping for 10s. Reason: RUNNING
2026-06-23 06:17:25,521 Sleeping for 7s. Reason: RUNNING
2026-06-23 06:17:33,049 Sleeping for 9s. Reason: RUNNING
2026-06-23 06:17:42,549 Sleeping for 10s. Reason: RUNNING
2026-06-23 06:17:53,067 Sleeping for 9s. Reason: RUNNING
2026-06-23 06:18:02,554 Sleeping for 9s. Reason: RUNNING
2026-06-23 06:18:12,053 Sleeping for 5s. Reason: RUNNING
2026-06-23 06:18:17,568 Sleeping for 6s. Reason: RUNNING
2026-06-23 06:18:24,118 Sleeping for 7s. Reason: RUNNING
2026-06-23 06:18:31,664 Sleeping for 8s. Reason: RUNNING
2026-06-23 06:18:40,217 Sleeping for 5s. Reason: RUNNING
2026-06-23 06:18:47,340 Sleeping for 8s. Reason: RUNNING
2026-06-23 06:18:55,857 Sleeping for 9s. Reason: RUNNING
2026-06-23 06:19:05,353 Sleeping for 10s. Reason: RUNNING
2026-06-23 06:19:15,848 Sleeping for 6s. Reason: RUNNING
2026-06-23 06:19:22,369 Sleeping for 8s. Reason: RUNNING
2026-06-23 06:19:30,857 Sleeping for 5s. Reason: RUNNING
2026-06-23 06:19:36,358 Sleeping for 7s. Reason: RUNNING
2026-06-23 06:19:43,867 Sleeping for 5s. Reason: RUNNING
2026-06-23 06:19:49,372 Sleeping for 10s. Reason: RUNNING
2026-06-23 06:19:59,862 Sleeping for 9s. Reason: RUNNING
2026-06-23 06:20:09,345 Sleeping for 10s. Reason: RUNNING
2026-06-23 06:20:19,852 Sleeping for 10s. Reason: RUNNING
2026-06-23 06:20:30,317 Sleeping for 10s. Reason: RUNNING
2026-06-23 06:20:40,818 Sleeping for 6s. Reason: RUNNING
2026-06-23 06:20:47,326 Sleeping for 6s. Reason: RUNNING
2026-06-23 06:20:53,822 Sleeping for 5s. Reason: RUNNING
2026-06-23 06:20:59,300 Sleeping for 8s. Reason: RUNNING
2026-06-23 06:21:07,775 Sleeping for 6s. Reason: RUNNING
2026-06-23 06:21:14,292 Sleeping for 8s. Reason: RUNNING
2026-06-23 06:21:22,777 Sleeping for 8s. Reason: RUNNING
2026-06-23 06:21:31,281 Sleeping for 5s. Reason: RUNNING
2026-06-23 06:21:36,803 Sleeping for 6s. Reason: RUNNING
2026-06-23 06:21:43,297 Sleeping for 6s. Reason: RUNNING
2026-06-23 06:21:49,778 Sleeping for 5s. Reason: RUNNING
2026-06-23 06:21:55,279 Sleeping for 5s. Reason: RUNNING
2026-06-23 06:22:00,766 Sleeping for 10s. Reason: RUNNING
2026-06-23 06:22:11,267 Sleeping for 8s. Reason: RUNNING
2026-06-23 06:23:02,981 Padding length to 1208
2026-06-23 06:24:55,893 alphafold2_ptm_model_1_seed_000 recycle=0 pLDDT=87.7 pTM=0.574
2026-06-23 06:26:46,347 alphafold2_ptm_model_1_seed_000 recycle=1 pLDDT=89.2 pTM=0.607 tol=7.21
2026-06-23 06:26:46,455 alphafold2_ptm_model_1_seed_000 took 223.4s (1 recycles)
2026-06-23 06:26:48,516 reranking models by 'plddt' metric
2026-06-23 06:26:48,520 rank_001_alphafold2_ptm_model_1_seed_000 pLDDT=89.2 pTM=0.607
2026-06-23 06:26:50,659 Query 58/62: Vitis_vinifera_g413230.p01_VCORE (length 1213)
    folding 58/62 · Vitis_vinifera_g413230.p01_VCORE (1213 aa)

  0%|          | 0/150 [elapsed: 00:00 remaining: ?]
SUBMIT:   0%|          | 0/150 [elapsed: 00:00 remaining: ?]
PENDING:   0%|          | 0/150 [elapsed: 00:00 remaining: ?]
                                                             

PENDING:   0%|          | 0/150 [elapsed: 00:00 remaining: ?]
RUNNING:   0%|          | 0/150 [elapsed: 00:07 remaining: ?]
RUNNING:   5%|▍         | 7/150 [elapsed: 00:07 remaining: 02:43]
                                                                 

RUNNING:   5%|▍         | 7/150 [elapsed: 00:07 remaining: 02:43]
RUNNING:   5%|▍         | 7/150 [elapsed: 00:17 remaining: 02:43]
RUNNING:  11%|█         | 16/150 [elapsed: 00:17 remaining: 02:25]
                                                                  

RUNNING:  11%|█         | 16/150 [elapsed: 00:17 remaining: 02:25]
RUNNING:  11%|█         | 16/150 [elapsed: 00:22 remaining: 02:25]
RUNNING:  14%|█▍        | 21/150 [elapsed: 00:22 remaining: 02:20]
                                                                  

RUNNING:  14%|█▍        | 21/150 [elapsed: 00:22 remaining: 02:20]
RUNNING:  14%|█▍        | 21/150 [elapsed: 00:30 remaining: 02:20]
RUNNING:  19%|█▊        | 28/150 [elapsed: 00:30 remaining: 02:12]
                                                                  

RUNNING:  19%|█▊        | 28/150 [elapsed: 00:30 remaining: 02:12]
RUNNING:  19%|█▊        | 28/150 [elapsed: 00:40 remaining: 02:12]
RUNNING:  25%|██▍       | 37/150 [elapsed: 00:40 remaining: 02:01]
                                                                  

RUNNING:  25%|██▍       | 37/150 [elapsed: 00:40 remaining: 02:01]
RUNNING:  25%|██▍       | 37/150 [elapsed: 00:46 remaining: 02:01]
RUNNING:  29%|██▊       | 43/150 [elapsed: 00:46 remaining: 01:55]
                                                                  

RUNNING:  29%|██▊       | 43/150 [elapsed: 00:46 remaining: 01:55]
RUNNING:  29%|██▊       | 43/150 [elapsed: 00:57 remaining: 01:55]
RUNNING:  35%|███▌      | 53/150 [elapsed: 00:57 remaining: 01:43]
                                                                  

RUNNING:  35%|███▌      | 53/150 [elapsed: 00:57 remaining: 01:43]
RUNNING:  35%|███▌      | 53/150 [elapsed: 01:03 remaining: 01:43]
RUNNING:  39%|███▉      | 59/150 [elapsed: 01:03 remaining: 01:37]
                                                                  

RUNNING:  39%|███▉      | 59/150 [elapsed: 01:03 remaining: 01:37]
RUNNING:  39%|███▉      | 59/150 [elapsed: 01:09 remaining: 01:37]
RUNNING:  43%|████▎     | 64/150 [elapsed: 01:09 remaining: 01:32]
                                                                  

RUNNING:  43%|████▎     | 64/150 [elapsed: 01:09 remaining: 01:32]
RUNNING:  43%|████▎     | 64/150 [elapsed: 01:17 remaining: 01:32]
RUNNING:  48%|████▊     | 72/150 [elapsed: 01:17 remaining: 01:23]
                                                                  

RUNNING:  48%|████▊     | 72/150 [elapsed: 01:17 remaining: 01:23]
RUNNING:  48%|████▊     | 72/150 [elapsed: 01:27 remaining: 01:23]
RUNNING:  55%|█████▍    | 82/150 [elapsed: 01:27 remaining: 01:12]
                                                                  

RUNNING:  55%|█████▍    | 82/150 [elapsed: 01:27 remaining: 01:12]
RUNNING:  55%|█████▍    | 82/150 [elapsed: 01:35 remaining: 01:12]
RUNNING:  59%|█████▉    | 89/150 [elapsed: 01:35 remaining: 01:04]
                                                                  

RUNNING:  59%|█████▉    | 89/150 [elapsed: 01:35 remaining: 01:04]
RUNNING:  59%|█████▉    | 89/150 [elapsed: 01:45 remaining: 01:04]
RUNNING:  66%|██████▌   | 99/150 [elapsed: 01:45 remaining: 00:53]
                                                                  

RUNNING:  66%|██████▌   | 99/150 [elapsed: 01:45 remaining: 00:53]
RUNNING:  66%|██████▌   | 99/150 [elapsed: 01:56 remaining: 00:53]
RUNNING:  73%|███████▎  | 109/150 [elapsed: 01:56 remaining: 00:43]
                                                                   

RUNNING:  73%|███████▎  | 109/150 [elapsed: 01:56 remaining: 00:43]
RUNNING:  73%|███████▎  | 109/150 [elapsed: 02:05 remaining: 00:43]
RUNNING:  79%|███████▊  | 118/150 [elapsed: 02:05 remaining: 00:33]
                                                                   

RUNNING:  79%|███████▊  | 118/150 [elapsed: 02:05 remaining: 00:33]
RUNNING:  79%|███████▊  | 118/150 [elapsed: 02:14 remaining: 00:33]
RUNNING:  84%|████████▍ | 126/150 [elapsed: 02:14 remaining: 00:25]
                                                                   

RUNNING:  84%|████████▍ | 126/150 [elapsed: 02:14 remaining: 00:25]
RUNNING:  84%|████████▍ | 126/150 [elapsed: 02:19 remaining: 00:25]
RUNNING:  87%|████████▋ | 131/150 [elapsed: 02:19 remaining: 00:20]
                                                                   

RUNNING:  87%|████████▋ | 131/150 [elapsed: 02:19 remaining: 00:20]
RUNNING:  87%|████████▋ | 131/150 [elapsed: 02:28 remaining: 00:20]
RUNNING:  93%|█████████▎| 139/150 [elapsed: 02:28 remaining: 00:11]
                                                                   

RUNNING:  93%|█████████▎| 139/150 [elapsed: 02:28 remaining: 00:11]
RUNNING:  93%|█████████▎| 139/150 [elapsed: 02:36 remaining: 00:11]
RUNNING:  98%|█████████▊| 147/150 [elapsed: 02:36 remaining: 00:03]
                                                                   

RUNNING:  98%|█████████▊| 147/150 [elapsed: 02:36 remaining: 00:03]
RUNNING:  98%|█████████▊| 147/150 [elapsed: 02:43 remaining: 00:03]
RUNNING: |          | 153/? [elapsed: 02:43 remaining: 00:00]      
                                                             

RUNNING: |          | 153/? [elapsed: 02:43 remaining: 00:00]
RUNNING: |          | 153/? [elapsed: 02:49 remaining: 00:00]
RUNNING: |          | 159/? [elapsed: 02:49 remaining: 00:00]
                                                             

RUNNING: |          | 159/? [elapsed: 02:49 remaining: 00:00]
RUNNING: |          | 159/? [elapsed: 02:58 remaining: 00:00]
RUNNING: |          | 167/? [elapsed: 02:58 remaining: 00:00]
                                                             

RUNNING: |          | 167/? [elapsed: 02:58 remaining: 00:00]
RUNNING: |          | 167/? [elapsed: 03:03 remaining: 00:00]
RUNNING: |          | 172/? [elapsed: 03:03 remaining: 00:00]
                                                             

RUNNING: |          | 172/? [elapsed: 03:03 remaining: 00:00]
RUNNING: |          | 172/? [elapsed: 03:12 remaining: 00:00]
RUNNING: |          | 180/? [elapsed: 03:12 remaining: 00:00]
                                                             

RUNNING: |          | 180/? [elapsed: 03:12 remaining: 00:00]
RUNNING: |          | 180/? [elapsed: 03:19 remaining: 00:00]
RUNNING: |          | 186/? [elapsed: 03:19 remaining: 00:00]
                                                             

RUNNING: |          | 186/? [elapsed: 03:19 remaining: 00:00]
RUNNING: |          | 186/? [elapsed: 03:26 remaining: 00:00]
RUNNING: |          | 193/? [elapsed: 03:26 remaining: 00:00]
                                                             

RUNNING: |          | 193/? [elapsed: 03:26 remaining: 00:00]
RUNNING: |          | 193/? [elapsed: 03:35 remaining: 00:00]
RUNNING: |          | 201/? [elapsed: 03:35 remaining: 00:00]
                                                             

RUNNING: |          | 201/? [elapsed: 03:35 remaining: 00:00]
RUNNING: |          | 201/? [elapsed: 03:40 remaining: 00:00]
RUNNING: |          | 206/? [elapsed: 03:40 remaining: 00:00]
                                                             

RUNNING: |          | 206/? [elapsed: 03:40 remaining: 00:00]
RUNNING: |          | 206/? [elapsed: 03:47 remaining: 00:00]
RUNNING: |          | 212/? [elapsed: 03:47 remaining: 00:00]
                                                             

RUNNING: |          | 212/? [elapsed: 03:47 remaining: 00:00]
RUNNING: |          | 212/? [elapsed: 03:57 remaining: 00:00]
RUNNING: |          | 222/? [elapsed: 03:57 remaining: 00:00]
                                                             

RUNNING: |          | 222/? [elapsed: 03:57 remaining: 00:00]
RUNNING: |          | 222/? [elapsed: 04:07 remaining: 00:00]
RUNNING: |          | 232/? [elapsed: 04:07 remaining: 00:00]
                                                             

RUNNING: |          | 232/? [elapsed: 04:07 remaining: 00:00]
RUNNING: |          | 232/? [elapsed: 04:17 remaining: 00:00]
RUNNING: |          | 241/? [elapsed: 04:17 remaining: 00:00]
                                                             

RUNNING: |          | 241/? [elapsed: 04:17 remaining: 00:00]
RUNNING: |          | 241/? [elapsed: 04:25 remaining: 00:00]
RUNNING: |          | 249/? [elapsed: 04:25 remaining: 00:00]
                                                             

RUNNING: |          | 249/? [elapsed: 04:25 remaining: 00:00]
RUNNING: |          | 249/? [elapsed: 04:36 remaining: 00:00]
RUNNING: |          | 259/? [elapsed: 04:36 remaining: 00:00]
                                                             

RUNNING: |          | 259/? [elapsed: 04:36 remaining: 00:00]
RUNNING: |          | 259/? [elapsed: 04:45 remaining: 00:00]
RUNNING: |          | 268/? [elapsed: 04:45 remaining: 00:00]
                                                             

RUNNING: |          | 268/? [elapsed: 04:45 remaining: 00:00]
RUNNING: |          | 268/? [elapsed: 04:55 remaining: 00:00]
RUNNING: |          | 277/? [elapsed: 04:55 remaining: 00:00]
                                                             

RUNNING: |          | 277/? [elapsed: 04:55 remaining: 00:00]
RUNNING: |          | 277/? [elapsed: 05:01 remaining: 00:00]
RUNNING: |          | 283/? [elapsed: 05:01 remaining: 00:00]
                                                             

RUNNING: |          | 283/? [elapsed: 05:01 remaining: 00:00]
RUNNING: |          | 283/? [elapsed: 05:11 remaining: 00:00]
RUNNING: |          | 292/? [elapsed: 05:11 remaining: 00:00]
                                                             

RUNNING: |          | 292/? [elapsed: 05:11 remaining: 00:00]
RUNNING: |          | 292/? [elapsed: 05:16 remaining: 00:00]
RUNNING: |          | 297/? [elapsed: 05:16 remaining: 00:00]
                                                             

RUNNING: |          | 297/? [elapsed: 05:16 remaining: 00:00]
RUNNING: |          | 297/? [elapsed: 05:27 remaining: 00:00]
RUNNING: |          | 307/? [elapsed: 05:27 remaining: 00:00]
                                                             

RUNNING: |          | 307/? [elapsed: 05:27 remaining: 00:00]
RUNNING: |          | 307/? [elapsed: 05:32 remaining: 00:00]
RUNNING: |          | 312/? [elapsed: 05:32 remaining: 00:00]
                                                             

RUNNING: |          | 312/? [elapsed: 05:32 remaining: 00:00]
RUNNING: |          | 312/? [elapsed: 05:44 remaining: 00:00]
RUNNING: |          | 322/? [elapsed: 05:44 remaining: 00:00]
                                                             

RUNNING: |          | 322/? [elapsed: 05:44 remaining: 00:00]
RUNNING: |          | 322/? [elapsed: 05:52 remaining: 00:00]
RUNNING: |          | 329/? [elapsed: 05:52 remaining: 00:00]
                                                             

RUNNING: |          | 329/? [elapsed: 05:52 remaining: 00:00]
RUNNING: |          | 329/? [elapsed: 05:57 remaining: 00:00]
RUNNING: |          | 334/? [elapsed: 05:57 remaining: 00:00]
                                                             

RUNNING: |          | 334/? [elapsed: 05:57 remaining: 00:00]
RUNNING: |          | 334/? [elapsed: 06:03 remaining: 00:00]
RUNNING: |          | 339/? [elapsed: 06:03 remaining: 00:00]
                                                             

RUNNING: |          | 339/? [elapsed: 06:03 remaining: 00:00]
RUNNING: |          | 339/? [elapsed: 06:09 remaining: 00:00]
RUNNING: |          | 345/? [elapsed: 06:09 remaining: 00:00]
                                                             

RUNNING: |          | 345/? [elapsed: 06:09 remaining: 00:00]
RUNNING: |          | 345/? [elapsed: 06:16 remaining: 00:00]
RUNNING: |          | 351/? [elapsed: 06:16 remaining: 00:00]
                                                             

RUNNING: |          | 351/? [elapsed: 06:16 remaining: 00:00]
RUNNING: |          | 351/? [elapsed: 06:22 remaining: 00:00]
RUNNING: |          | 357/? [elapsed: 06:22 remaining: 00:00]
                                                             

RUNNING: |          | 357/? [elapsed: 06:22 remaining: 00:00]
RUNNING: |          | 357/? [elapsed: 06:29 remaining: 00:00]
RUNNING: |          | 363/? [elapsed: 06:29 remaining: 00:00]
                                                             

RUNNING: |          | 363/? [elapsed: 06:29 remaining: 00:00]
RUNNING: |          | 363/? [elapsed: 06:35 remaining: 00:00]
RUNNING: |          | 369/? [elapsed: 06:35 remaining: 00:00]
                                                             

RUNNING: |          | 369/? [elapsed: 06:35 remaining: 00:00]
RUNNING: |          | 369/? [elapsed: 06:46 remaining: 00:00]
RUNNING: |          | 379/? [elapsed: 06:46 remaining: 00:00]
                                                             

RUNNING: |          | 379/? [elapsed: 06:46 remaining: 00:00]
RUNNING: |          | 379/? [elapsed: 06:55 remaining: 00:00]
RUNNING: |          | 388/? [elapsed: 06:55 remaining: 00:00]
                                                             

RUNNING: |          | 388/? [elapsed: 06:55 remaining: 00:00]
RUNNING: |          | 388/? [elapsed: 07:03 remaining: 00:00]
RUNNING: |          | 395/? [elapsed: 07:03 remaining: 00:00]
                                                             

RUNNING: |          | 395/? [elapsed: 07:03 remaining: 00:00]
RUNNING: |          | 395/? [elapsed: 07:11 remaining: 00:00]
RUNNING: |          | 403/? [elapsed: 07:11 remaining: 00:00]
                                                             

RUNNING: |          | 403/? [elapsed: 07:11 remaining: 00:00]
RUNNING: |          | 403/? [elapsed: 07:18 remaining: 00:00]
RUNNING: |          | 409/? [elapsed: 07:18 remaining: 00:00]
                                                             

RUNNING: |          | 409/? [elapsed: 07:18 remaining: 00:00]
RUNNING: |          | 409/? [elapsed: 07:28 remaining: 00:00]
RUNNING: |          | 419/? [elapsed: 07:28 remaining: 00:00]
                                                             

RUNNING: |          | 419/? [elapsed: 07:28 remaining: 00:00]
RUNNING: |          | 419/? [elapsed: 07:36 remaining: 00:00]
RUNNING: |          | 426/? [elapsed: 07:36 remaining: 00:00]
                                                             

RUNNING: |          | 426/? [elapsed: 07:36 remaining: 00:00]
COMPLETE: |          | 426/? [elapsed: 07:42 remaining: 00:00]
COMPLETE: |          | 426/? [elapsed: 07:44 remaining: 00:00]
2026-06-23 06:26:51,248 Sleeping for 7s. Reason: PENDING
2026-06-23 06:26:58,748 Sleeping for 9s. Reason: RUNNING
2026-06-23 06:27:08,235 Sleeping for 5s. Reason: RUNNING
2026-06-23 06:27:13,743 Sleeping for 7s. Reason: RUNNING
2026-06-23 06:27:21,244 Sleeping for 9s. Reason: RUNNING
2026-06-23 06:27:30,765 Sleeping for 6s. Reason: RUNNING
2026-06-23 06:27:37,255 Sleeping for 10s. Reason: RUNNING
2026-06-23 06:27:47,757 Sleeping for 6s. Reason: RUNNING
2026-06-23 06:27:54,265 Sleeping for 5s. Reason: RUNNING
2026-06-23 06:27:59,790 Sleeping for 8s. Reason: RUNNING
2026-06-23 06:28:08,269 Sleeping for 10s. Reason: RUNNING
2026-06-23 06:28:18,754 Sleeping for 7s. Reason: RUNNING
2026-06-23 06:28:26,239 Sleeping for 10s. Reason: RUNNING
2026-06-23 06:28:36,714 Sleeping for 10s. Reason: RUNNING
2026-06-23 06:28:47,221 Sleeping for 9s. Reason: RUNNING
2026-06-23 06:28:56,716 Sleeping for 8s. Reason: RUNNING
2026-06-23 06:29:05,186 Sleeping for 5s. Reason: RUNNING
2026-06-23 06:29:10,700 Sleeping for 8s. Reason: RUNNING
2026-06-23 06:29:19,186 Sleeping for 8s. Reason: RUNNING
2026-06-23 06:29:27,713 Sleeping for 6s. Reason: RUNNING
2026-06-23 06:29:34,211 Sleeping for 6s. Reason: RUNNING
2026-06-23 06:29:40,721 Sleeping for 8s. Reason: RUNNING
2026-06-23 06:29:49,233 Sleeping for 5s. Reason: RUNNING
2026-06-23 06:29:54,741 Sleeping for 8s. Reason: RUNNING
2026-06-23 06:30:03,238 Sleeping for 6s. Reason: RUNNING
2026-06-23 06:30:09,760 Sleeping for 7s. Reason: RUNNING
2026-06-23 06:30:17,235 Sleeping for 8s. Reason: RUNNING
2026-06-23 06:30:25,777 Sleeping for 5s. Reason: RUNNING
2026-06-23 06:30:31,279 Sleeping for 6s. Reason: RUNNING
2026-06-23 06:30:37,790 Sleeping for 10s. Reason: RUNNING
2026-06-23 06:30:48,272 Sleeping for 10s. Reason: RUNNING
2026-06-23 06:30:58,749 Sleeping for 9s. Reason: RUNNING
2026-06-23 06:31:08,232 Sleeping for 8s. Reason: RUNNING
2026-06-23 06:31:16,733 Sleeping for 10s. Reason: RUNNING
2026-06-23 06:31:27,258 Sleeping for 9s. Reason: RUNNING
2026-06-23 06:31:36,752 Sleeping for 9s. Reason: RUNNING
2026-06-23 06:31:46,237 Sleeping for 6s. Reason: RUNNING
2026-06-23 06:31:52,733 Sleeping for 9s. Reason: RUNNING
2026-06-23 06:32:02,227 Sleeping for 5s. Reason: RUNNING
2026-06-23 06:32:07,748 Sleeping for 10s. Reason: RUNNING
2026-06-23 06:32:18,258 Sleeping for 5s. Reason: RUNNING
2026-06-23 06:32:23,755 Sleeping for 10s. Reason: RUNNING
2026-06-23 06:32:35,243 Sleeping for 7s. Reason: RUNNING
2026-06-23 06:32:42,913 Sleeping for 5s. Reason: RUNNING
2026-06-23 06:32:48,417 Sleeping for 5s. Reason: RUNNING
2026-06-23 06:32:53,903 Sleeping for 6s. Reason: RUNNING
2026-06-23 06:33:00,386 Sleeping for 6s. Reason: RUNNING
2026-06-23 06:33:06,889 Sleeping for 6s. Reason: RUNNING
2026-06-23 06:33:13,401 Sleeping for 6s. Reason: RUNNING
2026-06-23 06:33:19,919 Sleeping for 6s. Reason: RUNNING
2026-06-23 06:33:26,399 Sleeping for 10s. Reason: RUNNING
2026-06-23 06:33:36,904 Sleeping for 9s. Reason: RUNNING
2026-06-23 06:33:46,417 Sleeping for 7s. Reason: RUNNING
2026-06-23 06:33:53,905 Sleeping for 8s. Reason: RUNNING
2026-06-23 06:34:02,421 Sleeping for 6s. Reason: RUNNING
2026-06-23 06:34:08,894 Sleeping for 10s. Reason: RUNNING
2026-06-23 06:34:19,407 Sleeping for 7s. Reason: RUNNING
2026-06-23 06:34:26,920 Sleeping for 6s. Reason: RUNNING
2026-06-23 06:35:18,680 Padding length to 1223
2026-06-23 06:38:14,605 alphafold2_ptm_model_1_seed_000 recycle=0 pLDDT=87.4 pTM=0.564
2026-06-23 06:40:12,217 alphafold2_ptm_model_1_seed_000 recycle=1 pLDDT=89.2 pTM=0.605 tol=3.67
2026-06-23 06:40:12,220 alphafold2_ptm_model_1_seed_000 took 293.5s (1 recycles)
2026-06-23 06:40:13,652 reranking models by 'plddt' metric
2026-06-23 06:40:13,653 rank_001_alphafold2_ptm_model_1_seed_000 pLDDT=89.2 pTM=0.605
2026-06-23 06:40:15,195 Query 59/62: Vitis_vinifera_g357670.p01_VCORE (length 1239)
    folding 59/62 · Vitis_vinifera_g357670.p01_VCORE (1239 aa)

  0%|          | 0/150 [elapsed: 00:00 remaining: ?]
SUBMIT:   0%|          | 0/150 [elapsed: 00:00 remaining: ?]
PENDING:   0%|          | 0/150 [elapsed: 00:00 remaining: ?]
                                                             

PENDING:   0%|          | 0/150 [elapsed: 00:00 remaining: ?]
RUNNING:   0%|          | 0/150 [elapsed: 00:10 remaining: ?]
RUNNING:   6%|▌         | 9/150 [elapsed: 00:10 remaining: 02:38]
                                                                 

RUNNING:   6%|▌         | 9/150 [elapsed: 00:10 remaining: 02:38]
RUNNING:   6%|▌         | 9/150 [elapsed: 00:15 remaining: 02:38]
RUNNING:   9%|▉         | 14/150 [elapsed: 00:15 remaining: 02:31]
                                                                  

RUNNING:   9%|▉         | 14/150 [elapsed: 00:15 remaining: 02:31]
RUNNING:   9%|▉         | 14/150 [elapsed: 00:21 remaining: 02:31]
RUNNING:  13%|█▎        | 19/150 [elapsed: 00:21 remaining: 02:24]
                                                                  

RUNNING:  13%|█▎        | 19/150 [elapsed: 00:21 remaining: 02:24]
RUNNING:  13%|█▎        | 19/150 [elapsed: 00:28 remaining: 02:24]
RUNNING:  17%|█▋        | 26/150 [elapsed: 00:28 remaining: 02:15]
                                                                  

RUNNING:  17%|█▋        | 26/150 [elapsed: 00:28 remaining: 02:15]
RUNNING:  17%|█▋        | 26/150 [elapsed: 00:36 remaining: 02:15]
RUNNING:  22%|██▏       | 33/150 [elapsed: 00:36 remaining: 02:06]
                                                                  

RUNNING:  22%|██▏       | 33/150 [elapsed: 00:36 remaining: 02:06]
RUNNING:  22%|██▏       | 33/150 [elapsed: 00:43 remaining: 02:06]
RUNNING:  27%|██▋       | 40/150 [elapsed: 00:43 remaining: 01:58]
                                                                  

RUNNING:  27%|██▋       | 40/150 [elapsed: 00:43 remaining: 01:58]
RUNNING:  27%|██▋       | 40/150 [elapsed: 00:53 remaining: 01:58]
RUNNING:  33%|███▎      | 49/150 [elapsed: 00:53 remaining: 01:48]
                                                                  

RUNNING:  33%|███▎      | 49/150 [elapsed: 00:53 remaining: 01:48]
RUNNING:  33%|███▎      | 49/150 [elapsed: 00:59 remaining: 01:48]
RUNNING:  37%|███▋      | 55/150 [elapsed: 00:59 remaining: 01:41]
                                                                  

RUNNING:  37%|███▋      | 55/150 [elapsed: 00:59 remaining: 01:41]
RUNNING:  37%|███▋      | 55/150 [elapsed: 01:06 remaining: 01:41]
RUNNING:  41%|████      | 61/150 [elapsed: 01:06 remaining: 01:35]
                                                                  

RUNNING:  41%|████      | 61/150 [elapsed: 01:06 remaining: 01:35]
RUNNING:  41%|████      | 61/150 [elapsed: 01:13 remaining: 01:35]
RUNNING:  45%|████▌     | 68/150 [elapsed: 01:13 remaining: 01:28]
                                                                  

RUNNING:  45%|████▌     | 68/150 [elapsed: 01:13 remaining: 01:28]
RUNNING:  45%|████▌     | 68/150 [elapsed: 01:21 remaining: 01:28]
RUNNING:  50%|█████     | 75/150 [elapsed: 01:21 remaining: 01:20]
                                                                  

RUNNING:  50%|█████     | 75/150 [elapsed: 01:21 remaining: 01:20]
RUNNING:  50%|█████     | 75/150 [elapsed: 01:26 remaining: 01:20]
RUNNING:  53%|█████▎    | 80/150 [elapsed: 01:26 remaining: 01:15]
                                                                  

RUNNING:  53%|█████▎    | 80/150 [elapsed: 01:26 remaining: 01:15]
RUNNING:  53%|█████▎    | 80/150 [elapsed: 01:33 remaining: 01:15]
RUNNING:  57%|█████▋    | 86/150 [elapsed: 01:33 remaining: 01:09]
                                                                  

RUNNING:  57%|█████▋    | 86/150 [elapsed: 01:33 remaining: 01:09]
RUNNING:  57%|█████▋    | 86/150 [elapsed: 01:41 remaining: 01:09]
RUNNING:  63%|██████▎   | 94/150 [elapsed: 01:41 remaining: 01:00]
                                                                  

RUNNING:  63%|██████▎   | 94/150 [elapsed: 01:41 remaining: 01:00]
RUNNING:  63%|██████▎   | 94/150 [elapsed: 01:51 remaining: 01:00]
RUNNING:  69%|██████▊   | 103/150 [elapsed: 01:51 remaining: 00:50]
                                                                   

RUNNING:  69%|██████▊   | 103/150 [elapsed: 01:51 remaining: 00:50]
RUNNING:  69%|██████▊   | 103/150 [elapsed: 01:57 remaining: 00:50]
RUNNING:  73%|███████▎  | 109/150 [elapsed: 01:57 remaining: 00:43]
                                                                   

RUNNING:  73%|███████▎  | 109/150 [elapsed: 01:57 remaining: 00:43]
RUNNING:  73%|███████▎  | 109/150 [elapsed: 02:02 remaining: 00:43]
RUNNING:  76%|███████▌  | 114/150 [elapsed: 02:02 remaining: 00:38]
                                                                   

RUNNING:  76%|███████▌  | 114/150 [elapsed: 02:02 remaining: 00:38]
RUNNING:  76%|███████▌  | 114/150 [elapsed: 02:09 remaining: 00:38]
RUNNING:  80%|████████  | 120/150 [elapsed: 02:09 remaining: 00:32]
                                                                   

RUNNING:  80%|████████  | 120/150 [elapsed: 02:09 remaining: 00:32]
RUNNING:  80%|████████  | 120/150 [elapsed: 02:15 remaining: 00:32]
RUNNING:  84%|████████▍ | 126/150 [elapsed: 02:15 remaining: 00:25]
                                                                   

RUNNING:  84%|████████▍ | 126/150 [elapsed: 02:15 remaining: 00:25]
RUNNING:  84%|████████▍ | 126/150 [elapsed: 02:23 remaining: 00:25]
RUNNING:  89%|████████▊ | 133/150 [elapsed: 02:23 remaining: 00:18]
                                                                   

RUNNING:  89%|████████▊ | 133/150 [elapsed: 02:23 remaining: 00:18]
RUNNING:  89%|████████▊ | 133/150 [elapsed: 02:30 remaining: 00:18]
RUNNING:  93%|█████████▎| 140/150 [elapsed: 02:30 remaining: 00:10]
                                                                   

RUNNING:  93%|█████████▎| 140/150 [elapsed: 02:30 remaining: 00:10]
RUNNING:  93%|█████████▎| 140/150 [elapsed: 02:37 remaining: 00:10]
RUNNING:  97%|█████████▋| 146/150 [elapsed: 02:37 remaining: 00:04]
                                                                   

RUNNING:  97%|█████████▋| 146/150 [elapsed: 02:37 remaining: 00:04]
RUNNING:  97%|█████████▋| 146/150 [elapsed: 02:45 remaining: 00:04]
RUNNING: |          | 154/? [elapsed: 02:45 remaining: 00:00]      
                                                             

RUNNING: |          | 154/? [elapsed: 02:45 remaining: 00:00]
RUNNING: |          | 154/? [elapsed: 02:55 remaining: 00:00]
RUNNING: |          | 163/? [elapsed: 02:55 remaining: 00:00]
                                                             

RUNNING: |          | 163/? [elapsed: 02:55 remaining: 00:00]
RUNNING: |          | 163/? [elapsed: 03:02 remaining: 00:00]
RUNNING: |          | 170/? [elapsed: 03:02 remaining: 00:00]
                                                             

RUNNING: |          | 170/? [elapsed: 03:02 remaining: 00:00]
RUNNING: |          | 170/? [elapsed: 03:08 remaining: 00:00]
RUNNING: |          | 175/? [elapsed: 03:08 remaining: 00:00]
                                                             

RUNNING: |          | 175/? [elapsed: 03:08 remaining: 00:00]
RUNNING: |          | 175/? [elapsed: 03:14 remaining: 00:00]
RUNNING: |          | 181/? [elapsed: 03:14 remaining: 00:00]
                                                             

RUNNING: |          | 181/? [elapsed: 03:14 remaining: 00:00]
RUNNING: |          | 181/? [elapsed: 03:25 remaining: 00:00]
RUNNING: |          | 191/? [elapsed: 03:25 remaining: 00:00]
                                                             

RUNNING: |          | 191/? [elapsed: 03:25 remaining: 00:00]
RUNNING: |          | 191/? [elapsed: 03:31 remaining: 00:00]
RUNNING: |          | 197/? [elapsed: 03:31 remaining: 00:00]
                                                             

RUNNING: |          | 197/? [elapsed: 03:31 remaining: 00:00]
RUNNING: |          | 197/? [elapsed: 03:41 remaining: 00:00]
RUNNING: |          | 206/? [elapsed: 03:41 remaining: 00:00]
                                                             

RUNNING: |          | 206/? [elapsed: 03:41 remaining: 00:00]
RUNNING: |          | 206/? [elapsed: 03:49 remaining: 00:00]
RUNNING: |          | 214/? [elapsed: 03:49 remaining: 00:00]
                                                             

RUNNING: |          | 214/? [elapsed: 03:49 remaining: 00:00]
RUNNING: |          | 214/? [elapsed: 03:59 remaining: 00:00]
RUNNING: |          | 223/? [elapsed: 03:59 remaining: 00:00]
                                                             

RUNNING: |          | 223/? [elapsed: 03:59 remaining: 00:00]
RUNNING: |          | 223/? [elapsed: 04:06 remaining: 00:00]
RUNNING: |          | 230/? [elapsed: 04:06 remaining: 00:00]
                                                             

RUNNING: |          | 230/? [elapsed: 04:06 remaining: 00:00]
RUNNING: |          | 230/? [elapsed: 04:13 remaining: 00:00]
RUNNING: |          | 236/? [elapsed: 04:13 remaining: 00:00]
                                                             

RUNNING: |          | 236/? [elapsed: 04:13 remaining: 00:00]
RUNNING: |          | 236/? [elapsed: 04:20 remaining: 00:00]
RUNNING: |          | 243/? [elapsed: 04:20 remaining: 00:00]
                                                             

RUNNING: |          | 243/? [elapsed: 04:20 remaining: 00:00]
RUNNING: |          | 243/? [elapsed: 04:26 remaining: 00:00]
RUNNING: |          | 248/? [elapsed: 04:26 remaining: 00:00]
                                                             

RUNNING: |          | 248/? [elapsed: 04:26 remaining: 00:00]
RUNNING: |          | 248/? [elapsed: 04:34 remaining: 00:00]
RUNNING: |          | 255/? [elapsed: 04:34 remaining: 00:00]
                                                             

RUNNING: |          | 255/? [elapsed: 04:34 remaining: 00:00]
RUNNING: |          | 255/? [elapsed: 04:43 remaining: 00:00]
RUNNING: |          | 264/? [elapsed: 04:43 remaining: 00:00]
                                                             

RUNNING: |          | 264/? [elapsed: 04:43 remaining: 00:00]
RUNNING: |          | 264/? [elapsed: 04:50 remaining: 00:00]
RUNNING: |          | 270/? [elapsed: 04:50 remaining: 00:00]
                                                             

RUNNING: |          | 270/? [elapsed: 04:50 remaining: 00:00]
RUNNING: |          | 270/? [elapsed: 05:00 remaining: 00:00]
RUNNING: |          | 280/? [elapsed: 05:00 remaining: 00:00]
                                                             

RUNNING: |          | 280/? [elapsed: 05:00 remaining: 00:00]
RUNNING: |          | 280/? [elapsed: 05:08 remaining: 00:00]
RUNNING: |          | 287/? [elapsed: 05:08 remaining: 00:00]
                                                             

RUNNING: |          | 287/? [elapsed: 05:08 remaining: 00:00]
RUNNING: |          | 287/? [elapsed: 05:15 remaining: 00:00]
RUNNING: |          | 292/? [elapsed: 05:15 remaining: 00:00]
                                                             

RUNNING: |          | 292/? [elapsed: 05:15 remaining: 00:00]
RUNNING: |          | 292/? [elapsed: 05:25 remaining: 00:00]
RUNNING: |          | 302/? [elapsed: 05:25 remaining: 00:00]
                                                             

RUNNING: |          | 302/? [elapsed: 05:25 remaining: 00:00]
RUNNING: |          | 302/? [elapsed: 05:34 remaining: 00:00]
RUNNING: |          | 310/? [elapsed: 05:34 remaining: 00:00]
                                                             

RUNNING: |          | 310/? [elapsed: 05:34 remaining: 00:00]
RUNNING: |          | 310/? [elapsed: 05:40 remaining: 00:00]
RUNNING: |          | 316/? [elapsed: 05:40 remaining: 00:00]
                                                             

RUNNING: |          | 316/? [elapsed: 05:40 remaining: 00:00]
RUNNING: |          | 316/? [elapsed: 05:48 remaining: 00:00]
RUNNING: |          | 323/? [elapsed: 05:48 remaining: 00:00]
                                                             

RUNNING: |          | 323/? [elapsed: 05:48 remaining: 00:00]
RUNNING: |          | 323/? [elapsed: 05:58 remaining: 00:00]
RUNNING: |          | 333/? [elapsed: 05:58 remaining: 00:00]
                                                             

RUNNING: |          | 333/? [elapsed: 05:58 remaining: 00:00]
RUNNING: |          | 333/? [elapsed: 06:08 remaining: 00:00]
RUNNING: |          | 342/? [elapsed: 06:08 remaining: 00:00]
                                                             

RUNNING: |          | 342/? [elapsed: 06:08 remaining: 00:00]
RUNNING: |          | 342/? [elapsed: 06:14 remaining: 00:00]
RUNNING: |          | 348/? [elapsed: 06:14 remaining: 00:00]
                                                             

RUNNING: |          | 348/? [elapsed: 06:14 remaining: 00:00]
RUNNING: |          | 348/? [elapsed: 06:21 remaining: 00:00]
RUNNING: |          | 354/? [elapsed: 06:21 remaining: 00:00]
                                                             

RUNNING: |          | 354/? [elapsed: 06:21 remaining: 00:00]
RUNNING: |          | 354/? [elapsed: 06:31 remaining: 00:00]
RUNNING: |          | 364/? [elapsed: 06:31 remaining: 00:00]
                                                             

RUNNING: |          | 364/? [elapsed: 06:31 remaining: 00:00]
RUNNING: |          | 364/? [elapsed: 06:38 remaining: 00:00]
RUNNING: |          | 371/? [elapsed: 06:38 remaining: 00:00]
                                                             

RUNNING: |          | 371/? [elapsed: 06:38 remaining: 00:00]
RUNNING: |          | 371/? [elapsed: 06:49 remaining: 00:00]
RUNNING: |          | 381/? [elapsed: 06:49 remaining: 00:00]
                                                             

RUNNING: |          | 381/? [elapsed: 06:49 remaining: 00:00]
RUNNING: |          | 381/? [elapsed: 06:59 remaining: 00:00]
RUNNING: |          | 390/? [elapsed: 06:59 remaining: 00:00]
                                                             

RUNNING: |          | 390/? [elapsed: 06:59 remaining: 00:00]
RUNNING: |          | 390/? [elapsed: 07:06 remaining: 00:00]
RUNNING: |          | 397/? [elapsed: 07:06 remaining: 00:00]
                                                             

RUNNING: |          | 397/? [elapsed: 07:06 remaining: 00:00]
RUNNING: |          | 397/? [elapsed: 07:11 remaining: 00:00]
RUNNING: |          | 402/? [elapsed: 07:11 remaining: 00:00]
                                                             

RUNNING: |          | 402/? [elapsed: 07:11 remaining: 00:00]
COMPLETE: |          | 402/? [elapsed: 07:18 remaining: 00:00]
COMPLETE: |          | 402/? [elapsed: 07:20 remaining: 00:00]
2026-06-23 06:40:15,676 Sleeping for 9s. Reason: PENDING
2026-06-23 06:40:25,300 Sleeping for 5s. Reason: RUNNING
2026-06-23 06:40:30,791 Sleeping for 5s. Reason: RUNNING
2026-06-23 06:40:36,280 Sleeping for 7s. Reason: RUNNING
2026-06-23 06:40:43,751 Sleeping for 7s. Reason: RUNNING
2026-06-23 06:40:51,249 Sleeping for 7s. Reason: RUNNING
2026-06-23 06:40:58,754 Sleeping for 9s. Reason: RUNNING
2026-06-23 06:41:08,263 Sleeping for 6s. Reason: RUNNING
2026-06-23 06:41:14,762 Sleeping for 6s. Reason: RUNNING
2026-06-23 06:41:21,260 Sleeping for 7s. Reason: RUNNING
2026-06-23 06:41:28,740 Sleeping for 7s. Reason: RUNNING
2026-06-23 06:41:36,214 Sleeping for 5s. Reason: RUNNING
2026-06-23 06:41:41,708 Sleeping for 6s. Reason: RUNNING
2026-06-23 06:41:48,203 Sleeping for 8s. Reason: RUNNING
2026-06-23 06:41:56,703 Sleeping for 9s. Reason: RUNNING
2026-06-23 06:42:06,219 Sleeping for 6s. Reason: RUNNING
2026-06-23 06:42:12,702 Sleeping for 5s. Reason: RUNNING
2026-06-23 06:42:18,199 Sleeping for 6s. Reason: RUNNING
2026-06-23 06:42:24,695 Sleeping for 6s. Reason: RUNNING
2026-06-23 06:42:31,163 Sleeping for 7s. Reason: RUNNING
2026-06-23 06:42:38,670 Sleeping for 7s. Reason: RUNNING
2026-06-23 06:42:46,149 Sleeping for 6s. Reason: RUNNING
2026-06-23 06:42:52,659 Sleeping for 8s. Reason: RUNNING
2026-06-23 06:43:01,175 Sleeping for 9s. Reason: RUNNING
2026-06-23 06:43:10,648 Sleeping for 7s. Reason: RUNNING
2026-06-23 06:43:18,145 Sleeping for 5s. Reason: RUNNING
2026-06-23 06:43:23,640 Sleeping for 6s. Reason: RUNNING
2026-06-23 06:43:30,106 Sleeping for 10s. Reason: RUNNING
2026-06-23 06:43:40,576 Sleeping for 6s. Reason: RUNNING
2026-06-23 06:43:47,063 Sleeping for 9s. Reason: RUNNING
2026-06-23 06:43:56,572 Sleeping for 8s. Reason: RUNNING
2026-06-23 06:44:05,085 Sleeping for 9s. Reason: RUNNING
2026-06-23 06:44:14,579 Sleeping for 7s. Reason: RUNNING
2026-06-23 06:44:22,049 Sleeping for 6s. Reason: RUNNING
2026-06-23 06:44:28,525 Sleeping for 7s. Reason: RUNNING
2026-06-23 06:44:36,039 Sleeping for 5s. Reason: RUNNING
2026-06-23 06:44:41,710 Sleeping for 7s. Reason: RUNNING
2026-06-23 06:44:49,233 Sleeping for 9s. Reason: RUNNING
2026-06-23 06:44:58,774 Sleeping for 6s. Reason: RUNNING
2026-06-23 06:45:05,289 Sleeping for 10s. Reason: RUNNING
2026-06-23 06:45:15,763 Sleeping for 7s. Reason: RUNNING
2026-06-23 06:45:23,282 Sleeping for 5s. Reason: RUNNING
2026-06-23 06:45:30,240 Sleeping for 10s. Reason: RUNNING
2026-06-23 06:45:40,726 Sleeping for 8s. Reason: RUNNING
2026-06-23 06:45:49,211 Sleeping for 6s. Reason: RUNNING
2026-06-23 06:45:55,728 Sleeping for 7s. Reason: RUNNING
2026-06-23 06:46:03,236 Sleeping for 10s. Reason: RUNNING
2026-06-23 06:46:13,722 Sleeping for 9s. Reason: RUNNING
2026-06-23 06:46:23,230 Sleeping for 6s. Reason: RUNNING
2026-06-23 06:46:29,723 Sleeping for 6s. Reason: RUNNING
2026-06-23 06:46:36,215 Sleeping for 10s. Reason: RUNNING
2026-06-23 06:46:46,706 Sleeping for 7s. Reason: RUNNING
2026-06-23 06:46:54,189 Sleeping for 10s. Reason: RUNNING
2026-06-23 06:47:04,713 Sleeping for 9s. Reason: RUNNING
2026-06-23 06:47:14,219 Sleeping for 7s. Reason: RUNNING
2026-06-23 06:47:21,707 Sleeping for 5s. Reason: RUNNING
2026-06-23 06:47:27,167 Sleeping for 6s. Reason: RUNNING
2026-06-23 06:48:20,776 Padding length to 1249
2026-06-23 06:51:20,234 alphafold2_ptm_model_1_seed_000 recycle=0 pLDDT=87.5 pTM=0.557
2026-06-23 06:53:25,428 alphafold2_ptm_model_1_seed_000 recycle=1 pLDDT=89.5 pTM=0.605 tol=8.97
2026-06-23 06:53:25,430 alphafold2_ptm_model_1_seed_000 took 304.7s (1 recycles)
2026-06-23 06:53:27,025 reranking models by 'plddt' metric
2026-06-23 06:53:27,025 rank_001_alphafold2_ptm_model_1_seed_000 pLDDT=89.5 pTM=0.605
2026-06-23 06:53:29,258 Query 60/62: Vitis_vinifera_g403160.p01_VCORE (length 1239)
    folding 60/62 · Vitis_vinifera_g403160.p01_VCORE (1239 aa)

  0%|          | 0/150 [elapsed: 00:00 remaining: ?]
SUBMIT:   0%|          | 0/150 [elapsed: 00:00 remaining: ?]
PENDING:   0%|          | 0/150 [elapsed: 00:00 remaining: ?]
                                                             

PENDING:   0%|          | 0/150 [elapsed: 00:00 remaining: ?]
RUNNING:   0%|          | 0/150 [elapsed: 00:11 remaining: ?]
RUNNING:   7%|▋         | 10/150 [elapsed: 00:11 remaining: 02:34]
                                                                  

RUNNING:   7%|▋         | 10/150 [elapsed: 00:11 remaining: 02:34]
RUNNING:   7%|▋         | 10/150 [elapsed: 00:19 remaining: 02:34]
RUNNING:  12%|█▏        | 18/150 [elapsed: 00:19 remaining: 02:22]
                                                                  

RUNNING:  12%|█▏        | 18/150 [elapsed: 00:19 remaining: 02:22]
RUNNING:  12%|█▏        | 18/150 [elapsed: 00:26 remaining: 02:22]
RUNNING:  16%|█▌        | 24/150 [elapsed: 00:26 remaining: 02:16]
                                                                  

RUNNING:  16%|█▌        | 24/150 [elapsed: 00:26 remaining: 02:16]
RUNNING:  16%|█▌        | 24/150 [elapsed: 00:34 remaining: 02:16]
RUNNING:  21%|██▏       | 32/150 [elapsed: 00:34 remaining: 02:06]
                                                                  

RUNNING:  21%|██▏       | 32/150 [elapsed: 00:34 remaining: 02:06]
RUNNING:  21%|██▏       | 32/150 [elapsed: 00:39 remaining: 02:06]
RUNNING:  25%|██▍       | 37/150 [elapsed: 00:39 remaining: 02:01]
                                                                  

RUNNING:  25%|██▍       | 37/150 [elapsed: 00:39 remaining: 02:01]
RUNNING:  25%|██▍       | 37/150 [elapsed: 00:46 remaining: 02:01]
RUNNING:  29%|██▊       | 43/150 [elapsed: 00:46 remaining: 01:55]
                                                                  

RUNNING:  29%|██▊       | 43/150 [elapsed: 00:46 remaining: 01:55]
RUNNING:  29%|██▊       | 43/150 [elapsed: 00:54 remaining: 01:55]
RUNNING:  34%|███▍      | 51/150 [elapsed: 00:54 remaining: 01:46]
                                                                  

RUNNING:  34%|███▍      | 51/150 [elapsed: 00:54 remaining: 01:46]
RUNNING:  34%|███▍      | 51/150 [elapsed: 01:05 remaining: 01:46]
RUNNING:  41%|████      | 61/150 [elapsed: 01:05 remaining: 01:34]
                                                                  

RUNNING:  41%|████      | 61/150 [elapsed: 01:05 remaining: 01:34]
RUNNING:  41%|████      | 61/150 [elapsed: 01:14 remaining: 01:34]
RUNNING:  47%|████▋     | 70/150 [elapsed: 01:14 remaining: 01:24]
                                                                  

RUNNING:  47%|████▋     | 70/150 [elapsed: 01:14 remaining: 01:24]
RUNNING:  47%|████▋     | 70/150 [elapsed: 01:21 remaining: 01:24]
RUNNING:  51%|█████     | 76/150 [elapsed: 01:21 remaining: 01:18]
                                                                  

RUNNING:  51%|█████     | 76/150 [elapsed: 01:21 remaining: 01:18]
RUNNING:  51%|█████     | 76/150 [elapsed: 01:29 remaining: 01:18]
RUNNING:  56%|█████▌    | 84/150 [elapsed: 01:29 remaining: 01:10]
                                                                  

RUNNING:  56%|█████▌    | 84/150 [elapsed: 01:29 remaining: 01:10]
RUNNING:  56%|█████▌    | 84/150 [elapsed: 01:37 remaining: 01:10]
RUNNING:  61%|██████    | 91/150 [elapsed: 01:37 remaining: 01:02]
                                                                  

RUNNING:  61%|██████    | 91/150 [elapsed: 01:37 remaining: 01:02]
RUNNING:  61%|██████    | 91/150 [elapsed: 01:47 remaining: 01:02]
RUNNING:  67%|██████▋   | 101/150 [elapsed: 01:47 remaining: 00:51]
                                                                   

RUNNING:  67%|██████▋   | 101/150 [elapsed: 01:47 remaining: 00:51]
RUNNING:  67%|██████▋   | 101/150 [elapsed: 01:55 remaining: 00:51]
RUNNING:  72%|███████▏  | 108/150 [elapsed: 01:55 remaining: 00:44]
                                                                   

RUNNING:  72%|███████▏  | 108/150 [elapsed: 01:55 remaining: 00:44]
RUNNING:  72%|███████▏  | 108/150 [elapsed: 02:02 remaining: 00:44]
RUNNING:  77%|███████▋  | 115/150 [elapsed: 02:02 remaining: 00:37]
                                                                   

RUNNING:  77%|███████▋  | 115/150 [elapsed: 02:02 remaining: 00:37]
RUNNING:  77%|███████▋  | 115/150 [elapsed: 02:09 remaining: 00:37]
RUNNING:  81%|████████  | 121/150 [elapsed: 02:09 remaining: 00:31]
                                                                   

RUNNING:  81%|████████  | 121/150 [elapsed: 02:09 remaining: 00:31]
RUNNING:  81%|████████  | 121/150 [elapsed: 02:16 remaining: 00:31]
RUNNING:  85%|████████▌ | 128/150 [elapsed: 02:16 remaining: 00:23]
                                                                   

RUNNING:  85%|████████▌ | 128/150 [elapsed: 02:16 remaining: 00:23]
RUNNING:  85%|████████▌ | 128/150 [elapsed: 02:26 remaining: 00:23]
RUNNING:  91%|█████████▏| 137/150 [elapsed: 02:26 remaining: 00:13]
                                                                   

RUNNING:  91%|█████████▏| 137/150 [elapsed: 02:26 remaining: 00:13]
RUNNING:  91%|█████████▏| 137/150 [elapsed: 02:33 remaining: 00:13]
RUNNING:  96%|█████████▌| 144/150 [elapsed: 02:33 remaining: 00:06]
                                                                   

RUNNING:  96%|█████████▌| 144/150 [elapsed: 02:33 remaining: 00:06]
RUNNING:  96%|█████████▌| 144/150 [elapsed: 02:42 remaining: 00:06]
RUNNING: |          | 152/? [elapsed: 02:42 remaining: 00:00]      
                                                             

RUNNING: |          | 152/? [elapsed: 02:42 remaining: 00:00]
RUNNING: |          | 152/? [elapsed: 02:50 remaining: 00:00]
RUNNING: |          | 160/? [elapsed: 02:50 remaining: 00:00]
                                                             

RUNNING: |          | 160/? [elapsed: 02:50 remaining: 00:00]
RUNNING: |          | 160/? [elapsed: 02:59 remaining: 00:00]
RUNNING: |          | 168/? [elapsed: 02:59 remaining: 00:00]
                                                             

RUNNING: |          | 168/? [elapsed: 02:59 remaining: 00:00]
RUNNING: |          | 168/? [elapsed: 03:04 remaining: 00:00]
RUNNING: |          | 173/? [elapsed: 03:04 remaining: 00:00]
                                                             

RUNNING: |          | 173/? [elapsed: 03:04 remaining: 00:00]
RUNNING: |          | 173/? [elapsed: 03:14 remaining: 00:00]
RUNNING: |          | 182/? [elapsed: 03:14 remaining: 00:00]
                                                             

RUNNING: |          | 182/? [elapsed: 03:14 remaining: 00:00]
RUNNING: |          | 182/? [elapsed: 03:19 remaining: 00:00]
RUNNING: |          | 187/? [elapsed: 03:19 remaining: 00:00]
                                                             

RUNNING: |          | 187/? [elapsed: 03:19 remaining: 00:00]
RUNNING: |          | 187/? [elapsed: 03:30 remaining: 00:00]
RUNNING: |          | 197/? [elapsed: 03:30 remaining: 00:00]
                                                             

RUNNING: |          | 197/? [elapsed: 03:30 remaining: 00:00]
RUNNING: |          | 197/? [elapsed: 03:37 remaining: 00:00]
RUNNING: |          | 204/? [elapsed: 03:37 remaining: 00:00]
                                                             

RUNNING: |          | 204/? [elapsed: 03:37 remaining: 00:00]
RUNNING: |          | 204/? [elapsed: 03:46 remaining: 00:00]
RUNNING: |          | 212/? [elapsed: 03:46 remaining: 00:00]
                                                             

RUNNING: |          | 212/? [elapsed: 03:46 remaining: 00:00]
RUNNING: |          | 212/? [elapsed: 03:56 remaining: 00:00]
RUNNING: |          | 222/? [elapsed: 03:56 remaining: 00:00]
                                                             

RUNNING: |          | 222/? [elapsed: 03:56 remaining: 00:00]
RUNNING: |          | 222/? [elapsed: 04:07 remaining: 00:00]
RUNNING: |          | 232/? [elapsed: 04:07 remaining: 00:00]
                                                             

RUNNING: |          | 232/? [elapsed: 04:07 remaining: 00:00]
RUNNING: |          | 232/? [elapsed: 04:17 remaining: 00:00]
RUNNING: |          | 241/? [elapsed: 04:17 remaining: 00:00]
                                                             

RUNNING: |          | 241/? [elapsed: 04:17 remaining: 00:00]
RUNNING: |          | 241/? [elapsed: 04:23 remaining: 00:00]
RUNNING: |          | 246/? [elapsed: 04:23 remaining: 00:00]
                                                             

RUNNING: |          | 246/? [elapsed: 04:23 remaining: 00:00]
RUNNING: |          | 246/? [elapsed: 04:32 remaining: 00:00]
RUNNING: |          | 255/? [elapsed: 04:32 remaining: 00:00]
                                                             

RUNNING: |          | 255/? [elapsed: 04:32 remaining: 00:00]
RUNNING: |          | 255/? [elapsed: 04:40 remaining: 00:00]
RUNNING: |          | 262/? [elapsed: 04:40 remaining: 00:00]
                                                             

RUNNING: |          | 262/? [elapsed: 04:40 remaining: 00:00]
RUNNING: |          | 262/? [elapsed: 04:48 remaining: 00:00]
RUNNING: |          | 270/? [elapsed: 04:48 remaining: 00:00]
                                                             

RUNNING: |          | 270/? [elapsed: 04:48 remaining: 00:00]
RUNNING: |          | 270/? [elapsed: 04:54 remaining: 00:00]
RUNNING: |          | 275/? [elapsed: 04:54 remaining: 00:00]
                                                             

RUNNING: |          | 275/? [elapsed: 04:54 remaining: 00:00]
RUNNING: |          | 275/? [elapsed: 05:02 remaining: 00:00]
RUNNING: |          | 283/? [elapsed: 05:02 remaining: 00:00]
                                                             

RUNNING: |          | 283/? [elapsed: 05:02 remaining: 00:00]
RUNNING: |          | 283/? [elapsed: 05:13 remaining: 00:00]
RUNNING: |          | 293/? [elapsed: 05:13 remaining: 00:00]
                                                             

RUNNING: |          | 293/? [elapsed: 05:13 remaining: 00:00]
RUNNING: |          | 293/? [elapsed: 05:20 remaining: 00:00]
RUNNING: |          | 300/? [elapsed: 05:20 remaining: 00:00]
                                                             

RUNNING: |          | 300/? [elapsed: 05:20 remaining: 00:00]
RUNNING: |          | 300/? [elapsed: 05:27 remaining: 00:00]
RUNNING: |          | 306/? [elapsed: 05:27 remaining: 00:00]
                                                             

RUNNING: |          | 306/? [elapsed: 05:27 remaining: 00:00]
RUNNING: |          | 306/? [elapsed: 05:33 remaining: 00:00]
RUNNING: |          | 312/? [elapsed: 05:33 remaining: 00:00]
                                                             

RUNNING: |          | 312/? [elapsed: 05:33 remaining: 00:00]
RUNNING: |          | 312/? [elapsed: 05:44 remaining: 00:00]
RUNNING: |          | 322/? [elapsed: 05:44 remaining: 00:00]
                                                             

RUNNING: |          | 322/? [elapsed: 05:44 remaining: 00:00]
RUNNING: |          | 322/? [elapsed: 05:49 remaining: 00:00]
RUNNING: |          | 327/? [elapsed: 05:49 remaining: 00:00]
                                                             

RUNNING: |          | 327/? [elapsed: 05:49 remaining: 00:00]
RUNNING: |          | 327/? [elapsed: 05:57 remaining: 00:00]
RUNNING: |          | 334/? [elapsed: 05:57 remaining: 00:00]
                                                             

RUNNING: |          | 334/? [elapsed: 05:57 remaining: 00:00]
RUNNING: |          | 334/? [elapsed: 06:04 remaining: 00:00]
RUNNING: |          | 341/? [elapsed: 06:04 remaining: 00:00]
                                                             

RUNNING: |          | 341/? [elapsed: 06:04 remaining: 00:00]
RUNNING: |          | 341/? [elapsed: 06:13 remaining: 00:00]
RUNNING: |          | 349/? [elapsed: 06:13 remaining: 00:00]
                                                             

RUNNING: |          | 349/? [elapsed: 06:13 remaining: 00:00]
RUNNING: |          | 349/? [elapsed: 06:18 remaining: 00:00]
RUNNING: |          | 354/? [elapsed: 06:18 remaining: 00:00]
                                                             

RUNNING: |          | 354/? [elapsed: 06:18 remaining: 00:00]
RUNNING: |          | 354/? [elapsed: 06:28 remaining: 00:00]
RUNNING: |          | 363/? [elapsed: 06:28 remaining: 00:00]
                                                             

RUNNING: |          | 363/? [elapsed: 06:28 remaining: 00:00]
RUNNING: |          | 363/? [elapsed: 06:33 remaining: 00:00]
RUNNING: |          | 368/? [elapsed: 06:33 remaining: 00:00]
                                                             

RUNNING: |          | 368/? [elapsed: 06:33 remaining: 00:00]
RUNNING: |          | 368/? [elapsed: 06:44 remaining: 00:00]
RUNNING: |          | 378/? [elapsed: 06:44 remaining: 00:00]
                                                             

RUNNING: |          | 378/? [elapsed: 06:44 remaining: 00:00]
RUNNING: |          | 378/? [elapsed: 06:54 remaining: 00:00]
RUNNING: |          | 388/? [elapsed: 06:54 remaining: 00:00]
                                                             

RUNNING: |          | 388/? [elapsed: 06:54 remaining: 00:00]
RUNNING: |          | 388/? [elapsed: 07:02 remaining: 00:00]
RUNNING: |          | 395/? [elapsed: 07:02 remaining: 00:00]
                                                             

RUNNING: |          | 395/? [elapsed: 07:02 remaining: 00:00]
RUNNING: |          | 395/? [elapsed: 07:07 remaining: 00:00]
RUNNING: |          | 400/? [elapsed: 07:07 remaining: 00:00]
                                                             

RUNNING: |          | 400/? [elapsed: 07:07 remaining: 00:00]
RUNNING: |          | 400/? [elapsed: 07:13 remaining: 00:00]
RUNNING: |          | 405/? [elapsed: 07:13 remaining: 00:00]
                                                             

RUNNING: |          | 405/? [elapsed: 07:13 remaining: 00:00]
RUNNING: |          | 405/? [elapsed: 07:20 remaining: 00:00]
RUNNING: |          | 412/? [elapsed: 07:20 remaining: 00:00]
                                                             

RUNNING: |          | 412/? [elapsed: 07:20 remaining: 00:00]
RUNNING: |          | 412/? [elapsed: 07:26 remaining: 00:00]
RUNNING: |          | 417/? [elapsed: 07:26 remaining: 00:00]
                                                             

RUNNING: |          | 417/? [elapsed: 07:26 remaining: 00:00]
RUNNING: |          | 417/? [elapsed: 07:33 remaining: 00:00]
RUNNING: |          | 424/? [elapsed: 07:33 remaining: 00:00]
                                                             

RUNNING: |          | 424/? [elapsed: 07:33 remaining: 00:00]
RUNNING: |          | 424/? [elapsed: 07:40 remaining: 00:00]
RUNNING: |          | 430/? [elapsed: 07:40 remaining: 00:00]
                                                             

RUNNING: |          | 430/? [elapsed: 07:40 remaining: 00:00]
RUNNING: |          | 430/? [elapsed: 07:47 remaining: 00:00]
RUNNING: |          | 437/? [elapsed: 07:47 remaining: 00:00]
                                                             

RUNNING: |          | 437/? [elapsed: 07:47 remaining: 00:00]
RUNNING: |          | 437/? [elapsed: 07:53 remaining: 00:00]
RUNNING: |          | 442/? [elapsed: 07:53 remaining: 00:00]
                                                             

RUNNING: |          | 442/? [elapsed: 07:53 remaining: 00:00]
RUNNING: |          | 442/? [elapsed: 08:03 remaining: 00:00]
RUNNING: |          | 452/? [elapsed: 08:03 remaining: 00:00]
                                                             

RUNNING: |          | 452/? [elapsed: 08:03 remaining: 00:00]
RUNNING: |          | 452/? [elapsed: 08:10 remaining: 00:00]
RUNNING: |          | 458/? [elapsed: 08:10 remaining: 00:00]
                                                             

RUNNING: |          | 458/? [elapsed: 08:10 remaining: 00:00]
RUNNING: |          | 458/? [elapsed: 08:20 remaining: 00:00]
RUNNING: |          | 468/? [elapsed: 08:20 remaining: 00:00]
                                                             

RUNNING: |          | 468/? [elapsed: 08:20 remaining: 00:00]
RUNNING: |          | 468/? [elapsed: 08:27 remaining: 00:00]
RUNNING: |          | 474/? [elapsed: 08:27 remaining: 00:00]
                                                             

RUNNING: |          | 474/? [elapsed: 08:27 remaining: 00:00]
RUNNING: |          | 474/? [elapsed: 08:37 remaining: 00:00]
RUNNING: |          | 484/? [elapsed: 08:37 remaining: 00:00]
                                                             

RUNNING: |          | 484/? [elapsed: 08:37 remaining: 00:00]
RUNNING: |          | 484/? [elapsed: 08:43 remaining: 00:00]
RUNNING: |          | 489/? [elapsed: 08:43 remaining: 00:00]
                                                             

RUNNING: |          | 489/? [elapsed: 08:43 remaining: 00:00]
RUNNING: |          | 489/? [elapsed: 08:53 remaining: 00:00]
RUNNING: |          | 499/? [elapsed: 08:53 remaining: 00:00]
                                                             

RUNNING: |          | 499/? [elapsed: 08:53 remaining: 00:00]
RUNNING: |          | 499/? [elapsed: 09:02 remaining: 00:00]
RUNNING: |          | 507/? [elapsed: 09:02 remaining: 00:00]
                                                             

RUNNING: |          | 507/? [elapsed: 09:02 remaining: 00:00]
RUNNING: |          | 507/? [elapsed: 09:09 remaining: 00:00]
RUNNING: |          | 514/? [elapsed: 09:09 remaining: 00:00]
                                                             

RUNNING: |          | 514/? [elapsed: 09:09 remaining: 00:00]
COMPLETE: |          | 514/? [elapsed: 09:15 remaining: 00:00]
COMPLETE: |          | 514/? [elapsed: 09:16 remaining: 00:00]
2026-06-23 06:53:29,743 Sleeping for 10s. Reason: PENDING
2026-06-23 06:53:40,274 Sleeping for 8s. Reason: RUNNING
2026-06-23 06:53:48,790 Sleeping for 6s. Reason: RUNNING
2026-06-23 06:53:55,282 Sleeping for 8s. Reason: RUNNING
2026-06-23 06:54:03,774 Sleeping for 5s. Reason: RUNNING
2026-06-23 06:54:09,241 Sleeping for 6s. Reason: RUNNING
2026-06-23 06:54:15,724 Sleeping for 8s. Reason: RUNNING
2026-06-23 06:54:24,207 Sleeping for 10s. Reason: RUNNING
2026-06-23 06:54:34,722 Sleeping for 9s. Reason: RUNNING
2026-06-23 06:54:44,185 Sleeping for 6s. Reason: RUNNING
2026-06-23 06:54:50,673 Sleeping for 8s. Reason: RUNNING
2026-06-23 06:54:59,184 Sleeping for 7s. Reason: RUNNING
2026-06-23 06:55:06,654 Sleeping for 10s. Reason: RUNNING
2026-06-23 06:55:17,143 Sleeping for 7s. Reason: RUNNING
2026-06-23 06:55:24,647 Sleeping for 7s. Reason: RUNNING
2026-06-23 06:55:32,173 Sleeping for 6s. Reason: RUNNING
2026-06-23 06:55:38,655 Sleeping for 7s. Reason: RUNNING
2026-06-23 06:55:46,128 Sleeping for 9s. Reason: RUNNING
2026-06-23 06:55:55,627 Sleeping for 7s. Reason: RUNNING
2026-06-23 06:56:03,109 Sleeping for 8s. Reason: RUNNING
2026-06-23 06:56:11,585 Sleeping for 8s. Reason: RUNNING
2026-06-23 06:56:20,054 Sleeping for 8s. Reason: RUNNING
2026-06-23 06:56:28,527 Sleeping for 5s. Reason: RUNNING
2026-06-23 06:56:34,031 Sleeping for 9s. Reason: RUNNING
2026-06-23 06:56:43,511 Sleeping for 5s. Reason: RUNNING
2026-06-23 06:56:48,994 Sleeping for 10s. Reason: RUNNING
2026-06-23 06:56:59,507 Sleeping for 7s. Reason: RUNNING
2026-06-23 06:57:07,016 Sleeping for 8s. Reason: RUNNING
2026-06-23 06:57:15,496 Sleeping for 10s. Reason: RUNNING
2026-06-23 06:57:25,995 Sleeping for 10s. Reason: RUNNING
2026-06-23 06:57:36,496 Sleeping for 9s. Reason: RUNNING
2026-06-23 06:57:46,937 Sleeping for 5s. Reason: RUNNING
2026-06-23 06:57:52,455 Sleeping for 9s. Reason: RUNNING
2026-06-23 06:58:02,068 Sleeping for 7s. Reason: RUNNING
2026-06-23 06:58:09,574 Sleeping for 8s. Reason: RUNNING
2026-06-23 06:58:18,053 Sleeping for 5s. Reason: RUNNING
2026-06-23 06:58:23,563 Sleeping for 8s. Reason: RUNNING
2026-06-23 06:58:32,094 Sleeping for 10s. Reason: RUNNING
2026-06-23 06:58:42,570 Sleeping for 7s. Reason: RUNNING
2026-06-23 06:58:50,069 Sleeping for 6s. Reason: RUNNING
2026-06-23 06:58:56,584 Sleeping for 6s. Reason: RUNNING
2026-06-23 06:59:03,060 Sleeping for 10s. Reason: RUNNING
2026-06-23 06:59:13,529 Sleeping for 5s. Reason: RUNNING
2026-06-23 06:59:18,999 Sleeping for 7s. Reason: RUNNING
2026-06-23 06:59:26,489 Sleeping for 7s. Reason: RUNNING
2026-06-23 06:59:33,988 Sleeping for 8s. Reason: RUNNING
2026-06-23 06:59:42,461 Sleeping for 5s. Reason: RUNNING
2026-06-23 06:59:47,963 Sleeping for 9s. Reason: RUNNING
2026-06-23 06:59:57,461 Sleeping for 5s. Reason: RUNNING
2026-06-23 07:00:02,960 Sleeping for 10s. Reason: RUNNING
2026-06-23 07:00:13,443 Sleeping for 10s. Reason: RUNNING
2026-06-23 07:00:23,954 Sleeping for 7s. Reason: RUNNING
2026-06-23 07:00:31,479 Sleeping for 5s. Reason: RUNNING
2026-06-23 07:00:36,974 Sleeping for 5s. Reason: RUNNING
2026-06-23 07:00:42,474 Sleeping for 7s. Reason: RUNNING
2026-06-23 07:00:49,966 Sleeping for 5s. Reason: RUNNING
2026-06-23 07:00:55,471 Sleeping for 7s. Reason: RUNNING
2026-06-23 07:01:02,966 Sleeping for 6s. Reason: RUNNING
2026-06-23 07:01:09,462 Sleeping for 7s. Reason: RUNNING
2026-06-23 07:01:16,953 Sleeping for 5s. Reason: RUNNING
2026-06-23 07:01:22,426 Sleeping for 10s. Reason: RUNNING
2026-06-23 07:01:32,944 Sleeping for 6s. Reason: RUNNING
2026-06-23 07:01:39,460 Sleeping for 10s. Reason: RUNNING
2026-06-23 07:01:49,973 Sleeping for 6s. Reason: RUNNING
2026-06-23 07:01:56,452 Sleeping for 10s. Reason: RUNNING
2026-06-23 07:02:06,950 Sleeping for 5s. Reason: RUNNING
2026-06-23 07:02:12,437 Sleeping for 10s. Reason: RUNNING
2026-06-23 07:02:22,955 Sleeping for 8s. Reason: RUNNING
2026-06-23 07:02:31,421 Sleeping for 7s. Reason: RUNNING
2026-06-23 07:02:38,911 Sleeping for 5s. Reason: RUNNING
2026-06-23 07:03:26,854 Padding length to 1249
2026-06-23 07:05:34,840 alphafold2_ptm_model_1_seed_000 recycle=0 pLDDT=86.6 pTM=0.549
2026-06-23 07:07:40,093 alphafold2_ptm_model_1_seed_000 recycle=1 pLDDT=88.2 pTM=0.569 tol=6.12
2026-06-23 07:07:40,135 alphafold2_ptm_model_1_seed_000 took 253.3s (1 recycles)
2026-06-23 07:07:42,237 reranking models by 'plddt' metric
2026-06-23 07:07:42,254 rank_001_alphafold2_ptm_model_1_seed_000 pLDDT=88.2 pTM=0.569
2026-06-23 07:07:44,197 Query 61/62: Vitis_vinifera_g357680.p01_VCORE (length 1243)
    folding 61/62 · Vitis_vinifera_g357680.p01_VCORE (1243 aa)

  0%|          | 0/150 [elapsed: 00:00 remaining: ?]
SUBMIT:   0%|          | 0/150 [elapsed: 00:00 remaining: ?]
PENDING:   0%|          | 0/150 [elapsed: 00:00 remaining: ?]
                                                             

PENDING:   0%|          | 0/150 [elapsed: 00:00 remaining: ?]
RUNNING:   0%|          | 0/150 [elapsed: 00:08 remaining: ?]
RUNNING:   5%|▌         | 8/150 [elapsed: 00:08 remaining: 02:39]
                                                                 

RUNNING:   5%|▌         | 8/150 [elapsed: 00:08 remaining: 02:39]
RUNNING:   5%|▌         | 8/150 [elapsed: 00:18 remaining: 02:39]
RUNNING:  11%|█▏        | 17/150 [elapsed: 00:18 remaining: 02:23]
                                                                  

RUNNING:  11%|█▏        | 17/150 [elapsed: 00:18 remaining: 02:23]
RUNNING:  11%|█▏        | 17/150 [elapsed: 00:28 remaining: 02:23]
RUNNING:  18%|█▊        | 27/150 [elapsed: 00:28 remaining: 02:10]
                                                                  

RUNNING:  18%|█▊        | 27/150 [elapsed: 00:28 remaining: 02:10]
RUNNING:  18%|█▊        | 27/150 [elapsed: 00:39 remaining: 02:10]
RUNNING:  25%|██▍       | 37/150 [elapsed: 00:39 remaining: 01:59]
                                                                  

RUNNING:  25%|██▍       | 37/150 [elapsed: 00:39 remaining: 01:59]
RUNNING:  25%|██▍       | 37/150 [elapsed: 00:46 remaining: 01:59]
RUNNING:  29%|██▉       | 44/150 [elapsed: 00:46 remaining: 01:52]
                                                                  

RUNNING:  29%|██▉       | 44/150 [elapsed: 00:46 remaining: 01:52]
RUNNING:  29%|██▉       | 44/150 [elapsed: 00:57 remaining: 01:52]
RUNNING:  36%|███▌      | 54/150 [elapsed: 00:57 remaining: 01:41]
                                                                  

RUNNING:  36%|███▌      | 54/150 [elapsed: 00:57 remaining: 01:41]
RUNNING:  36%|███▌      | 54/150 [elapsed: 01:06 remaining: 01:41]
RUNNING:  42%|████▏     | 63/150 [elapsed: 01:06 remaining: 01:31]
                                                                  

RUNNING:  42%|████▏     | 63/150 [elapsed: 01:06 remaining: 01:31]
RUNNING:  42%|████▏     | 63/150 [elapsed: 01:15 remaining: 01:31]
RUNNING:  47%|████▋     | 71/150 [elapsed: 01:15 remaining: 01:23]
                                                                  

RUNNING:  47%|████▋     | 71/150 [elapsed: 01:15 remaining: 01:23]
RUNNING:  47%|████▋     | 71/150 [elapsed: 01:20 remaining: 01:23]
RUNNING:  51%|█████     | 76/150 [elapsed: 01:20 remaining: 01:19]
                                                                  

RUNNING:  51%|█████     | 76/150 [elapsed: 01:20 remaining: 01:19]
RUNNING:  51%|█████     | 76/150 [elapsed: 01:31 remaining: 01:19]
RUNNING:  57%|█████▋    | 86/150 [elapsed: 01:31 remaining: 01:07]
                                                                  

RUNNING:  57%|█████▋    | 86/150 [elapsed: 01:31 remaining: 01:07]
RUNNING:  57%|█████▋    | 86/150 [elapsed: 01:38 remaining: 01:07]
RUNNING:  62%|██████▏   | 93/150 [elapsed: 01:38 remaining: 01:00]
                                                                  

RUNNING:  62%|██████▏   | 93/150 [elapsed: 01:38 remaining: 01:00]
RUNNING:  62%|██████▏   | 93/150 [elapsed: 01:45 remaining: 01:00]
RUNNING:  66%|██████▌   | 99/150 [elapsed: 01:45 remaining: 00:54]
                                                                  

RUNNING:  66%|██████▌   | 99/150 [elapsed: 01:45 remaining: 00:54]
RUNNING:  66%|██████▌   | 99/150 [elapsed: 01:50 remaining: 00:54]
RUNNING:  69%|██████▉   | 104/150 [elapsed: 01:50 remaining: 00:49]
                                                                   

RUNNING:  69%|██████▉   | 104/150 [elapsed: 01:50 remaining: 00:49]
RUNNING:  69%|██████▉   | 104/150 [elapsed: 01:59 remaining: 00:49]
RUNNING:  75%|███████▍  | 112/150 [elapsed: 01:59 remaining: 00:40]
                                                                   

RUNNING:  75%|███████▍  | 112/150 [elapsed: 01:59 remaining: 00:40]
RUNNING:  75%|███████▍  | 112/150 [elapsed: 02:06 remaining: 00:40]
RUNNING:  79%|███████▉  | 119/150 [elapsed: 02:06 remaining: 00:33]
                                                                   

RUNNING:  79%|███████▉  | 119/150 [elapsed: 02:06 remaining: 00:33]
RUNNING:  79%|███████▉  | 119/150 [elapsed: 02:15 remaining: 00:33]
RUNNING:  85%|████████▍ | 127/150 [elapsed: 02:15 remaining: 00:24]
                                                                   

RUNNING:  85%|████████▍ | 127/150 [elapsed: 02:15 remaining: 00:24]
RUNNING:  85%|████████▍ | 127/150 [elapsed: 02:23 remaining: 00:24]
RUNNING:  90%|█████████ | 135/150 [elapsed: 02:23 remaining: 00:15]
                                                                   

RUNNING:  90%|█████████ | 135/150 [elapsed: 02:23 remaining: 00:15]
RUNNING:  90%|█████████ | 135/150 [elapsed: 02:31 remaining: 00:15]
RUNNING:  95%|█████████▍| 142/150 [elapsed: 02:31 remaining: 00:08]
                                                                   

RUNNING:  95%|█████████▍| 142/150 [elapsed: 02:31 remaining: 00:08]
RUNNING:  95%|█████████▍| 142/150 [elapsed: 02:37 remaining: 00:08]
RUNNING:  99%|█████████▊| 148/150 [elapsed: 02:37 remaining: 00:02]
                                                                   

RUNNING:  99%|█████████▊| 148/150 [elapsed: 02:37 remaining: 00:02]
RUNNING:  99%|█████████▊| 148/150 [elapsed: 02:45 remaining: 00:02]
RUNNING: |          | 155/? [elapsed: 02:45 remaining: 00:00]      
                                                             

RUNNING: |          | 155/? [elapsed: 02:45 remaining: 00:00]
RUNNING: |          | 155/? [elapsed: 02:52 remaining: 00:00]
RUNNING: |          | 162/? [elapsed: 02:52 remaining: 00:00]
                                                             

RUNNING: |          | 162/? [elapsed: 02:52 remaining: 00:00]
RUNNING: |          | 162/? [elapsed: 03:01 remaining: 00:00]
RUNNING: |          | 170/? [elapsed: 03:01 remaining: 00:00]
                                                             

RUNNING: |          | 170/? [elapsed: 03:01 remaining: 00:00]
RUNNING: |          | 170/? [elapsed: 03:11 remaining: 00:00]
RUNNING: |          | 180/? [elapsed: 03:11 remaining: 00:00]
                                                             

RUNNING: |          | 180/? [elapsed: 03:11 remaining: 00:00]
RUNNING: |          | 180/? [elapsed: 03:17 remaining: 00:00]
RUNNING: |          | 185/? [elapsed: 03:17 remaining: 00:00]
                                                             

RUNNING: |          | 185/? [elapsed: 03:17 remaining: 00:00]
RUNNING: |          | 185/? [elapsed: 03:23 remaining: 00:00]
RUNNING: |          | 191/? [elapsed: 03:23 remaining: 00:00]
                                                             

RUNNING: |          | 191/? [elapsed: 03:23 remaining: 00:00]
RUNNING: |          | 191/? [elapsed: 03:32 remaining: 00:00]
RUNNING: |          | 199/? [elapsed: 03:32 remaining: 00:00]
                                                             

RUNNING: |          | 199/? [elapsed: 03:32 remaining: 00:00]
RUNNING: |          | 199/? [elapsed: 03:38 remaining: 00:00]
RUNNING: |          | 205/? [elapsed: 03:38 remaining: 00:00]
                                                             

RUNNING: |          | 205/? [elapsed: 03:38 remaining: 00:00]
RUNNING: |          | 205/? [elapsed: 03:46 remaining: 00:00]
RUNNING: |          | 212/? [elapsed: 03:46 remaining: 00:00]
                                                             

RUNNING: |          | 212/? [elapsed: 03:46 remaining: 00:00]
RUNNING: |          | 212/? [elapsed: 03:54 remaining: 00:00]
RUNNING: |          | 220/? [elapsed: 03:54 remaining: 00:00]
                                                             

RUNNING: |          | 220/? [elapsed: 03:54 remaining: 00:00]
RUNNING: |          | 220/? [elapsed: 04:02 remaining: 00:00]
RUNNING: |          | 227/? [elapsed: 04:02 remaining: 00:00]
                                                             

RUNNING: |          | 227/? [elapsed: 04:02 remaining: 00:00]
RUNNING: |          | 227/? [elapsed: 04:11 remaining: 00:00]
RUNNING: |          | 236/? [elapsed: 04:11 remaining: 00:00]
                                                             

RUNNING: |          | 236/? [elapsed: 04:11 remaining: 00:00]
RUNNING: |          | 236/? [elapsed: 04:18 remaining: 00:00]
RUNNING: |          | 242/? [elapsed: 04:18 remaining: 00:00]
                                                             

RUNNING: |          | 242/? [elapsed: 04:18 remaining: 00:00]
RUNNING: |          | 242/? [elapsed: 04:23 remaining: 00:00]
RUNNING: |          | 247/? [elapsed: 04:23 remaining: 00:00]
                                                             

RUNNING: |          | 247/? [elapsed: 04:23 remaining: 00:00]
RUNNING: |          | 247/? [elapsed: 04:33 remaining: 00:00]
RUNNING: |          | 256/? [elapsed: 04:33 remaining: 00:00]
                                                             

RUNNING: |          | 256/? [elapsed: 04:33 remaining: 00:00]
RUNNING: |          | 256/? [elapsed: 04:40 remaining: 00:00]
RUNNING: |          | 263/? [elapsed: 04:40 remaining: 00:00]
                                                             

RUNNING: |          | 263/? [elapsed: 04:40 remaining: 00:00]
RUNNING: |          | 263/? [elapsed: 04:46 remaining: 00:00]
RUNNING: |          | 268/? [elapsed: 04:46 remaining: 00:00]
                                                             

RUNNING: |          | 268/? [elapsed: 04:46 remaining: 00:00]
RUNNING: |          | 268/? [elapsed: 04:51 remaining: 00:00]
RUNNING: |          | 273/? [elapsed: 04:51 remaining: 00:00]
                                                             

RUNNING: |          | 273/? [elapsed: 04:51 remaining: 00:00]
RUNNING: |          | 273/? [elapsed: 04:59 remaining: 00:00]
RUNNING: |          | 280/? [elapsed: 04:59 remaining: 00:00]
                                                             

RUNNING: |          | 280/? [elapsed: 04:59 remaining: 00:00]
RUNNING: |          | 280/? [elapsed: 05:08 remaining: 00:00]
RUNNING: |          | 288/? [elapsed: 05:08 remaining: 00:00]
                                                             

RUNNING: |          | 288/? [elapsed: 05:08 remaining: 00:00]
RUNNING: |          | 288/? [elapsed: 05:19 remaining: 00:00]
RUNNING: |          | 298/? [elapsed: 05:19 remaining: 00:00]
                                                             

RUNNING: |          | 298/? [elapsed: 05:19 remaining: 00:00]
RUNNING: |          | 298/? [elapsed: 05:26 remaining: 00:00]
RUNNING: |          | 305/? [elapsed: 05:26 remaining: 00:00]
                                                             

RUNNING: |          | 305/? [elapsed: 05:26 remaining: 00:00]
RUNNING: |          | 305/? [elapsed: 05:33 remaining: 00:00]
RUNNING: |          | 311/? [elapsed: 05:33 remaining: 00:00]
                                                             

RUNNING: |          | 311/? [elapsed: 05:33 remaining: 00:00]
RUNNING: |          | 311/? [elapsed: 05:40 remaining: 00:00]
RUNNING: |          | 318/? [elapsed: 05:40 remaining: 00:00]
                                                             

RUNNING: |          | 318/? [elapsed: 05:40 remaining: 00:00]
RUNNING: |          | 318/? [elapsed: 05:46 remaining: 00:00]
RUNNING: |          | 323/? [elapsed: 05:46 remaining: 00:00]
                                                             

RUNNING: |          | 323/? [elapsed: 05:46 remaining: 00:00]
RUNNING: |          | 323/? [elapsed: 05:52 remaining: 00:00]
RUNNING: |          | 329/? [elapsed: 05:52 remaining: 00:00]
                                                             

RUNNING: |          | 329/? [elapsed: 05:52 remaining: 00:00]
RUNNING: |          | 329/? [elapsed: 06:03 remaining: 00:00]
RUNNING: |          | 339/? [elapsed: 06:03 remaining: 00:00]
                                                             

RUNNING: |          | 339/? [elapsed: 06:03 remaining: 00:00]
RUNNING: |          | 339/? [elapsed: 06:11 remaining: 00:00]
RUNNING: |          | 347/? [elapsed: 06:11 remaining: 00:00]
                                                             

RUNNING: |          | 347/? [elapsed: 06:11 remaining: 00:00]
RUNNING: |          | 347/? [elapsed: 06:21 remaining: 00:00]
RUNNING: |          | 356/? [elapsed: 06:21 remaining: 00:00]
                                                             

RUNNING: |          | 356/? [elapsed: 06:21 remaining: 00:00]
RUNNING: |          | 356/? [elapsed: 06:28 remaining: 00:00]
RUNNING: |          | 363/? [elapsed: 06:28 remaining: 00:00]
                                                             

RUNNING: |          | 363/? [elapsed: 06:28 remaining: 00:00]
RUNNING: |          | 363/? [elapsed: 06:36 remaining: 00:00]
RUNNING: |          | 370/? [elapsed: 06:36 remaining: 00:00]
                                                             

RUNNING: |          | 370/? [elapsed: 06:36 remaining: 00:00]
RUNNING: |          | 370/? [elapsed: 06:45 remaining: 00:00]
RUNNING: |          | 379/? [elapsed: 06:45 remaining: 00:00]
                                                             

RUNNING: |          | 379/? [elapsed: 06:45 remaining: 00:00]
RUNNING: |          | 379/? [elapsed: 06:51 remaining: 00:00]
RUNNING: |          | 384/? [elapsed: 06:51 remaining: 00:00]
                                                             

RUNNING: |          | 384/? [elapsed: 06:51 remaining: 00:00]
RUNNING: |          | 384/? [elapsed: 07:01 remaining: 00:00]
RUNNING: |          | 394/? [elapsed: 07:01 remaining: 00:00]
                                                             

RUNNING: |          | 394/? [elapsed: 07:01 remaining: 00:00]
RUNNING: |          | 394/? [elapsed: 07:12 remaining: 00:00]
RUNNING: |          | 404/? [elapsed: 07:12 remaining: 00:00]
                                                             

RUNNING: |          | 404/? [elapsed: 07:12 remaining: 00:00]
RUNNING: |          | 404/? [elapsed: 07:21 remaining: 00:00]
RUNNING: |          | 413/? [elapsed: 07:21 remaining: 00:00]
                                                             

RUNNING: |          | 413/? [elapsed: 07:21 remaining: 00:00]
RUNNING: |          | 413/? [elapsed: 07:28 remaining: 00:00]
RUNNING: |          | 419/? [elapsed: 07:28 remaining: 00:00]
                                                             

RUNNING: |          | 419/? [elapsed: 07:28 remaining: 00:00]
RUNNING: |          | 419/? [elapsed: 07:33 remaining: 00:00]
RUNNING: |          | 424/? [elapsed: 07:33 remaining: 00:00]
                                                             

RUNNING: |          | 424/? [elapsed: 07:33 remaining: 00:00]
RUNNING: |          | 424/? [elapsed: 07:43 remaining: 00:00]
RUNNING: |          | 433/? [elapsed: 07:43 remaining: 00:00]
                                                             

RUNNING: |          | 433/? [elapsed: 07:43 remaining: 00:00]
RUNNING: |          | 433/? [elapsed: 07:53 remaining: 00:00]
RUNNING: |          | 443/? [elapsed: 07:53 remaining: 00:00]
                                                             

RUNNING: |          | 443/? [elapsed: 07:53 remaining: 00:00]
RUNNING: |          | 443/? [elapsed: 08:02 remaining: 00:00]
RUNNING: |          | 451/? [elapsed: 08:02 remaining: 00:00]
                                                             

RUNNING: |          | 451/? [elapsed: 08:02 remaining: 00:00]
COMPLETE: |          | 451/? [elapsed: 08:11 remaining: 00:00]
COMPLETE: |          | 451/? [elapsed: 08:13 remaining: 00:00]
2026-06-23 07:07:44,714 Sleeping for 8s. Reason: PENDING
2026-06-23 07:07:53,191 Sleeping for 9s. Reason: RUNNING
2026-06-23 07:08:02,679 Sleeping for 10s. Reason: RUNNING
2026-06-23 07:08:13,147 Sleeping for 10s. Reason: RUNNING
2026-06-23 07:08:23,661 Sleeping for 7s. Reason: RUNNING
2026-06-23 07:08:31,158 Sleeping for 10s. Reason: RUNNING
2026-06-23 07:08:41,687 Sleeping for 9s. Reason: RUNNING
2026-06-23 07:08:51,173 Sleeping for 8s. Reason: RUNNING
2026-06-23 07:08:59,689 Sleeping for 5s. Reason: RUNNING
2026-06-23 07:09:05,194 Sleeping for 10s. Reason: RUNNING
2026-06-23 07:09:15,691 Sleeping for 7s. Reason: RUNNING
2026-06-23 07:09:23,196 Sleeping for 6s. Reason: RUNNING
2026-06-23 07:09:29,681 Sleeping for 5s. Reason: RUNNING
2026-06-23 07:09:35,171 Sleeping for 8s. Reason: RUNNING
2026-06-23 07:09:43,667 Sleeping for 7s. Reason: RUNNING
2026-06-23 07:09:51,194 Sleeping for 8s. Reason: RUNNING
2026-06-23 07:09:59,676 Sleeping for 8s. Reason: RUNNING
2026-06-23 07:10:08,171 Sleeping for 7s. Reason: RUNNING
2026-06-23 07:10:15,678 Sleeping for 6s. Reason: RUNNING
2026-06-23 07:10:22,136 Sleeping for 7s. Reason: RUNNING
2026-06-23 07:10:29,649 Sleeping for 7s. Reason: RUNNING
2026-06-23 07:10:37,154 Sleeping for 8s. Reason: RUNNING
2026-06-23 07:10:45,664 Sleeping for 10s. Reason: RUNNING
2026-06-23 07:10:56,162 Sleeping for 5s. Reason: RUNNING
2026-06-23 07:11:01,658 Sleeping for 6s. Reason: RUNNING
2026-06-23 07:11:08,152 Sleeping for 8s. Reason: RUNNING
2026-06-23 07:11:16,622 Sleeping for 6s. Reason: RUNNING
2026-06-23 07:11:23,124 Sleeping for 7s. Reason: RUNNING
2026-06-23 07:11:30,662 Sleeping for 8s. Reason: RUNNING
2026-06-23 07:11:39,174 Sleeping for 7s. Reason: RUNNING
2026-06-23 07:11:46,680 Sleeping for 9s. Reason: RUNNING
2026-06-23 07:11:56,177 Sleeping for 6s. Reason: RUNNING
2026-06-23 07:12:02,685 Sleeping for 5s. Reason: RUNNING
2026-06-23 07:12:08,183 Sleeping for 9s. Reason: RUNNING
2026-06-23 07:12:17,668 Sleeping for 7s. Reason: RUNNING
2026-06-23 07:12:25,169 Sleeping for 5s. Reason: RUNNING
2026-06-23 07:12:30,672 Sleeping for 5s. Reason: RUNNING
2026-06-23 07:12:36,145 Sleeping for 7s. Reason: RUNNING
2026-06-23 07:12:43,610 Sleeping for 8s. Reason: RUNNING
2026-06-23 07:12:53,033 Sleeping for 10s. Reason: RUNNING
2026-06-23 07:13:03,522 Sleeping for 7s. Reason: RUNNING
2026-06-23 07:13:11,151 Sleeping for 6s. Reason: RUNNING
2026-06-23 07:13:17,640 Sleeping for 7s. Reason: RUNNING
2026-06-23 07:13:25,153 Sleeping for 5s. Reason: RUNNING
2026-06-23 07:13:30,648 Sleeping for 6s. Reason: RUNNING
2026-06-23 07:13:37,143 Sleeping for 10s. Reason: RUNNING
2026-06-23 07:13:47,613 Sleeping for 8s. Reason: RUNNING
2026-06-23 07:13:56,097 Sleeping for 9s. Reason: RUNNING
2026-06-23 07:14:05,608 Sleeping for 7s. Reason: RUNNING
2026-06-23 07:14:13,120 Sleeping for 7s. Reason: RUNNING
2026-06-23 07:14:20,617 Sleeping for 9s. Reason: RUNNING
2026-06-23 07:14:30,125 Sleeping for 5s. Reason: RUNNING
2026-06-23 07:14:35,592 Sleeping for 10s. Reason: RUNNING
2026-06-23 07:14:46,083 Sleeping for 10s. Reason: RUNNING
2026-06-23 07:14:56,554 Sleeping for 9s. Reason: RUNNING
2026-06-23 07:15:06,028 Sleeping for 6s. Reason: RUNNING
2026-06-23 07:15:12,508 Sleeping for 5s. Reason: RUNNING
2026-06-23 07:15:18,015 Sleeping for 9s. Reason: RUNNING
2026-06-23 07:15:27,490 Sleeping for 10s. Reason: RUNNING
2026-06-23 07:15:37,981 Sleeping for 8s. Reason: RUNNING
2026-06-23 07:15:46,496 Sleeping for 9s. Reason: RUNNING
2026-06-23 07:16:38,970 Padding length to 1249
2026-06-23 07:18:46,511 alphafold2_ptm_model_1_seed_000 recycle=0 pLDDT=87.3 pTM=0.562
2026-06-23 07:20:51,684 alphafold2_ptm_model_1_seed_000 recycle=1 pLDDT=89.4 pTM=0.594 tol=7.25
2026-06-23 07:20:51,686 alphafold2_ptm_model_1_seed_000 took 252.7s (1 recycles)
2026-06-23 07:20:53,191 reranking models by 'plddt' metric
2026-06-23 07:20:53,192 rank_001_alphafold2_ptm_model_1_seed_000 pLDDT=89.4 pTM=0.594
2026-06-23 07:20:54,746 Query 62/62: Vitis_vinifera_g403150.p01_VCORE (length 1300)
    folding 62/62 · Vitis_vinifera_g403150.p01_VCORE (1300 aa)

  0%|          | 0/150 [elapsed: 00:00 remaining: ?]
SUBMIT:   0%|          | 0/150 [elapsed: 00:00 remaining: ?]
PENDING:   0%|          | 0/150 [elapsed: 00:00 remaining: ?]
                                                             

PENDING:   0%|          | 0/150 [elapsed: 00:00 remaining: ?]
RUNNING:   0%|          | 0/150 [elapsed: 00:06 remaining: ?]
RUNNING:   3%|▎         | 5/150 [elapsed: 00:06 remaining: 02:55]
                                                                 

RUNNING:   3%|▎         | 5/150 [elapsed: 00:06 remaining: 02:55]
RUNNING:   3%|▎         | 5/150 [elapsed: 00:16 remaining: 02:55]
RUNNING:  10%|█         | 15/150 [elapsed: 00:16 remaining: 02:27]
                                                                  

RUNNING:  10%|█         | 15/150 [elapsed: 00:16 remaining: 02:27]
RUNNING:  10%|█         | 15/150 [elapsed: 00:24 remaining: 02:27]
RUNNING:  15%|█▍        | 22/150 [elapsed: 00:24 remaining: 02:18]
                                                                  

RUNNING:  15%|█▍        | 22/150 [elapsed: 00:24 remaining: 02:18]
RUNNING:  15%|█▍        | 22/150 [elapsed: 00:32 remaining: 02:18]
RUNNING:  20%|██        | 30/150 [elapsed: 00:32 remaining: 02:08]
                                                                  

RUNNING:  20%|██        | 30/150 [elapsed: 00:32 remaining: 02:08]
RUNNING:  20%|██        | 30/150 [elapsed: 00:41 remaining: 02:08]
RUNNING:  25%|██▌       | 38/150 [elapsed: 00:41 remaining: 02:00]
                                                                  

RUNNING:  25%|██▌       | 38/150 [elapsed: 00:41 remaining: 02:00]
RUNNING:  25%|██▌       | 38/150 [elapsed: 00:51 remaining: 02:00]
RUNNING:  32%|███▏      | 48/150 [elapsed: 00:51 remaining: 01:48]
                                                                  

RUNNING:  32%|███▏      | 48/150 [elapsed: 00:51 remaining: 01:48]
RUNNING:  32%|███▏      | 48/150 [elapsed: 00:59 remaining: 01:48]
RUNNING:  37%|███▋      | 55/150 [elapsed: 00:59 remaining: 01:41]
                                                                  

RUNNING:  37%|███▋      | 55/150 [elapsed: 00:59 remaining: 01:41]
RUNNING:  37%|███▋      | 55/150 [elapsed: 01:06 remaining: 01:41]
RUNNING:  41%|████▏     | 62/150 [elapsed: 01:06 remaining: 01:33]
                                                                  

RUNNING:  41%|████▏     | 62/150 [elapsed: 01:06 remaining: 01:33]
RUNNING:  41%|████▏     | 62/150 [elapsed: 01:12 remaining: 01:33]
RUNNING:  45%|████▍     | 67/150 [elapsed: 01:12 remaining: 01:29]
                                                                  

RUNNING:  45%|████▍     | 67/150 [elapsed: 01:12 remaining: 01:29]
RUNNING:  45%|████▍     | 67/150 [elapsed: 01:18 remaining: 01:29]
RUNNING:  49%|████▊     | 73/150 [elapsed: 01:18 remaining: 01:22]
                                                                  

RUNNING:  49%|████▊     | 73/150 [elapsed: 01:18 remaining: 01:22]
RUNNING:  49%|████▊     | 73/150 [elapsed: 01:24 remaining: 01:22]
RUNNING:  52%|█████▏    | 78/150 [elapsed: 01:24 remaining: 01:17]
                                                                  

RUNNING:  52%|█████▏    | 78/150 [elapsed: 01:24 remaining: 01:17]
RUNNING:  52%|█████▏    | 78/150 [elapsed: 01:29 remaining: 01:17]
RUNNING:  55%|█████▌    | 83/150 [elapsed: 01:29 remaining: 01:12]
                                                                  

RUNNING:  55%|█████▌    | 83/150 [elapsed: 01:29 remaining: 01:12]
RUNNING:  55%|█████▌    | 83/150 [elapsed: 01:39 remaining: 01:12]
RUNNING:  61%|██████▏   | 92/150 [elapsed: 01:39 remaining: 01:02]
                                                                  

RUNNING:  61%|██████▏   | 92/150 [elapsed: 01:39 remaining: 01:02]
RUNNING:  61%|██████▏   | 92/150 [elapsed: 01:46 remaining: 01:02]
RUNNING:  66%|██████▌   | 99/150 [elapsed: 01:46 remaining: 00:54]
                                                                  

RUNNING:  66%|██████▌   | 99/150 [elapsed: 01:46 remaining: 00:54]
RUNNING:  66%|██████▌   | 99/150 [elapsed: 01:55 remaining: 00:54]
RUNNING:  71%|███████▏  | 107/150 [elapsed: 01:55 remaining: 00:45]
                                                                   

RUNNING:  71%|███████▏  | 107/150 [elapsed: 01:55 remaining: 00:45]
RUNNING:  71%|███████▏  | 107/150 [elapsed: 02:04 remaining: 00:45]
RUNNING:  77%|███████▋  | 115/150 [elapsed: 02:04 remaining: 00:38]
                                                                   

RUNNING:  77%|███████▋  | 115/150 [elapsed: 02:04 remaining: 00:38]
RUNNING:  77%|███████▋  | 115/150 [elapsed: 02:13 remaining: 00:38]
RUNNING:  82%|████████▏ | 123/150 [elapsed: 02:13 remaining: 00:29]
                                                                   

RUNNING:  82%|████████▏ | 123/150 [elapsed: 02:13 remaining: 00:29]
RUNNING:  82%|████████▏ | 123/150 [elapsed: 02:20 remaining: 00:29]
RUNNING:  87%|████████▋ | 130/150 [elapsed: 02:20 remaining: 00:21]
                                                                   

RUNNING:  87%|████████▋ | 130/150 [elapsed: 02:20 remaining: 00:21]
RUNNING:  87%|████████▋ | 130/150 [elapsed: 02:31 remaining: 00:21]
RUNNING:  93%|█████████▎| 140/150 [elapsed: 02:31 remaining: 00:10]
                                                                   

RUNNING:  93%|█████████▎| 140/150 [elapsed: 02:31 remaining: 00:10]
RUNNING:  93%|█████████▎| 140/150 [elapsed: 02:40 remaining: 00:10]
RUNNING:  99%|█████████▉| 149/150 [elapsed: 02:40 remaining: 00:01]
                                                                   

RUNNING:  99%|█████████▉| 149/150 [elapsed: 02:40 remaining: 00:01]
RUNNING:  99%|█████████▉| 149/150 [elapsed: 02:50 remaining: 00:01]
RUNNING: |          | 158/? [elapsed: 02:50 remaining: 00:00]      
                                                             

RUNNING: |          | 158/? [elapsed: 02:50 remaining: 00:00]
RUNNING: |          | 158/? [elapsed: 03:00 remaining: 00:00]
RUNNING: |          | 168/? [elapsed: 03:00 remaining: 00:00]
                                                             

RUNNING: |          | 168/? [elapsed: 03:00 remaining: 00:00]
RUNNING: |          | 168/? [elapsed: 03:11 remaining: 00:00]
RUNNING: |          | 178/? [elapsed: 03:11 remaining: 00:00]
                                                             

RUNNING: |          | 178/? [elapsed: 03:11 remaining: 00:00]
RUNNING: |          | 178/? [elapsed: 03:21 remaining: 00:00]
RUNNING: |          | 188/? [elapsed: 03:21 remaining: 00:00]
                                                             

RUNNING: |          | 188/? [elapsed: 03:21 remaining: 00:00]
RUNNING: |          | 188/? [elapsed: 03:29 remaining: 00:00]
RUNNING: |          | 195/? [elapsed: 03:29 remaining: 00:00]
                                                             

RUNNING: |          | 195/? [elapsed: 03:29 remaining: 00:00]
RUNNING: |          | 195/? [elapsed: 03:39 remaining: 00:00]
RUNNING: |          | 205/? [elapsed: 03:39 remaining: 00:00]
                                                             

RUNNING: |          | 205/? [elapsed: 03:39 remaining: 00:00]
RUNNING: |          | 205/? [elapsed: 03:46 remaining: 00:00]
RUNNING: |          | 211/? [elapsed: 03:46 remaining: 00:00]
                                                             

RUNNING: |          | 211/? [elapsed: 03:46 remaining: 00:00]
RUNNING: |          | 211/? [elapsed: 03:53 remaining: 00:00]
RUNNING: |          | 218/? [elapsed: 03:53 remaining: 00:00]
                                                             

RUNNING: |          | 218/? [elapsed: 03:53 remaining: 00:00]
RUNNING: |          | 218/? [elapsed: 04:03 remaining: 00:00]
RUNNING: |          | 227/? [elapsed: 04:03 remaining: 00:00]
                                                             

RUNNING: |          | 227/? [elapsed: 04:03 remaining: 00:00]
RUNNING: |          | 227/? [elapsed: 04:10 remaining: 00:00]
RUNNING: |          | 234/? [elapsed: 04:10 remaining: 00:00]
                                                             

RUNNING: |          | 234/? [elapsed: 04:10 remaining: 00:00]
RUNNING: |          | 234/? [elapsed: 04:19 remaining: 00:00]
RUNNING: |          | 242/? [elapsed: 04:19 remaining: 00:00]
                                                             

RUNNING: |          | 242/? [elapsed: 04:19 remaining: 00:00]
RUNNING: |          | 242/? [elapsed: 04:28 remaining: 00:00]
RUNNING: |          | 251/? [elapsed: 04:28 remaining: 00:00]
                                                             

RUNNING: |          | 251/? [elapsed: 04:28 remaining: 00:00]
RUNNING: |          | 251/? [elapsed: 04:34 remaining: 00:00]
RUNNING: |          | 256/? [elapsed: 04:34 remaining: 00:00]
                                                             

RUNNING: |          | 256/? [elapsed: 04:34 remaining: 00:00]
RUNNING: |          | 256/? [elapsed: 04:39 remaining: 00:00]
RUNNING: |          | 261/? [elapsed: 04:39 remaining: 00:00]
                                                             

RUNNING: |          | 261/? [elapsed: 04:39 remaining: 00:00]
RUNNING: |          | 261/? [elapsed: 04:47 remaining: 00:00]
RUNNING: |          | 268/? [elapsed: 04:47 remaining: 00:00]
                                                             

RUNNING: |          | 268/? [elapsed: 04:47 remaining: 00:00]
RUNNING: |          | 268/? [elapsed: 04:55 remaining: 00:00]
RUNNING: |          | 276/? [elapsed: 04:55 remaining: 00:00]
                                                             

RUNNING: |          | 276/? [elapsed: 04:55 remaining: 00:00]
RUNNING: |          | 276/? [elapsed: 05:04 remaining: 00:00]
RUNNING: |          | 284/? [elapsed: 05:04 remaining: 00:00]
                                                             

RUNNING: |          | 284/? [elapsed: 05:04 remaining: 00:00]
RUNNING: |          | 284/? [elapsed: 05:13 remaining: 00:00]
RUNNING: |          | 293/? [elapsed: 05:13 remaining: 00:00]
                                                             

RUNNING: |          | 293/? [elapsed: 05:13 remaining: 00:00]
RUNNING: |          | 293/? [elapsed: 05:22 remaining: 00:00]
RUNNING: |          | 301/? [elapsed: 05:22 remaining: 00:00]
                                                             

RUNNING: |          | 301/? [elapsed: 05:22 remaining: 00:00]
RUNNING: |          | 301/? [elapsed: 05:27 remaining: 00:00]
RUNNING: |          | 306/? [elapsed: 05:27 remaining: 00:00]
                                                             

RUNNING: |          | 306/? [elapsed: 05:27 remaining: 00:00]
RUNNING: |          | 306/? [elapsed: 05:38 remaining: 00:00]
RUNNING: |          | 316/? [elapsed: 05:38 remaining: 00:00]
                                                             

RUNNING: |          | 316/? [elapsed: 05:38 remaining: 00:00]
RUNNING: |          | 316/? [elapsed: 05:46 remaining: 00:00]
RUNNING: |          | 324/? [elapsed: 05:46 remaining: 00:00]
                                                             

RUNNING: |          | 324/? [elapsed: 05:46 remaining: 00:00]
RUNNING: |          | 324/? [elapsed: 05:57 remaining: 00:00]
RUNNING: |          | 334/? [elapsed: 05:57 remaining: 00:00]
                                                             

RUNNING: |          | 334/? [elapsed: 05:57 remaining: 00:00]
RUNNING: |          | 334/? [elapsed: 06:07 remaining: 00:00]
RUNNING: |          | 344/? [elapsed: 06:07 remaining: 00:00]
                                                             

RUNNING: |          | 344/? [elapsed: 06:07 remaining: 00:00]
RUNNING: |          | 344/? [elapsed: 06:13 remaining: 00:00]
RUNNING: |          | 349/? [elapsed: 06:13 remaining: 00:00]
                                                             

RUNNING: |          | 349/? [elapsed: 06:13 remaining: 00:00]
RUNNING: |          | 349/? [elapsed: 06:18 remaining: 00:00]
RUNNING: |          | 354/? [elapsed: 06:18 remaining: 00:00]
                                                             

RUNNING: |          | 354/? [elapsed: 06:18 remaining: 00:00]
RUNNING: |          | 354/? [elapsed: 06:29 remaining: 00:00]
RUNNING: |          | 364/? [elapsed: 06:29 remaining: 00:00]
                                                             

RUNNING: |          | 364/? [elapsed: 06:29 remaining: 00:00]
RUNNING: |          | 364/? [elapsed: 06:38 remaining: 00:00]
RUNNING: |          | 373/? [elapsed: 06:38 remaining: 00:00]
                                                             

RUNNING: |          | 373/? [elapsed: 06:38 remaining: 00:00]
RUNNING: |          | 373/? [elapsed: 06:46 remaining: 00:00]
RUNNING: |          | 380/? [elapsed: 06:46 remaining: 00:00]
                                                             

RUNNING: |          | 380/? [elapsed: 06:46 remaining: 00:00]
RUNNING: |          | 380/? [elapsed: 06:53 remaining: 00:00]
RUNNING: |          | 387/? [elapsed: 06:53 remaining: 00:00]
                                                             

RUNNING: |          | 387/? [elapsed: 06:53 remaining: 00:00]
RUNNING: |          | 387/? [elapsed: 07:01 remaining: 00:00]
RUNNING: |          | 394/? [elapsed: 07:01 remaining: 00:00]
                                                             

RUNNING: |          | 394/? [elapsed: 07:01 remaining: 00:00]
RUNNING: |          | 394/? [elapsed: 07:08 remaining: 00:00]
RUNNING: |          | 401/? [elapsed: 07:08 remaining: 00:00]
                                                             

RUNNING: |          | 401/? [elapsed: 07:08 remaining: 00:00]
RUNNING: |          | 401/? [elapsed: 07:19 remaining: 00:00]
RUNNING: |          | 411/? [elapsed: 07:19 remaining: 00:00]
                                                             

RUNNING: |          | 411/? [elapsed: 07:19 remaining: 00:00]
RUNNING: |          | 411/? [elapsed: 07:27 remaining: 00:00]
RUNNING: |          | 419/? [elapsed: 07:27 remaining: 00:00]
                                                             

RUNNING: |          | 419/? [elapsed: 07:27 remaining: 00:00]
RUNNING: |          | 419/? [elapsed: 07:38 remaining: 00:00]
RUNNING: |          | 429/? [elapsed: 07:38 remaining: 00:00]
                                                             

RUNNING: |          | 429/? [elapsed: 07:38 remaining: 00:00]
RUNNING: |          | 429/? [elapsed: 07:47 remaining: 00:00]
RUNNING: |          | 438/? [elapsed: 07:47 remaining: 00:00]
                                                             

RUNNING: |          | 438/? [elapsed: 07:47 remaining: 00:00]
COMPLETE: |          | 438/? [elapsed: 07:55 remaining: 00:00]
COMPLETE: |          | 438/? [elapsed: 07:57 remaining: 00:00]
2026-06-23 07:20:55,333 Sleeping for 5s. Reason: PENDING
2026-06-23 07:21:00,823 Sleeping for 10s. Reason: RUNNING
2026-06-23 07:21:11,333 Sleeping for 7s. Reason: RUNNING
2026-06-23 07:21:18,855 Sleeping for 8s. Reason: RUNNING
2026-06-23 07:21:27,341 Sleeping for 8s. Reason: RUNNING
2026-06-23 07:21:35,880 Sleeping for 10s. Reason: RUNNING
2026-06-23 07:21:46,376 Sleeping for 7s. Reason: RUNNING
2026-06-23 07:21:53,899 Sleeping for 7s. Reason: RUNNING
2026-06-23 07:22:01,376 Sleeping for 5s. Reason: RUNNING
2026-06-23 07:22:06,898 Sleeping for 6s. Reason: RUNNING
2026-06-23 07:22:13,396 Sleeping for 5s. Reason: RUNNING
2026-06-23 07:22:18,895 Sleeping for 5s. Reason: RUNNING
2026-06-23 07:22:24,370 Sleeping for 9s. Reason: RUNNING
2026-06-23 07:22:33,850 Sleeping for 7s. Reason: RUNNING
2026-06-23 07:22:41,312 Sleeping for 8s. Reason: RUNNING
2026-06-23 07:22:49,848 Sleeping for 8s. Reason: RUNNING
2026-06-23 07:22:59,315 Sleeping for 8s. Reason: RUNNING
2026-06-23 07:23:07,889 Sleeping for 7s. Reason: RUNNING
2026-06-23 07:23:15,525 Sleeping for 10s. Reason: RUNNING
2026-06-23 07:23:25,999 Sleeping for 9s. Reason: RUNNING
2026-06-23 07:23:35,489 Sleeping for 9s. Reason: RUNNING
2026-06-23 07:23:44,974 Sleeping for 10s. Reason: RUNNING
2026-06-23 07:23:55,451 Sleeping for 10s. Reason: RUNNING
2026-06-23 07:24:05,984 Sleeping for 10s. Reason: RUNNING
2026-06-23 07:24:16,447 Sleeping for 7s. Reason: RUNNING
2026-06-23 07:24:23,941 Sleeping for 10s. Reason: RUNNING
2026-06-23 07:24:34,459 Sleeping for 6s. Reason: RUNNING
2026-06-23 07:24:40,979 Sleeping for 7s. Reason: RUNNING
2026-06-23 07:24:48,481 Sleeping for 9s. Reason: RUNNING
2026-06-23 07:24:57,976 Sleeping for 7s. Reason: RUNNING
2026-06-23 07:25:05,486 Sleeping for 8s. Reason: RUNNING
2026-06-23 07:25:13,989 Sleeping for 9s. Reason: RUNNING
2026-06-23 07:25:23,500 Sleeping for 5s. Reason: RUNNING
2026-06-23 07:25:29,000 Sleeping for 5s. Reason: RUNNING
2026-06-23 07:25:34,487 Sleeping for 7s. Reason: RUNNING
2026-06-23 07:25:41,966 Sleeping for 8s. Reason: RUNNING
2026-06-23 07:25:50,501 Sleeping for 8s. Reason: RUNNING
2026-06-23 07:25:59,032 Sleeping for 9s. Reason: RUNNING
2026-06-23 07:26:08,564 Sleeping for 8s. Reason: RUNNING
2026-06-23 07:26:17,074 Sleeping for 5s. Reason: RUNNING
2026-06-23 07:26:22,577 Sleeping for 10s. Reason: RUNNING
2026-06-23 07:26:33,063 Sleeping for 8s. Reason: RUNNING
2026-06-23 07:26:41,534 Sleeping for 10s. Reason: RUNNING
2026-06-23 07:26:52,051 Sleeping for 10s. Reason: RUNNING
2026-06-23 07:27:02,535 Sleeping for 5s. Reason: RUNNING
2026-06-23 07:27:08,033 Sleeping for 5s. Reason: RUNNING
2026-06-23 07:27:13,553 Sleeping for 10s. Reason: RUNNING
2026-06-23 07:27:24,040 Sleeping for 9s. Reason: RUNNING
2026-06-23 07:27:33,522 Sleeping for 7s. Reason: RUNNING
2026-06-23 07:27:41,034 Sleeping for 7s. Reason: RUNNING
2026-06-23 07:27:48,524 Sleeping for 7s. Reason: RUNNING
2026-06-23 07:27:56,030 Sleeping for 7s. Reason: RUNNING
2026-06-23 07:28:03,521 Sleeping for 10s. Reason: RUNNING
2026-06-23 07:28:14,031 Sleeping for 8s. Reason: RUNNING
2026-06-23 07:28:22,564 Sleeping for 10s. Reason: RUNNING
2026-06-23 07:28:33,084 Sleeping for 9s. Reason: RUNNING
2026-06-23 07:28:42,604 Sleeping for 7s. Reason: RUNNING
2026-06-23 07:32:50,218 alphafold2_ptm_model_1_seed_000 recycle=0 pLDDT=84.1 pTM=0.496
2026-06-23 07:35:00,914 alphafold2_ptm_model_1_seed_000 recycle=1 pLDDT=86.2 pTM=0.519 tol=13.2
2026-06-23 07:35:00,917 alphafold2_ptm_model_1_seed_000 took 323.7s (1 recycles)
2026-06-23 07:35:02,641 reranking models by 'plddt' metric
2026-06-23 07:35:02,642 rank_001_alphafold2_ptm_model_1_seed_000 pLDDT=86.2 pTM=0.519
2026-06-23 07:35:04,289 Done
  ✓ Fold receptors · ColabFold (auto-detected) · ColabFold finished -> · 8h 20m
     → intermediate_files/Zinfandel_filtered_RLKs_job35155813_99f5/receptor_only
▶ Structure analysis · LRR annotation  (est. ~15–90s)
  ✓ Structure analysis · LRR annotation · 62 LRR region row(s) · 6m 21s
     → intermediate_files/Zinfandel_filtered_RLKs_job35155813_99f5/lrr_annotation_results.txt
▶ LRR-domain FASTA  (est. <5s)
  ✓ LRR-domain FASTA · 62 sequence(s) · 0.0s
     → intermediate_files/Zinfandel_filtered_RLKs_job35155813_99f5/lrr_domain_sequences.fasta
▶ B-factor winding analysis  (est. ~10–60s)
  ✓ B-factor winding analysis · 28673 row(s) · 22.4s
     → intermediate_files/Zinfandel_filtered_RLKs_job35155813_99f5/bfactor_winding_lrr_segments.csv
▶ Test-data assembly  (est. <10s)
  ✓ Test-data assembly · 62 row(s) · 0.2s
     → intermediate_files/Zinfandel_filtered_RLKs_job35155813_99f5/test_data.csv
▶ Chemical-feature annotation  (est. <10s)
  ✓ Chemical-feature annotation · 62 row(s) · 0.2s
     → intermediate_files/Zinfandel_filtered_RLKs_job35155813_99f5/ready_test_data.csv
/global/scratch/users/dmstev/localcolabfold/colabfold-conda/lib/python3.10/site-packages/torch/cuda/__init__.py:384: UserWarning: Found GPU0 Tesla V100-SXM2-32GB which is of compute capability (CC) 7.0.
The following list shows the CCs this version of PyTorch was built for and the hardware CCs it supports:
- 7.5 which supports hardware CC >=7.5,<8.0
- 8.0 which supports hardware CC >=8.0,<9.0 except {8.7}
- 8.6 which supports hardware CC >=8.6,<9.0 except {8.7}
- 9.0 which supports hardware CC >=9.0,<10.0
- 10.0 which supports hardware CC >=10.0,<11.0 except {10.1}
- 12.0 which supports hardware CC >=12.0,<13.0
Please follow the instructions at https://pytorch.org/get-started/locally/ to install a PyTorch release that supports one of these CUDA versions: 12.6
  _warn_unsupported_code(d, device_cc, code_ccs)
  ⚠ requested --device cuda, but it is unusable: GPU 'Tesla V100-SXM2-32GB' is compute capability 7.0 (sm_70), but this PyTorch was built only for [sm_75, sm_80, sm_86, sm_90, sm_100, sm_120]. Install a torch build that includes this GPU's architecture. Falling back to --device cpu. Run `mamp-ml install-check` to diagnose, and the README's install section for a GPU-compatible PyTorch.
▶ Predict · ESM-2 inference  (est. ~30s–3 min on GPU, longer on CPU)
    ↳ weights: /global/scratch/users/dmstev/localcolabfold/colabfold-conda/lib/python3.10/site-packages/mamp_ml/weights/mamp_ml_weights.pth
Not using distributed mode
[07:44:36.388342] Namespace(seed=0, debug='', repeat_thresh=0.001, n_fed_cats=-1, detic_path=PosixPath('/path/to/file'), pos_thresh=0.5, aa_expand='scratch', single_dec='naive', head_dim=128, backbone='esm2_t33_650M_UR50D', finetune_backbone='/scratch/cluster/jozhang/models/openfold_params/finetuning_ptm_2.pt', freeze_at=14, model='esm2_bfactor_weighted', data_dir=None, eval_only_data_path='/global/scratch/users/dmstev/intermediate_files/Zinfandel_filtered_RLKs_job35155813_99f5/ready_test_data.csv', n_msa_seqs=128, n_extra_msa_seqs=1024, af_extract_feat='both', max_context_length=2000, num_workers=10, epochs=50, batch_size=8, lr=0.0003, min_lr=1e-09, weight_decay=0.5, warmup_epochs=10, cross_eval_kfold=None, lambda_single=0.1, loss_single_aug='none', lambda_double=1.0, double_subsample_destabilizing_ratio=8, lambda_pos=4, eval=False, dist_eval=False, eval_reverse=False, test=False, finetune='', resume='', start_epoch=0, save_pred_dict=False, eval_period=5, save_period=1000, disable_wandb=True, model_checkpoint_path='/global/scratch/users/dmstev/localcolabfold/colabfold-conda/lib/python3.10/site-packages/mamp_ml/weights/mamp_ml_weights.pth', device='cpu', world_size=1, name_to_x='../out_data/colabfold_name_to_x.pt', local_rank=-1, dist_on_itp=False, dist_url='env://', contrastive_output=True, bfactor_csv_path='/global/scratch/users/dmstev/intermediate_files/Zinfandel_filtered_RLKs_job35155813_99f5/bfactor_winding_lrr_segments.csv', output_dir=PosixPath('/global/scratch/users/dmstev/intermediate_files/Zinfandel_filtered_RLKs_job35155813_99f5'), distributed=False)
Loading weights:   0%|          | 0/102 [00:00<?, ?it/s]Loading weights:   1%|          | 1/102 [00:00<00:18,  5.53it/s]Loading weights:  16%|#5        | 16/102 [00:00<00:02, 36.43it/s]Loading weights: 100%|##########| 102/102 [00:00<00:00, 208.47it/s]
[07:44:43.140372] DEBUG Tokenizer Info:
[07:44:43.140440]   - eos_token: <eos>, eos_token_id: 2
[07:44:43.140462]   - cls_token: <cls>, cls_token_id: 0
[07:44:43.140480]   - pad_token: <pad>, pad_token_id: 1
[07:44:43.140498]   - unk_token: <unk>, unk_token_id: 3
[07:44:43.851780] State dict keys: odict_keys(['esm.embeddings.word_embeddings.weight', 'esm.embeddings.position_embeddings.weight', 'esm.encoder.layer.0.attention.self.query.weight', 'esm.encoder.layer.0.attention.self.query.bias', 'esm.encoder.layer.0.attention.self.key.weight', 'esm.encoder.layer.0.attention.self.key.bias', 'esm.encoder.layer.0.attention.self.value.weight', 'esm.encoder.layer.0.attention.self.value.bias', 'esm.encoder.layer.0.attention.self.rotary_embeddings.inv_freq', 'esm.encoder.layer.0.attention.output.dense.weight', 'esm.encoder.layer.0.attention.output.dense.bias', 'esm.encoder.layer.0.attention.LayerNorm.weight', 'esm.encoder.layer.0.attention.LayerNorm.bias', 'esm.encoder.layer.0.intermediate.dense.weight', 'esm.encoder.layer.0.intermediate.dense.bias', 'esm.encoder.layer.0.output.dense.weight', 'esm.encoder.layer.0.output.dense.bias', 'esm.encoder.layer.0.LayerNorm.weight', 'esm.encoder.layer.0.LayerNorm.bias', 'esm.encoder.layer.1.attention.self.query.weight', 'esm.encoder.layer.1.attention.self.query.bias', 'esm.encoder.layer.1.attention.self.key.weight', 'esm.encoder.layer.1.attention.self.key.bias', 'esm.encoder.layer.1.attention.self.value.weight', 'esm.encoder.layer.1.attention.self.value.bias', 'esm.encoder.layer.1.attention.self.rotary_embeddings.inv_freq', 'esm.encoder.layer.1.attention.output.dense.weight', 'esm.encoder.layer.1.attention.output.dense.bias', 'esm.encoder.layer.1.attention.LayerNorm.weight', 'esm.encoder.layer.1.attention.LayerNorm.bias', 'esm.encoder.layer.1.intermediate.dense.weight', 'esm.encoder.layer.1.intermediate.dense.bias', 'esm.encoder.layer.1.output.dense.weight', 'esm.encoder.layer.1.output.dense.bias', 'esm.encoder.layer.1.LayerNorm.weight', 'esm.encoder.layer.1.LayerNorm.bias', 'esm.encoder.layer.2.attention.self.query.weight', 'esm.encoder.layer.2.attention.self.query.bias', 'esm.encoder.layer.2.attention.self.key.weight', 'esm.encoder.layer.2.attention.self.key.bias', 'esm.encoder.layer.2.attention.self.value.weight', 'esm.encoder.layer.2.attention.self.value.bias', 'esm.encoder.layer.2.attention.self.rotary_embeddings.inv_freq', 'esm.encoder.layer.2.attention.output.dense.weight', 'esm.encoder.layer.2.attention.output.dense.bias', 'esm.encoder.layer.2.attention.LayerNorm.weight', 'esm.encoder.layer.2.attention.LayerNorm.bias', 'esm.encoder.layer.2.intermediate.dense.weight', 'esm.encoder.layer.2.intermediate.dense.bias', 'esm.encoder.layer.2.output.dense.weight', 'esm.encoder.layer.2.output.dense.bias', 'esm.encoder.layer.2.LayerNorm.weight', 'esm.encoder.layer.2.LayerNorm.bias', 'esm.encoder.layer.3.attention.self.query.weight', 'esm.encoder.layer.3.attention.self.query.bias', 'esm.encoder.layer.3.attention.self.key.weight', 'esm.encoder.layer.3.attention.self.key.bias', 'esm.encoder.layer.3.attention.self.value.weight', 'esm.encoder.layer.3.attention.self.value.bias', 'esm.encoder.layer.3.attention.self.rotary_embeddings.inv_freq', 'esm.encoder.layer.3.attention.output.dense.weight', 'esm.encoder.layer.3.attention.output.dense.bias', 'esm.encoder.layer.3.attention.LayerNorm.weight', 'esm.encoder.layer.3.attention.LayerNorm.bias', 'esm.encoder.layer.3.intermediate.dense.weight', 'esm.encoder.layer.3.intermediate.dense.bias', 'esm.encoder.layer.3.output.dense.weight', 'esm.encoder.layer.3.output.dense.bias', 'esm.encoder.layer.3.LayerNorm.weight', 'esm.encoder.layer.3.LayerNorm.bias', 'esm.encoder.layer.4.attention.self.query.weight', 'esm.encoder.layer.4.attention.self.query.bias', 'esm.encoder.layer.4.attention.self.key.weight', 'esm.encoder.layer.4.attention.self.key.bias', 'esm.encoder.layer.4.attention.self.value.weight', 'esm.encoder.layer.4.attention.self.value.bias', 'esm.encoder.layer.4.attention.self.rotary_embeddings.inv_freq', 'esm.encoder.layer.4.attention.output.dense.weight', 'esm.encoder.layer.4.attention.output.dense.bias', 'esm.encoder.layer.4.attention.LayerNorm.weight', 'esm.encoder.layer.4.attention.LayerNorm.bias', 'esm.encoder.layer.4.intermediate.dense.weight', 'esm.encoder.layer.4.intermediate.dense.bias', 'esm.encoder.layer.4.output.dense.weight', 'esm.encoder.layer.4.output.dense.bias', 'esm.encoder.layer.4.LayerNorm.weight', 'esm.encoder.layer.4.LayerNorm.bias', 'esm.encoder.layer.5.attention.self.query.weight', 'esm.encoder.layer.5.attention.self.query.bias', 'esm.encoder.layer.5.attention.self.key.weight', 'esm.encoder.layer.5.attention.self.key.bias', 'esm.encoder.layer.5.attention.self.value.weight', 'esm.encoder.layer.5.attention.self.value.bias', 'esm.encoder.layer.5.attention.self.rotary_embeddings.inv_freq', 'esm.encoder.layer.5.attention.output.dense.weight', 'esm.encoder.layer.5.attention.output.dense.bias', 'esm.encoder.layer.5.attention.LayerNorm.weight', 'esm.encoder.layer.5.attention.LayerNorm.bias', 'esm.encoder.layer.5.intermediate.dense.weight', 'esm.encoder.layer.5.intermediate.dense.bias', 'esm.encoder.layer.5.output.dense.weight', 'esm.encoder.layer.5.output.dense.bias', 'esm.encoder.layer.5.LayerNorm.weight', 'esm.encoder.layer.5.LayerNorm.bias', 'esm.encoder.emb_layer_norm_after.weight', 'esm.encoder.emb_layer_norm_after.bias', 'esm.pooler.dense.weight', 'esm.pooler.dense.bias', 'esm.contact_head.regression.weight', 'esm.contact_head.regression.bias', 'film.chemical_proj.0.weight', 'film.chemical_proj.0.bias', 'film.chemical_proj.2.weight', 'film.chemical_proj.2.bias', 'film.chemical_proj.3.weight', 'film.chemical_proj.3.bias', 'film.film_layer.weight', 'film.film_layer.bias', 'film.layer_norm.weight', 'film.layer_norm.bias', 'classifier.0.weight', 'classifier.0.bias', 'classifier.1.weight', 'classifier.1.bias', 'classifier.4.weight', 'classifier.4.bias'])
[07:44:44.430816] ESMBfactorWeightedFeatures(
  (esm): EsmModel(
    (embeddings): EsmEmbeddings(
      (word_embeddings): Embedding(33, 320, padding_idx=1)
      (dropout): Dropout(p=0.0, inplace=False)
    )
    (rotary_embeddings): EsmRotaryEmbedding()
    (encoder): EsmEncoder(
      (layer): ModuleList(
        (0-5): 6 x EsmLayer(
          (attention): EsmAttention(
            (self): EsmSelfAttention(
              (query): Linear(in_features=320, out_features=320, bias=True)
              (key): Linear(in_features=320, out_features=320, bias=True)
              (value): Linear(in_features=320, out_features=320, bias=True)
            )
            (output): EsmSelfOutput(
              (dense): Linear(in_features=320, out_features=320, bias=True)
              (dropout): Dropout(p=0.0, inplace=False)
            )
            (LayerNorm): LayerNorm((320,), eps=1e-05, elementwise_affine=True, bias=True)
          )
          (intermediate): EsmIntermediate(
            (dense): Linear(in_features=320, out_features=1280, bias=True)
          )
          (output): EsmOutput(
            (dense): Linear(in_features=1280, out_features=320, bias=True)
            (dropout): Dropout(p=0.0, inplace=False)
          )
          (LayerNorm): LayerNorm((320,), eps=1e-05, elementwise_affine=True, bias=True)
        )
      )
      (emb_layer_norm_after): LayerNorm((320,), eps=1e-05, elementwise_affine=True, bias=True)
    )
    (pooler): EsmPooler(
      (dense): Linear(in_features=320, out_features=320, bias=True)
      (activation): Tanh()
    )
    (contact_head): EsmContactPredictionHead(
      (regression): Linear(in_features=120, out_features=1, bias=True)
      (activation): Sigmoid()
    )
  )
  (film): FiLMWithConcatenation(
    (chemical_proj): Sequential(
      (0): Linear(in_features=3, out_features=64, bias=True)
      (1): ReLU()
      (2): Linear(in_features=64, out_features=320, bias=True)
      (3): LayerNorm((320,), eps=1e-05, elementwise_affine=True, bias=True)
    )
    (film_layer): Linear(in_features=640, out_features=640, bias=True)
    (layer_norm): LayerNorm((320,), eps=1e-05, elementwise_affine=True, bias=True)
    (dropout): Dropout(p=0.1, inplace=False)
  )
  (classifier): Sequential(
    (0): Linear(in_features=320, out_features=160, bias=True)
    (1): LayerNorm((160,), eps=1e-05, elementwise_affine=True, bias=True)
    (2): ReLU()
    (3): Dropout(p=0.2, inplace=False)
    (4): Linear(in_features=160, out_features=3, bias=True)
  )
  (criterion): CrossEntropyLoss()
)
[07:44:44.431663] Evaluating a model with 1,821,180 trainable parameters out of 7,996,540 parameters
[07:44:44.471664] len(ds_test)=62
[07:44:48.762712] Test:  [0/8]  eta: 0:00:33    time: 4.1905  data: 0.2557  max mem: 0
[07:44:58.470076] Test:  [7/8]  eta: 0:00:01    time: 1.7369  data: 0.0466  max mem: 0
[07:44:58.470650] Test: Total time: 0:00:13 (1.7498 s / it)
[07:44:58.470707] No ground truth labels found. Saving predictions only.
[07:44:58.622940] Successfully added metadata for 62 predictions
[07:44:58.627823] Saved predictions to predictions.csv with 62 rows
[07:44:58.628163] {'predictions_saved': True, 'num_predictions': 62}
  ✓ Predict · ESM-2 inference · 62 prediction(s) · 22.3s
     → intermediate_files/Zinfandel_filtered_RLKs_job35155813_99f5/predictions.csv

──────────────────────────────────────────────────────────────
✓ Prediction complete  · total 8h 30m
  Output folder                     /global/scratch/users/dmstev/output_Zinfandel_filtered_RLKs_job35155813_99f5/
    predictions                     predictions.csv
    LRR annotation plots            lrr_annotation_plots/
    structures                      structures/
    run log                         mamp-ml-run.log
  (remaining intermediates removed  rerun with `--keep all` to retain them)

Step timings
  Receptor FASTA                              1.1s
  Fold receptors · ColabFold (auto-detected)  8h 20m
  Structure analysis · LRR annotation         6m 21s
  LRR-domain FASTA                            0.0s
  B-factor winding analysis                   22.4s
  Test-data assembly                          0.2s
  Chemical-feature annotation                 0.2s
  Predict · ESM-2 inference                   22.3s
  total                                       8h 30m
  reuse these structures with different weights (skips folding):
    mamp-ml predict Zinfandel_filtered_RLKs.xlsx --structures /global/scratch/users/dmstev/output_Zinfandel_filtered_RLKs_job35155813_99f5/structures --weights <other.pth>
