{"train_loss": 0.8690013885498047, "lr": 1.4122396545099138e-09, "train_ce": 0.8690013885498047, "train_acc": 0.7142857142857143, "train_f1_macro": 0.5833333333333334, "train_f1_weighted": 0.6071428571428571, "train_auroc": 0.0, "train_auprc_macro": 0.0, "train_auprc_class0": 0.0, "train_auprc_class1": 0.0, "train_auprc_class2": 0.0, "_timestamp": 1747129829, "_runtime": 8439, "_step": 2679, "_wandb": {"runtime": 8675}}