{"train_loss": 0.035869330167770386, "lr": 1.9138482852699575e-09, "train_ce": 0.035869330167770386, "train_acc": 1.0, "train_f1_macro": 1.0, "train_f1_weighted": 1.0, "train_auroc": 0.0, "train_auprc_macro": 0.0, "train_auprc_class0": 0.0, "train_auprc_class1": 0.0, "train_auprc_class2": 0.0, "_timestamp": 1747257877, "_runtime": 4511, "_step": 1799, "_wandb": {"runtime": 4591}}