{"train_loss": 0.945747971534729, "lr": 1.4122396545099138e-09, "train_ce": 0.945747971534729, "train_acc": 0.42857142857142855, "train_f1_macro": 0.30158730158730157, "train_f1_weighted": 0.38775510204081637, "train_auroc": 0.0, "train_auprc_macro": 0.0, "train_auprc_class0": 0.0, "train_auprc_class1": 0.0, "train_auprc_class2": 0.0, "_timestamp": 1746706538, "_runtime": 29123, "_step": 2679, "_wandb": {"runtime": 30427}}