{"train_loss": 0.09220917522907257, "lr": 1.4122396545099138e-09, "train_ce": 0.09220917522907257, "train_acc": 1.0, "train_f1_macro": 1.0, "train_f1_weighted": 1.0, "train_auroc": 0.0, "train_auprc_macro": 0.0, "train_auprc_class0": 0.0, "train_auprc_class1": 0.0, "train_auprc_class2": 0.0, "_timestamp": 1747121050, "_runtime": 4983, "_step": 2679, "_wandb": {"runtime": 5095}}