{"train_loss": 0.016618549823760986, "lr": 1.4122396545099138e-09, "train_ce": 0.016618549823760986, "train_acc": 1.0, "train_f1_macro": 1.0, "train_f1_weighted": 1.0, "train_auroc": 0.0, "train_auprc_macro": 0.0, "train_auprc_class0": 0.0, "train_auprc_class1": 0.0, "train_auprc_class2": 0.0, "_timestamp": 1746979092, "_runtime": 30662, "_step": 2679, "_wandb": {"runtime": 31232}}