{"train_loss": 0.29709434509277344, "lr": 1.4122396545099138e-09, "train_ce": 0.29709434509277344, "train_acc": 0.8571428571428571, "train_f1_macro": 0.6296296296296297, "train_f1_weighted": 0.7936507936507936, "train_auroc": 0.0, "train_auprc_macro": 0.0, "train_auprc_class0": 0.0, "train_auprc_class1": 0.0, "train_auprc_class2": 0.0, "_timestamp": 1746838577, "_runtime": 21652, "_step": 2679, "_wandb": {"runtime": 22108}}