{"train_loss": 0.06339700520038605, "lr": 1.7552466498418204e-09, "train_ce": 0.06339700520038605, "train_acc": 1.0, "train_f1_macro": 1.0, "train_f1_weighted": 1.0, "train_auroc": 0.0, "train_auprc_macro": 0.0, "train_auprc_class0": 0.0, "train_auprc_class1": 0.0, "train_auprc_class2": 0.0, "_timestamp": 1750742485, "_runtime": 6578, "_step": 1979, "_wandb": {"runtime": 6704}}