#                                                                                             --- full sequence ---- --- best 1 domain ---- --- domain number estimation ----
# target name                                      accession  query name           accession    E-value  score  bias   E-value  score  bias   exp reg clu  ov env dom rep inc description of target
#                              ------------------- ---------- -------------------- ---------- --------- ------ ----- --------- ------ -----   --- --- --- --- --- --- --- --- ---------------------
VITVvi_vZin03_v1.1_P127.ver1.0.g241740.p01         -          LRR_4                PF12799.13   8.6e-78  253.7 194.6     4e-06   25.9   3.2  28.5  15   7  13  32  32  29  21 | TM
VITVvi_vZin03_v1.1_P76.ver1.0.g497560.p01          -          LRR_4                PF12799.13   4.6e-67  219.6 207.2   3.6e-06   26.1   5.4  20.7   6   3  19  27  27  25  22 | SP+TM
VITVvi_vZin03_v1.1_P240.ver1.0.g338700.p01         -          LRR_4                PF12799.13   1.3e-61  202.2 118.0     2e-07   30.1   1.2  18.2  14   2   3  19  19  17  15 | TM
VITVvi_vZin03_v1.1_P171.ver1.0.g289350.p01         -          LRR_4                PF12799.13   1.3e-59  195.9 101.6   4.9e-06   25.7   0.1  17.5  11   3   6  19  19  19  14 | SP
VITVvi_vZin03_v1.1_P407.ver1.0.g413230.p01         -          LRR_4                PF12799.13   3.4e-59  194.6 131.0   2.9e-07   29.6   1.7  18.6   7   4  14  24  24  23  18 | TM
VITVvi_vZin03_v1.1_P240.ver1.0.g338600.p01         -          LRR_4                PF12799.13   1.1e-57  189.8 118.4   1.4e-06   27.4   0.6  18.5  14   4   4  19  19  16  14 | SP+TM
VITVvi_vZin03_v1.1_P114.ver1.0.g228830.p01         -          LRR_4                PF12799.13   1.2e-57  189.6  91.5   1.2e-06   27.6   0.2  16.3  10   5   3  16  16  14  13 | SP+TM
VITVvi_vZin03_v1.1_P104.ver1.0.g215620.p01         -          LRR_4                PF12799.13   8.4e-56  183.8  99.6   6.7e-06   25.2   3.5  16.3  11   5   4  16  16  14  13 | SP+TM
VITVvi_vZin03_v1.1_P28.ver1.0.g356210.p01          -          LRR_4                PF12799.13   2.8e-55  182.1  79.9   9.4e-07   28.0   0.1  16.4   9   3   5  17  17  16  14 | SP+TM
VITVvi_vZin03_v1.1_P407.ver1.0.g413240.p01         -          LRR_4                PF12799.13   3.8e-55  181.7 128.1   1.3e-06   27.5   2.6  17.8   7   3  14  23  23  23  20 | TM
VITVvi_vZin03_v1.1_P152.ver1.0.g270960.p01         -          LRR_4                PF12799.13   1.9e-54  179.5  95.4   2.8e-06   26.5   1.1  18.1  13   4   4  18  18  17  15 | TM
VITVvi_vZin03_v1.1_H001003F_001.ver1.0.g199210.p01 -          LRR_4                PF12799.13     1e-53  177.2  85.0   3.1e-05   23.1   0.8  15.2   9   2   6  17  17  16  13 | TM
VITVvi_vZin03_v1.1_P73.ver1.0.g495420.p01          -          LRR_4                PF12799.13   1.9e-53  176.3 198.0     8e-06   25.0   4.8  20.7  10   4   8  23  23  22  20 | SP+TM
VITVvi_vZin03_v1.1_P74.ver1.0.g495780.p01          -          LRR_4                PF12799.13   3.9e-53  175.3 102.5   3.9e-05   22.8   0.3  18.0  11   3  10  21  21  19  16 | SP+TM
VITVvi_vZin03_v1.1_P398.ver1.0.g403160.p01         -          LRR_4                PF12799.13   4.6e-53  175.1 112.7   3.3e-06   26.2   2.3  17.7   9   2   8  20  20  19  16 | TM
VITVvi_vZin03_v1.1_P87.ver1.0.g515400.p01          -          LRR_4                PF12799.13   1.9e-52  173.1 129.7   3.8e-06   26.0   1.0  18.6  13   4   3  18  18  17  15 | TM
VITVvi_vZin03_v1.1_P28.ver1.0.g357670.p01          -          LRR_4                PF12799.13   3.3e-52  172.4 137.0   6.9e-06   25.2   2.7  18.8   8   3  16  26  26  24  19 | TM
VITVvi_vZin03_v1.1_P456.ver1.0.g429780.p01         -          LRR_4                PF12799.13   2.6e-51  169.5 100.1   4.9e-07   28.8   2.7  16.4   9   5   7  18  18  16  14 | SP+TM
VITVvi_vZin03_v1.1_P240.ver1.0.g338620.p01         -          LRR_4                PF12799.13   7.5e-51  168.1 134.7     7e-06   25.2   2.7  19.9  11   4  10  23  23  20  17 | SP+TM
VITVvi_vZin03_v1.1_P127.ver1.0.g241810.p01         -          LRR_4                PF12799.13   1.1e-50  167.6  97.6   2.1e-05   23.7   3.6  16.5  10   3   7  19  19  18  17 | SP+TM
VITVvi_vZin03_v1.1_P3.ver1.0.g364460.p01           -          LRR_4                PF12799.13   6.4e-50  165.1  61.0   4.1e-06   25.9   1.0  12.8   8   3   5  14  14  13  12 | SP+TM
VITVvi_vZin03_v1.1_P254.ver1.0.g345140.p01         -          LRR_4                PF12799.13   6.8e-50  165.0  61.0   5.5e-06   25.5   1.3  12.6   9   3   3  13  13  12  10 | SP+TM
VITVvi_vZin03_v1.1_P74.ver1.0.g495760.p01          -          LRR_4                PF12799.13   1.2e-49  164.2 101.0   5.4e-06   25.5   2.0  16.3  13   1   3  18  18  16  12 | TM
VITVvi_vZin03_v1.1_H000019F_012.ver1.0.g053970.p01 -          LRR_4                PF12799.13     2e-49  163.5 107.2   5.2e-06   25.6   0.1  17.6  15   4   3  19  19  17  14 | SP+TM
VITVvi_vZin03_v1.1_P254.ver1.0.g345150.p01         -          LRR_4                PF12799.13   2.7e-49  163.1  61.2   4.7e-06   25.7   1.0  12.6   9   2   3  13  13  13  11 | SP+TM
VITVvi_vZin03_v1.1_P240.ver1.0.g338580.p01         -          LRR_4                PF12799.13     7e-49  161.8 108.1   1.5e-06   27.3   0.6  17.5  11   4   9  21  21  18  12 | TM
VITVvi_vZin03_v1.1_H000448F_001.ver1.0.g193600.p01 -          LRR_4                PF12799.13   2.7e-48  159.9 126.3   9.7e-06   24.7   1.9  18.5  13   3   7  21  21  16  15 | TM
VITVvi_vZin03_v1.1_P398.ver1.0.g403150.p01         -          LRR_4                PF12799.13   3.9e-48  159.4 133.3   6.8e-06   25.2   1.2  21.4   6   2  18  27  27  23  17 | SP+TM
VITVvi_vZin03_v1.1_P138.ver1.0.g251740.p01         -          LRR_4                PF12799.13   5.3e-48  159.0 133.0   5.7e-05   22.3   0.2  19.5  12   6   9  22  22  18  13 | SP+TM
VITVvi_vZin03_v1.1_P119.ver1.0.g232200.p01         -          LRR_4                PF12799.13   5.7e-48  158.9 136.0   2.4e-06   26.6   0.6  18.4  10   2   9  21  21  19  15 | SP+TM
VITVvi_vZin03_v1.1_P128.ver1.0.g241860.p01         -          LRR_4                PF12799.13     1e-47  158.1 224.1   3.7e-05   22.9   3.6  23.3  14   3   9  26  26  25  20 | SP+TM
VITVvi_vZin03_v1.1_P104.ver1.0.g215550.p01         -          LRR_4                PF12799.13   1.3e-47  157.7 104.7   7.5e-07   28.3   2.9  16.5   6   5  12  20  20  19  15 | SP+TM
VITVvi_vZin03_v1.1_H000155F_004.ver1.0.g153220.p01 -          LRR_4                PF12799.13   2.1e-47  157.1 108.9   9.1e-06   24.8   1.1  17.7  15   3   1  18  18  13  11 | SP+TM
VITVvi_vZin03_v1.1_P27.ver1.0.g351500.p01          -          LRR_4                PF12799.13   2.1e-47  157.1 108.9   9.1e-06   24.8   1.1  17.7  15   3   1  18  18  13  11 | SP+TM
VITVvi_vZin03_v1.1_H000232F_006.ver1.0.g175810.p01 -          LRR_4                PF12799.13   6.3e-47  155.6  67.5     7e-08   31.5   4.5  12.8  11   1   0  12  12  10   8 | SP+TM
VITVvi_vZin03_v1.1_P188.ver1.0.g302390.p01         -          LRR_4                PF12799.13   6.3e-47  155.6  67.5     7e-08   31.5   4.5  12.8  11   1   0  12  12  10   8 | SP+TM
VITVvi_vZin03_v1.1_P114.ver1.0.g228770.p01         -          LRR_4                PF12799.13   7.2e-47  155.4  92.2   4.2e-07   29.0   1.5  14.1   9   3   6  15  15  13  11 | SP
VITVvi_vZin03_v1.1_P28.ver1.0.g357680.p01          -          LRR_4                PF12799.13     9e-47  155.1 139.1     1e-05   24.7   4.0  18.9   6   4  15  24  24  21  19 | TM
VITVvi_vZin03_v1.1_P279.ver1.0.g355820.p01         -          LRR_4                PF12799.13     1e-46  155.0 118.2     1e-05   24.7   7.4  14.5   9   2   2  14  14  13  11 | SP+TM
VITVvi_vZin03_v1.1_P240.ver1.0.g338640.p01         -          LRR_4                PF12799.13   1.6e-46  154.3  86.0   4.2e-06   25.9   2.4  13.6   7   3   7  16  16  15  15 | SP
VITVvi_vZin03_v1.1_H000464F_001.ver1.0.g194380.p01 -          LRR_4                PF12799.13   3.5e-46  153.2 105.9   8.4e-06   24.9   2.1  17.3  11   4   7  19  19  17  14 | TM
VITVvi_vZin03_v1.1_P272.ver1.0.g353580.p01         -          LRR_4                PF12799.13   4.2e-46  153.0 108.7   1.5e-07   30.4   0.4  17.0  11   4   5  17  17  14  13 | TM
VITVvi_vZin03_v1.1_H000084F_004.ver1.0.g118330.p01 -          LRR_4                PF12799.13   6.8e-46  152.3  70.1   3.4e-06   26.2   3.4  12.6  12   0   0  12  12  11   9 | SP
VITVvi_vZin03_v1.1_P66.ver1.0.g481640.p01          -          LRR_4                PF12799.13   1.1e-45  151.6 116.7   6.9e-06   25.2   0.9  17.8   9   4  14  23  23  21  15 | SP+TM
VITVvi_vZin03_v1.1_P272.ver1.0.g353680.p01         -          LRR_4                PF12799.13   1.4e-45  151.3 112.3   3.8e-07   29.2   5.8  18.1  14   3   6  20  20  17  12 | SP
VITVvi_vZin03_v1.1_P423.ver1.0.g421190.p01         -          LRR_4                PF12799.13   1.4e-45  151.3 114.9   7.5e-06   25.1   3.3  17.1   8   3  13  21  21  21  16 | SP+TM
VITVvi_vZin03_v1.1_P3.ver1.0.g364500.p01           -          LRR_4                PF12799.13   1.5e-45  151.2  66.0   2.2e-06   26.8   1.1  13.2   6   3   9  16  16  15  14 | SP+TM
VITVvi_vZin03_v1.1_P208.ver1.0.g319480.p01         -          LRR_4                PF12799.13   1.9e-45  150.9 117.7   1.2e-05   24.5   0.6  17.7  11   3   6  19  19  17  14 | SP+TM
VITVvi_vZin03_v1.1_P22.ver1.0.g327880.p01          -          LRR_4                PF12799.13   2.1e-45  150.8 115.0     1e-05   24.7   0.1  17.2   8   3  14  22  22  22  16 | SP
VITVvi_vZin03_v1.1_P117.ver1.0.g230880.p01         -          LRR_4                PF12799.13   3.3e-45  150.1 111.1   1.8e-05   23.8   3.6  17.5  11   4   5  19  19  15  12 | SP+TM
VITVvi_vZin03_v1.1_P225.ver1.0.g329790.p01         -          LRR_4                PF12799.13   6.4e-45  149.2 116.0   2.8e-05   23.3   0.1  18.1  14   5   6  20  20  17  15 | SP+TM
VITVvi_vZin03_v1.1_P272.ver1.0.g353560.p01         -          LRR_4                PF12799.13   2.7e-44  147.2  99.6   3.5e-07   29.3   5.8  16.4  14   1   2  17  17  13   8 | TM
VITVvi_vZin03_v1.1_H000084F_006.ver1.0.g118420.p01 -          LRR_4                PF12799.13   3.9e-44  146.7  77.0   7.8e-06   25.0   0.9  12.9  11   2   0  12  12  10   9 | SP+TM
VITVvi_vZin03_v1.1_H000079F_010.ver1.0.g113650.p01 -          LRR_4                PF12799.13   4.3e-44  146.6  87.3   1.6e-07   30.4   2.3  13.6  10   3   2  13  13  12   9 | SP+TM
VITVvi_vZin03_v1.1_H000079F_014.ver1.0.g114300.p01 -          LRR_4                PF12799.13   4.9e-44  146.4  88.3   1.6e-07   30.4   2.3  13.6  10   3   2  13  13  12   9 | SP+TM
VITVvi_vZin03_v1.1_H000028F_009.ver1.0.g066050.p01 -          LRR_4                PF12799.13   5.2e-44  146.3  44.9   3.7e-07   29.2   0.1  10.4   9   1   1  10  10  10  10 | SP
VITVvi_vZin03_v1.1_P152.ver1.0.g270980.p01         -          LRR_4                PF12799.13   6.6e-44  146.0  73.8   1.2e-06   27.6   0.6  13.4   9   3   4  14  14  13  11 | TM
VITVvi_vZin03_v1.1_H000010F_003.ver1.0.g034000.p01 -          LRR_4                PF12799.13   7.7e-44  145.8  96.4   1.9e-05   23.8   0.1  14.9   8   4   6  16  16  14  13 | SP+TM
VITVvi_vZin03_v1.1_H000086F_006.ver1.0.g120420.p01 -          LRR_4                PF12799.13   1.7e-43  144.7 120.6   1.3e-05   24.4   3.6  15.8   9   3   3  16  16  14  13 | SP+TM
VITVvi_vZin03_v1.1_P12.ver1.0.g233190.p01          -          LRR_4                PF12799.13     2e-43  144.4  96.0   2.1e-05   23.7   0.1  14.9   8   4   6  16  16  14  13 | SP+TM
VITVvi_vZin03_v1.1_P440.ver1.0.g426480.p01         -          LRR_4                PF12799.13   4.1e-43  143.5 112.1   6.6e-06   25.3   3.5  16.7  10   5   9  20  20  18  16 | TM
VITVvi_vZin03_v1.1_P25.ver1.0.g342180.p01          -          LRR_4                PF12799.13   5.1e-43  143.2 101.9   1.6e-05   24.1   2.3  17.3   7   5   8  18  18  17  14 | SP+TM
VITVvi_vZin03_v1.1_P128.ver1.0.g241870.p01         -          LRR_4                PF12799.13   5.4e-43  143.1 151.2   1.2e-05   24.5   0.9  18.1   9   4   8  19  19  18  15 | SP+TM
VITVvi_vZin03_v1.1_H000084F_004.ver1.0.g118310.p01 -          LRR_4                PF12799.13   1.6e-42  141.6  81.1   3.3e-06   26.2   4.4  14.0   7   3  12  19  19  15  13 | SP
VITVvi_vZin03_v1.1_P3.ver1.0.g364510.p01           -          LRR_4                PF12799.13   2.1e-42  141.2  73.9   1.6e-06   27.2   0.8  12.9   8   3   7  15  15  14  12 | SP+TM
VITVvi_vZin03_v1.1_P110.ver1.0.g224780.p01         -          LRR_4                PF12799.13   3.3e-42  140.6  67.1   1.8e-06   27.0   2.1  14.3   8   3   6  16  16  13  11 | SP+TM
VITVvi_vZin03_v1.1_H000412F_001.ver1.0.g192250.p01 -          LRR_4                PF12799.13   5.8e-42  139.8 123.4   1.8e-05   23.9   0.2  17.2  10   3   9  20  20  19  16 | SP+TM
VITVvi_vZin03_v1.1_P312.ver1.0.g376040.p01         -          LRR_4                PF12799.13   6.4e-42  139.7 123.2   1.8e-05   23.9   0.2  17.3  10   3   9  20  20  19  16 | SP+TM
VITVvi_vZin03_v1.1_H000125F_002.ver1.0.g138310.p01 -          LRR_4                PF12799.13   6.9e-42  139.6  67.8   3.5e-06   26.1   3.0  14.3   8   3   6  16  16  13  11 | SP+TM
VITVvi_vZin03_v1.1_P120.ver1.0.g237100.p01         -          LRR_4                PF12799.13     8e-42  139.4 157.4   9.7e-06   24.7   2.1  18.1  10   4   9  20  20  18  13 | SP+TM
VITVvi_vZin03_v1.1_P27.ver1.0.g352250.p01          -          LRR_4                PF12799.13   1.1e-41  138.9 109.1   2.4e-05   23.5   0.7  17.4  12   3   4  18  18  12  10 | SP+TM
VITVvi_vZin03_v1.1_P259.ver1.0.g346100.p01         -          LRR_4                PF12799.13   1.4e-41  138.6  85.8   9.9e-07   27.9   2.3  15.4   8   5   6  16  16  14  13 | SP+TM
VITVvi_vZin03_v1.1_H000286F_002.ver1.0.g184330.p01 -          LRR_4                PF12799.13   1.5e-41  138.5  63.4   0.00014   21.1   0.2  12.7  10   1   3  13  13  13  11 | SP+TM
VITVvi_vZin03_v1.1_P171.ver1.0.g289360.p01         -          LRR_4                PF12799.13   1.8e-41  138.3  80.3   7.6e-07   28.2   2.4  12.4   7   3   8  15  15  14  11 | TM
VITVvi_vZin03_v1.1_H000001F_033.ver1.0.g006390.p01 -          LRR_4                PF12799.13   2.3e-41  137.9  71.7   0.00013   21.2   1.4  12.4   6   2   6  14  14  14  12 | SP
VITVvi_vZin03_v1.1_P104.ver1.0.g215590.p01         -          LRR_4                PF12799.13   2.9e-41  137.6  79.2   5.6e-07   28.7   2.3  13.6   6   4  10  17  17  15  14 | TM
VITVvi_vZin03_v1.1_P398.ver1.0.g403080.p01         -          LRR_4                PF12799.13     3e-41  137.5  94.2   1.3e-06   27.5   0.6  16.0  10   3   3  16  16  14  11 | SP+TM
VITVvi_vZin03_v1.1_P5.ver1.0.g445190.p01           -          LRR_4                PF12799.13   4.6e-41  137.0 122.2   8.7e-05   21.7   0.1  17.1   9   2  12  23  23  21  16 | SP+TM
VITVvi_vZin03_v1.1_P22.ver1.0.g327470.p01          -          LRR_4                PF12799.13   4.7e-41  136.9  98.5   1.9e-05   23.8   0.2  15.4  11   1   8  19  19  17  14 | SP+TM
VITVvi_vZin03_v1.1_P120.ver1.0.g237110.p01         -          LRR_4                PF12799.13   4.9e-41  136.9 131.0   1.1e-06   27.7   2.2  16.6   7   4  12  21  21  18  14 | TM
VITVvi_vZin03_v1.1_P224.ver1.0.g329700.p01         -          LRR_4                PF12799.13   5.8e-41  136.6  62.6   0.00014   21.1   0.2  12.6  10   1   3  13  13  13  11 | SP+TM
VITVvi_vZin03_v1.1_P272.ver1.0.g353690.p01         -          LRR_4                PF12799.13   7.6e-41  136.3 106.2   2.1e-06   26.8   2.4  18.0  13   3   7  20  20  17  13 | SP+TM
VITVvi_vZin03_v1.1_P259.ver1.0.g346060.p01         -          LRR_4                PF12799.13   1.8e-40  135.1 107.5   8.6e-06   24.9   3.7  16.3   6   4  10  20  20  17  13 | SP+TM
VITVvi_vZin03_v1.1_P572.ver1.0.g463470.p01         -          LRR_4                PF12799.13   1.9e-40  135.0  81.3   3.3e-06   26.2   2.2  16.1   9   4   7  17  17  12   9 | SP+TM
VITVvi_vZin03_v1.1_P138.ver1.0.g251760.p01         -          LRR_4                PF12799.13   2.3e-40  134.7  76.2   3.2e-06   26.3   2.1  14.7   4   2   7  16  16  16  11 | SP
VITVvi_vZin03_v1.1_H000464F_001.ver1.0.g194300.p01 -          LRR_4                PF12799.13   3.3e-40  134.2 104.8   6.4e-06   25.3   3.7  15.7   3   3  16  21  21  19  17 | TM
VITVvi_vZin03_v1.1_P266.ver1.0.g350340.p01         -          LRR_4                PF12799.13   5.2e-40  133.6  75.1   0.00011   21.4   2.4  15.1   8   3   6  17  17  16  11 | SP+TM
VITVvi_vZin03_v1.1_P254.ver1.0.g345130.p01         -          LRR_4                PF12799.13   5.7e-40  133.5  86.0   1.5e-05   24.1   0.6  12.9   7   3   4  14  14  13  12 | SP+TM
VITVvi_vZin03_v1.1_P22.ver1.0.g325350.p01          -          LRR_4                PF12799.13   5.7e-40  133.5  78.9   3.5e-06   26.1   1.7  14.9  10   3   4  15  15  13   9 | SP+TM
VITVvi_vZin03_v1.1_P440.ver1.0.g426490.p01         -          LRR_4                PF12799.13   6.4e-40  133.3  79.9   1.6e-06   27.2   0.2  12.5   4   4   6  14  14  13  11 | TM
VITVvi_vZin03_v1.1_H000019F_012.ver1.0.g053780.p01 -          LRR_4                PF12799.13   8.1e-40  133.0  98.7   1.9e-05   23.8   0.2  15.0  11   1   7  18  18  16  14 | SP+TM
VITVvi_vZin03_v1.1_P19.ver1.0.g303860.p01          -          LRR_4                PF12799.13   8.1e-40  133.0 109.6   1.4e-05   24.2   5.2  14.2   7   4   8  16  16  16  14 | TM
VITVvi_vZin03_v1.1_P3.ver1.0.g364520.p01           -          LRR_4                PF12799.13   8.6e-40  132.9  86.5   1.5e-05   24.1   0.6  12.9   7   3   4  14  14  13  12 | SP+TM
VITVvi_vZin03_v1.1_P68.ver1.0.g485320.p01          -          LRR_4                PF12799.13     1e-39  132.7  48.7   5.1e-08   32.0   2.3   8.3   7   1   1   8   8   8   7 | SP
VITVvi_vZin03_v1.1_H000019F_008.ver1.0.g052080.p01 -          LRR_4                PF12799.13   1.2e-39  132.5  80.5   3.5e-06   26.1   1.7  15.0   9   3   8  17  17  15  10 | SP+TM
VITVvi_vZin03_v1.1_P677.ver1.0.g484610.p01         -          LRR_4                PF12799.13   2.1e-39  131.7  76.4   3.9e-06   26.0   1.4  12.3   5   3   7  14  14  12  12 | TM
VITVvi_vZin03_v1.1_H000027F_017.ver1.0.g064940.p01 -          LRR_4                PF12799.13   2.9e-39  131.3 108.1   3.6e-06   26.1   3.7  17.0   6   5  13  22  22  20  13 | SP+TM
VITVvi_vZin03_v1.1_P25.ver1.0.g342170.p01          -          LRR_4                PF12799.13   2.9e-39  131.3 108.1   3.6e-06   26.1   3.7  17.0   6   5  13  22  22  20  13 | SP+TM
VITVvi_vZin03_v1.1_P507.ver1.0.g448150.p01         -          LRR_4                PF12799.13   3.9e-39  130.8  74.3     0.001   18.3   1.7  15.2   8   3   6  17  17  16  11 | SP+TM
VITVvi_vZin03_v1.1_P22.ver1.0.g327730.p01          -          LRR_4                PF12799.13   4.2e-39  130.7  73.3   2.4e-05   23.5   0.0  13.6   9   3   5  14  14  12   8 | SP
VITVvi_vZin03_v1.1_H000237F_004.ver1.0.g177750.p01 -          LRR_4                PF12799.13   4.8e-39  130.5  82.1   0.00028   20.1   3.0  14.1   5   4  12  18  18  18  16 | TM
VITVvi_vZin03_v1.1_P339.ver1.0.g384130.p01         -          LRR_4                PF12799.13   4.8e-39  130.5  75.9   6.5e-05   22.1   0.0  13.3   7   5   3  13  13  13   9 | TM
VITVvi_vZin03_v1.1_H000079F_014.ver1.0.g113870.p01 -          LRR_4                PF12799.13   5.5e-39  130.4  58.5   1.6e-09   36.7   0.9  10.6   8   2   3  12  12   9   9 | SP+TM
VITVvi_vZin03_v1.1_P157.ver1.0.g276070.p01         -          LRR_4                PF12799.13   1.1e-38  129.4  84.8   4.7e-05   22.6   2.3  13.8   8   3   5  15  15  13  11 | SP+TM
VITVvi_vZin03_v1.1_P80.ver1.0.g503590.p01          -          LRR_4                PF12799.13   1.3e-38  129.2  82.6   0.00028   20.1   3.0  14.1   5   4  12  18  18  18  16 | TM
VITVvi_vZin03_v1.1_P87.ver1.0.g516360.p01          -          LRR_4                PF12799.13   1.4e-38  129.1 101.9   0.00056   19.1   0.2  18.4  11   5   6  20  20  15  11 | SP+TM
VITVvi_vZin03_v1.1_P87.ver1.0.g516400.p01          -          LRR_4                PF12799.13   3.1e-38  128.0  76.9   0.00024   20.3   0.6  14.5  10   2   5  16  16  15  11 | SP+TM
VITVvi_vZin03_v1.1_P2.ver1.0.g312350.p01           -          LRR_4                PF12799.13   3.6e-38  127.8  73.0   0.00022   20.4   1.5  12.8   7   2   5  14  14  13  11 | SP+TM
VITVvi_vZin03_v1.1_H000164F_003.ver1.0.g155800.p01 -          LRR_4                PF12799.13     4e-38  127.6 104.6   2.2e-06   26.8   0.8  17.3  12   5   7  20  20  13  10 | SP+TM
VITVvi_vZin03_v1.1_H000084F_004.ver1.0.g118300.p01 -          LRR_4                PF12799.13   5.4e-38  127.2  86.8   3.3e-07   29.4   4.9  12.1   9   2   2  12  12  10   9 | SP+TM
VITVvi_vZin03_v1.1_P73.ver1.0.g495410.p01          -          LRR_4                PF12799.13   6.8e-38  126.9 208.2   3.1e-05   23.1   0.2  21.4   9   3  10  24  24  22  18 | SP+TM
VITVvi_vZin03_v1.1_P138.ver1.0.g251660.p01         -          LRR_4                PF12799.13   7.2e-38  126.8  59.7   3.2e-05   23.1   0.0  13.3   3   2  12  17  17  16  11 | SP
VITVvi_vZin03_v1.1_P279.ver1.0.g355830.p01         -          LRR_4                PF12799.13   7.6e-38  126.7  93.9   3.5e-05   23.0   1.5  12.5   9   2   6  15  15  13  11 | SP+TM
VITVvi_vZin03_v1.1_P138.ver1.0.g251720.p01         -          LRR_4                PF12799.13   9.1e-38  126.5  72.3   3.4e-06   26.2   0.1  11.8   5   3   4  12  12  11   9 | TM
VITVvi_vZin03_v1.1_P272.ver1.0.g353670.p01         -          LRR_4                PF12799.13   9.3e-38  126.5 114.3   1.3e-05   24.3   4.1  18.5  10   4  12  23  23  21  13 | SP+TM
VITVvi_vZin03_v1.1_H000086F_006.ver1.0.g120450.p01 -          LRR_4                PF12799.13   1.5e-37  125.8 208.4   3.1e-05   23.1   0.2  21.8   9   3  11  25  25  23  21 | SP+TM
VITVvi_vZin03_v1.1_H001436F_001.ver1.0.g200220.p01 -          LRR_4                PF12799.13   1.9e-37  125.5  97.2   3.4e-05   23.0   1.7  16.7  13   3   3  18  18  14  11 | SP
VITVvi_vZin03_v1.1_P1.ver1.0.g200800.p01           -          LRR_4                PF12799.13   2.8e-37  124.9  88.0   3.3e-07   29.4   4.9  12.1   9   2   2  12  12  10   9 | SP+TM
VITVvi_vZin03_v1.1_P53.ver1.0.g452840.p01          -          LRR_4                PF12799.13   2.9e-37  124.9  83.9   1.2e-05   24.5   1.6  12.8   5   2   7  14  14  13  10 | SP+TM
VITVvi_vZin03_v1.1_P272.ver1.0.g353700.p01         -          LRR_4                PF12799.13     3e-37  124.9 113.1   4.9e-06   25.7   2.8  17.7  13   4   3  18  18  16  11 | SP+TM
VITVvi_vZin03_v1.1_P124.ver1.0.g240660.p01         -          LRR_4                PF12799.13   3.6e-37  124.6  88.5     7e-05   22.0   0.3  15.5   7   5  12  20  20  20  15 | SP+TM
VITVvi_vZin03_v1.1_H000027F_017.ver1.0.g064950.p01 -          LRR_4                PF12799.13   3.9e-37  124.5 106.9   2.2e-05   23.6   3.6  17.1   7   4  12  21  21  19  13 | SP+TM
VITVvi_vZin03_v1.1_H000089F_008.ver1.0.g121660.p01 -          LRR_4                PF12799.13   5.6e-37  124.0  56.7   2.4e-07   29.8   0.6   8.4   8   0   0   8   8   7   6 | SP
VITVvi_vZin03_v1.1_P301.ver1.0.g371810.p01         -          LRR_4                PF12799.13   5.7e-37  124.0  81.0    0.0004   19.6   0.2  14.5   8   2   3  15  15  14  11 | SP+TM
VITVvi_vZin03_v1.1_P279.ver1.0.g355790.p01         -          LRR_4                PF12799.13   6.3e-37  123.8 146.6   5.1e-06   25.6   2.3  17.0   6   3  13  21  21  21  16 | SP+TM
VITVvi_vZin03_v1.1_P15.ver1.0.g265280.p01          -          LRR_4                PF12799.13   6.8e-37  123.7  82.7   8.3e-05   21.8   2.8  14.0   7   2   5  14  14  12   9 | SP+TM
VITVvi_vZin03_v1.1_P112.ver1.0.g225350.p01         -          LRR_4                PF12799.13   8.2e-37  123.5  51.6   7.1e-08   31.5   1.4   9.1   4   2   5  10  10   9   8 | SP+TM
VITVvi_vZin03_v1.1_P368.ver1.0.g393040.p01         -          LRR_4                PF12799.13   1.4e-36  122.7 114.9   6.6e-05   22.1   1.1  17.4  11   4   6  19  19  12  11 | SP+TM
VITVvi_vZin03_v1.1_P135.ver1.0.g250090.p01         -          LRR_4                PF12799.13   1.6e-36  122.6 111.7   4.2e-06   25.9   0.4  17.6   9   5  10  21  21  15  11 | SP+TM
VITVvi_vZin03_v1.1_P140.ver1.0.g257830.p01         -          LRR_4                PF12799.13   1.6e-36  122.5 102.1   7.6e-06   25.1   2.2  16.3  10   5   5  17  17  15  12 | SP
VITVvi_vZin03_v1.1_P259.ver1.0.g346070.p01         -          LRR_4                PF12799.13   3.7e-36  121.4  97.0     1e-06   27.9   1.2  15.3   8   4   7  17  17  16  13 | SP+TM
VITVvi_vZin03_v1.1_P440.ver1.0.g426510.p01         -          LRR_4                PF12799.13   4.6e-36  121.1  58.9   2.9e-05   23.2   1.9  11.2   8   2   2  11  11  11   7 | SP
VITVvi_vZin03_v1.1_P53.ver1.0.g456560.p01          -          LRR_4                PF12799.13   4.7e-36  121.0  85.6   3.3e-06   26.2   2.2  15.7   7   4   6  17  17  10   8 | SP+TM
VITVvi_vZin03_v1.1_P3.ver1.0.g364440.p01           -          LRR_4                PF12799.13   5.2e-36  120.9  47.8   1.4e-05   24.2   0.7   9.5   8   2   1   9   9   8   7 | TM
VITVvi_vZin03_v1.1_P272.ver1.0.g353490.p01         -          LRR_4                PF12799.13   5.7e-36  120.8 110.1   1.1e-05   24.6   3.8  17.7   9   4  13  22  22  21  14 | SP+TM
VITVvi_vZin03_v1.1_H000332F_002.ver1.0.g188040.p01 -          LRR_4                PF12799.13   7.2e-36  120.5 104.1   1.7e-05   24.0   1.3  16.2   6   5  15  21  21  21  15 | TM
VITVvi_vZin03_v1.1_P68.ver1.0.g484920.p01          -          LRR_4                PF12799.13   8.3e-36  120.3  62.7   2.6e-09   36.1   0.9  10.5   7   2   3  12  12   9   9 | SP+TM
VITVvi_vZin03_v1.1_P677.ver1.0.g484580.p01         -          LRR_4                PF12799.13   9.4e-36  120.1  86.1     1e-05   24.7   0.1  14.8   7   4   8  16  16  14  11 | TM
VITVvi_vZin03_v1.1_P135.ver1.0.g250040.p01         -          LRR_4                PF12799.13   1.2e-35  119.8  47.0     7e-06   25.2   0.5  11.3   4   2   9  15  15  13  10 | SP+TM
VITVvi_vZin03_v1.1_H000188F_003.ver1.0.g164510.p01 -          LRR_4                PF12799.13   1.2e-35  119.7  82.3   0.00038   19.7   0.2  14.5   9   2   4  15  15  13  11 | TM
VITVvi_vZin03_v1.1_P40.ver1.0.g411810.p01          -          LRR_4                PF12799.13   1.3e-35  119.6  94.1   2.5e-05   23.4   1.6  17.0   7   4   7  18  18  15  10 | SP+TM
VITVvi_vZin03_v1.1_P73.ver1.0.g495380.p01          -          LRR_4                PF12799.13   1.3e-35  119.6 142.7   2.1e-05   23.7   1.4  16.9   9   4   9  19  19  18  15 | SP+TM
VITVvi_vZin03_v1.1_P40.ver1.0.g411700.p01          -          LRR_4                PF12799.13   1.6e-35  119.4 118.0   6.6e-05   22.1   1.1  17.3  10   5   6  19  19  12  11 | SP+TM
VITVvi_vZin03_v1.1_P146.ver1.0.g262330.p01         -          LRR_4                PF12799.13   1.7e-35  119.3 100.8   0.00012   21.3   2.6  16.4   6   2  18  24  24  21  16 | SP+TM
VITVvi_vZin03_v1.1_P37.ver1.0.g394300.p01          -          LRR_4                PF12799.13   1.8e-35  119.2  66.5   8.6e-05   21.7   2.4  11.6   5   2   9  14  14  14  13 | TM
VITVvi_vZin03_v1.1_P7.ver1.0.g490490.p01           -          LRR_4                PF12799.13     2e-35  119.1  54.7   1.9e-06   27.0   0.0  11.3   8   3   4  12  12  11  10 | SP
VITVvi_vZin03_v1.1_P272.ver1.0.g353780.p01         -          LRR_4                PF12799.13   2.3e-35  118.9  67.7   3.6e-07   29.3   0.6  11.2   8   2   4  12  12  12  10 | TM
VITVvi_vZin03_v1.1_P240.ver1.0.g338610.p01         -          LRR_4                PF12799.13   2.5e-35  118.7 104.3   8.2e-06   25.0   5.8  15.8  10   3   8  18  18  15  10 | TM
VITVvi_vZin03_v1.1_P138.ver1.0.g251800.p01         -          LRR_4                PF12799.13   2.9e-35  118.6 122.6   5.5e-05   22.3   0.0  18.3  10   4   6  19  19  16  11 | SP+TM
VITVvi_vZin03_v1.1_P184.ver1.0.g298920.p01         -          LRR_4                PF12799.13   4.3e-35  118.0  42.2   2.6e-05   23.3   0.7  10.3   4   2  10  15  15  14  11 | SP+TM
VITVvi_vZin03_v1.1_H000233F_004.ver1.0.g176400.p01 -          LRR_4                PF12799.13   4.4e-35  118.0  42.1   2.8e-05   23.3   0.7  10.3   4   2   6  13  13  12   9 | SP+TM
VITVvi_vZin03_v1.1_P89.ver1.0.g519140.p01          -          LRR_4                PF12799.13   4.4e-35  117.9 107.6   6.1e-05   22.2   0.8  17.3   9   5   5  18  18  16  11 | SP+TM
VITVvi_vZin03_v1.1_P138.ver1.0.g251680.p01         -          LRR_4                PF12799.13   5.8e-35  117.6  84.4   2.3e-05   23.5   0.2  13.4  10   3   3  14  14  13   8 | SP
VITVvi_vZin03_v1.1_P15.ver1.0.g265470.p01          -          LRR_4                PF12799.13   6.4e-35  117.4  81.9   5.8e-05   22.3   2.1  14.2   6   2   8  16  16  15  10 | SP+TM
VITVvi_vZin03_v1.1_P53.ver1.0.g456720.p01          -          LRR_4                PF12799.13     7e-35  117.3  98.2   2.4e-05   23.5   1.6  17.0   8   5   9  20  20  15  10 | SP+TM
VITVvi_vZin03_v1.1_H000012F_008.ver1.0.g038430.p01 -          LRR_4                PF12799.13   7.6e-35  117.2  54.0   2.9e-06   26.4   1.4   9.6   7   1   0   9   9   9   7 | TM
VITVvi_vZin03_v1.1_H000012F_011.ver1.0.g038800.p01 -          LRR_4                PF12799.13   7.6e-35  117.2  54.0   2.9e-06   26.4   1.4   9.6   7   1   0   9   9   9   7 | TM
VITVvi_vZin03_v1.1_P1.ver1.0.g200830.p01           -          LRR_4                PF12799.13   9.3e-35  116.9  86.8     1e-06   27.9   1.8  12.5   7   2   4  12  12  11   8 | SP+TM
VITVvi_vZin03_v1.1_P38.ver1.0.g398050.p01          -          LRR_4                PF12799.13     1e-34  116.8  52.8     9e-06   24.8   0.2  13.2   7   3   8  16  16  13  12 | SP+TM
VITVvi_vZin03_v1.1_P53.ver1.0.g456630.p01          -          LRR_4                PF12799.13   1.6e-34  116.2  99.0   2.9e-05   23.2   1.8  17.0   9   5  10  20  20  16  11 | SP+TM
VITVvi_vZin03_v1.1_H000128F_003.ver1.0.g140000.p01 -          LRR_4                PF12799.13   2.1e-34  115.8  85.9   0.00017   20.8   0.3  14.4  10   4   4  15  15  12  12 | SP+TM
VITVvi_vZin03_v1.1_P106.ver1.0.g216340.p01         -          LRR_4                PF12799.13   2.1e-34  115.8  85.9   0.00017   20.8   0.3  14.4  10   4   4  15  15  12  12 | SP+TM
VITVvi_vZin03_v1.1_P572.ver1.0.g463540.p01         -          LRR_4                PF12799.13   2.3e-34  115.7 100.2   6.7e-05   22.1   2.7  16.8  12   4   6  19  19  14  11 | SP+TM
VITVvi_vZin03_v1.1_H000006F_006.ver1.0.g024690.p01 -          LRR_4                PF12799.13   2.5e-34  115.6  53.0   1.9e-06   27.0   0.0  11.3   8   3   4  12  12  11  10 | SP
VITVvi_vZin03_v1.1_H000164F_003.ver1.0.g155770.p01 -          LRR_4                PF12799.13   2.7e-34  115.4  45.7   9.9e-06   24.7   0.5  11.2   5   3   7  14  14  12  11 | SP+TM
VITVvi_vZin03_v1.1_P22.ver1.0.g327500.p01          -          LRR_4                PF12799.13   3.9e-34  114.9  89.7   0.00067   18.9   2.3  13.3  10   3   4  14  14  14   9 | TM
VITVvi_vZin03_v1.1_P22.ver1.0.g327600.p01          -          LRR_4                PF12799.13   7.5e-34  114.0  86.6   4.4e-05   22.7   1.7  15.9  10   2   9  19  19  16   9 | SP+TM
VITVvi_vZin03_v1.1_H000572F_001.ver1.0.g196630.p01 -          LRR_4                PF12799.13   7.9e-34  114.0  89.2   1.2e-06   27.6   0.8  14.4   8   2   7  16  16  13  12 | SP+TM
VITVvi_vZin03_v1.1_H000019F_012.ver1.0.g053940.p01 -          LRR_4                PF12799.13   8.3e-34  113.9  86.7   4.4e-05   22.7   1.7  15.9  10   2   9  19  19  16   9 | SP+TM
VITVvi_vZin03_v1.1_H000037F_013.ver1.0.g074710.p01 -          LRR_4                PF12799.13     1e-33  113.6  72.2   9.4e-05   21.6   2.5  11.7   4   2   9  14  14  14  13 | SP+TM
VITVvi_vZin03_v1.1_P12.ver1.0.g233890.p01          -          LRR_4                PF12799.13     1e-33  113.6  76.8   1.5e-05   24.1   0.7  13.8   5   3   7  16  16  12  11 | SP+TM
VITVvi_vZin03_v1.1_P40.ver1.0.g411780.p01          -          LRR_4                PF12799.13   1.1e-33  113.5 102.1   0.00031   19.9   2.0  16.6  11   4   6  19  19  14  11 | SP+TM
VITVvi_vZin03_v1.1_P272.ver1.0.g353570.p01         -          LRR_4                PF12799.13   1.1e-33  113.5  87.5   0.00016   20.8   3.8  15.3  12   4   5  17  17  14   9 | SP+TM
VITVvi_vZin03_v1.1_P53.ver1.0.g456650.p01          -          LRR_4                PF12799.13   1.8e-33  112.9 100.1   5.6e-05   22.3   2.6  16.4  10   4   8  19  19  15  10 | TM
VITVvi_vZin03_v1.1_P2.ver1.0.g311130.p01           -          LRR_4                PF12799.13   3.2e-33  112.0  66.4   8.2e-06   25.0   2.0  12.3   9   2   4  13  13  12  10 | SP+TM
VITVvi_vZin03_v1.1_P124.ver1.0.g240680.p01         -          LRR_4                PF12799.13   6.9e-33  111.0  83.4   6.6e-05   22.1   0.1  14.4   6   3  10  18  18  16  13 | TM
VITVvi_vZin03_v1.1_P368.ver1.0.g393000.p01         -          LRR_4                PF12799.13   9.9e-33  110.5 101.2   2.6e-05   23.4   1.7  17.0   7   4  13  21  21  15  11 | SP+TM
VITVvi_vZin03_v1.1_P40.ver1.0.g411740.p01          -          LRR_4                PF12799.13     1e-32  110.5 101.2   2.6e-05   23.4   1.7  17.0   7   4  13  21  21  15  11 | SP+TM
VITVvi_vZin03_v1.1_P40.ver1.0.g410640.p01          -          LRR_4                PF12799.13   1.1e-32  110.4  46.8   0.00055   19.2   2.5  10.0   9   0   0   9   9   9   8 | SP+TM
VITVvi_vZin03_v1.1_H000019F_012.ver1.0.g053860.p01 -          LRR_4                PF12799.13   1.5e-32  109.9  65.0   0.00031   19.9   0.3  14.2   9   2   6  15  15  14  10 | SP
VITVvi_vZin03_v1.1_P108.ver1.0.g218000.p01         -          LRR_4                PF12799.13   1.9e-32  109.6  96.2   9.4e-05   21.6   1.7  14.9   8   5  10  19  19  16  12 | SP+TM
VITVvi_vZin03_v1.1_P240.ver1.0.g338570.p01         -          LRR_4                PF12799.13     2e-32  109.5  53.1   6.7e-07   28.4   1.2   9.8   6   2   4  11  11  11   8 | TM
VITVvi_vZin03_v1.1_P53.ver1.0.g453150.p01          -          LRR_4                PF12799.13   2.1e-32  109.5  44.0   3.3e-06   26.2   0.3   7.9   5   1   4   9   9   8   7 | SP+TM
VITVvi_vZin03_v1.1_P658.ver1.0.g481470.p01         -          LRR_4                PF12799.13   2.7e-32  109.1  84.2   5.2e-06   25.6   3.9  13.0   5   3  13  18  18  16  11 | TM
VITVvi_vZin03_v1.1_P124.ver1.0.g240640.p01         -          LRR_4                PF12799.13   2.7e-32  109.1  91.9   1.6e-05   24.0   1.2  14.5   7   4  11  18  18  17  14 | SP
VITVvi_vZin03_v1.1_H000043F_003.ver1.0.g079770.p01 -          LRR_4                PF12799.13   2.8e-32  109.1  47.4   0.00059   19.1   2.5  10.0   9   0   0   9   9   9   8 | SP+TM
VITVvi_vZin03_v1.1_P25.ver1.0.g342250.p01          -          LRR_4                PF12799.13     5e-32  108.2 115.9   0.00015   21.0   1.9  16.3   6   3  11  20  20  16  12 | SP+TM
VITVvi_vZin03_v1.1_H000064F_013.ver1.0.g106080.p01 -          LRR_4                PF12799.13   5.2e-32  108.2  54.2   2.4e-06   26.7   1.1  12.6   6   3   7  16  16  11  11 | SP+TM
VITVvi_vZin03_v1.1_P273.ver1.0.g354170.p01         -          LRR_4                PF12799.13   5.7e-32  108.1 113.2   0.00011   21.3   0.9  17.1  11   4   9  20  20  16  13 | SP+TM
VITVvi_vZin03_v1.1_P572.ver1.0.g463500.p01         -          LRR_4                PF12799.13   6.6e-32  107.9 122.4   4.3e-05   22.7   2.6  17.6   8   4  13  22  22  18  14 | SP+TM
VITVvi_vZin03_v1.1_P76.ver1.0.g497510.p01          -          LRR_4                PF12799.13     1e-31  107.3  52.7   2.8e-07   29.6   1.3   7.6   2   1   3   8   8   8   7 | SP
VITVvi_vZin03_v1.1_P71.ver1.0.g491600.p01          -          LRR_4                PF12799.13   1.3e-31  106.9  73.3   5.2e-06   25.6   2.4  13.4   8   3   5  14  14  13   8 | SP
VITVvi_vZin03_v1.1_P90.ver1.0.g526480.p01          -          LRR_4                PF12799.13   1.9e-31  106.4  77.2   5.3e-05   22.4   3.0  12.3   6   4   8  15  15  13  11 | SP
VITVvi_vZin03_v1.1_P22.ver1.0.g327520.p01          -          LRR_4                PF12799.13   2.1e-31  106.3  55.0   0.00023   20.4   0.2  12.1   5   2   9  15  15  14  11 | SP
VITVvi_vZin03_v1.1_P572.ver1.0.g463520.p01         -          LRR_4                PF12799.13   2.1e-31  106.3 113.0   2.9e-05   23.2   0.3  17.3  10   6   8  19  19  12   8 | SP+TM
VITVvi_vZin03_v1.1_P67.ver1.0.g483450.p01          -          LRR_4                PF12799.13   2.1e-31  106.2  75.7    0.0025   17.0   0.4  12.4   6   2   6  15  15  14  11 | SP
VITVvi_vZin03_v1.1_H000027F_017.ver1.0.g065030.p01 -          LRR_4                PF12799.13   2.6e-31  106.0 121.2    0.0013   18.0   1.6  17.2   7   4   8  20  20  15  11 | SP+TM
VITVvi_vZin03_v1.1_P64.ver1.0.g480270.p01          -          LRR_4                PF12799.13   3.1e-31  105.7  80.0   0.00077   18.7   0.3  14.6  13   2   2  15  15  12   9 | SP+TM
VITVvi_vZin03_v1.1_P249.ver1.0.g341380.p01         -          LRR_4                PF12799.13   3.7e-31  105.5  73.8   5.4e-05   22.3   0.4  13.0   9   3   5  14  14  13  10 | SP+TM
VITVvi_vZin03_v1.1_P53.ver1.0.g456550.p01          -          LRR_4                PF12799.13   6.2e-31  104.8  69.7     4e-05   22.8   0.4  16.1   6   3  10  18  18  13   9 | SP+TM
VITVvi_vZin03_v1.1_H000041F_010.ver1.0.g076670.p01 -          LRR_4                PF12799.13   6.7e-31  104.7  48.2   7.5e-07   28.3   0.1  12.3   7   2   5  13  13  11   8 | SP+TM
VITVvi_vZin03_v1.1_P36.ver1.0.g390310.p01          -          LRR_4                PF12799.13   6.7e-31  104.7  48.2   7.5e-07   28.3   0.1  12.3   7   2   5  13  13  11   8 | SP+TM
VITVvi_vZin03_v1.1_P120.ver1.0.g237090.p01         -          LRR_4                PF12799.13   1.1e-30  104.0 115.9   6.6e-06   25.3   2.7  14.0   6   3   7  15  15  13  10 | SP+TM
VITVvi_vZin03_v1.1_P85.ver1.0.g510490.p01          -          LRR_4                PF12799.13   1.4e-30  103.7  73.4   0.00012   21.3   1.8  12.7   6   3   7  14  14  13  11 | SP
VITVvi_vZin03_v1.1_P26.ver1.0.g347440.p01          -          LRR_4                PF12799.13   1.4e-30  103.6  75.9   1.3e-06   27.5   0.1  12.9  10   3   4  14  14  11   8 | SP+TM
VITVvi_vZin03_v1.1_P240.ver1.0.g338670.p01         -          LRR_4                PF12799.13   1.5e-30  103.6  34.3   4.8e-06   25.7   2.3   7.7   7   0   0   7   7   6   6 | SP
VITVvi_vZin03_v1.1_H000153F_005.ver1.0.g152850.p01 -          LRR_4                PF12799.13   1.5e-30  103.5  62.6   1.5e-06   27.3   1.8   9.3   3   2   8  12  12  10  10 | SP+TM
VITVvi_vZin03_v1.1_H000005F_004.ver1.0.g020140.p01 -          LRR_4                PF12799.13   1.9e-30  103.3  46.4   4.5e-06   25.8   0.5  10.2   7   2   3  10  10   9   8 | SP+TM
VITVvi_vZin03_v1.1_P6.ver1.0.g471210.p01           -          LRR_4                PF12799.13   1.9e-30  103.3  46.4   4.5e-06   25.8   0.5  10.2   7   2   3  10  10   9   8 | SP+TM
VITVvi_vZin03_v1.1_H000233F_004.ver1.0.g176610.p01 -          LRR_4                PF12799.13   2.7e-30  102.7  24.8   1.1e-06   27.7   1.3   5.3   1   1   5   7   7   7   6 | SP
VITVvi_vZin03_v1.1_P184.ver1.0.g299140.p01         -          LRR_4                PF12799.13   2.7e-30  102.7  24.8   1.1e-06   27.7   1.3   5.3   1   1   5   7   7   7   6 | SP
VITVvi_vZin03_v1.1_H000027F_017.ver1.0.g064960.p01 -          LRR_4                PF12799.13     3e-30  102.6  92.2   3.5e-06   26.1   3.8  14.3   7   5   7  16  16  14   9 | SP+TM
VITVvi_vZin03_v1.1_P25.ver1.0.g342190.p01          -          LRR_4                PF12799.13     3e-30  102.6  92.2   3.5e-06   26.1   3.8  14.3   7   5   7  16  16  14   9 | SP+TM
VITVvi_vZin03_v1.1_P307.ver1.0.g372960.p01         -          LRR_4                PF12799.13   3.1e-30  102.6  76.8     4e-06   26.0   0.1  13.0   8   3   7  15  15  13  10 | SP+TM
VITVvi_vZin03_v1.1_P139.ver1.0.g252290.p01         -          LRR_4                PF12799.13   4.7e-30  102.0  90.9    0.0014   17.9   0.7  15.3   6   5   6  16  16  16  12 | SP+TM
VITVvi_vZin03_v1.1_P371.ver1.0.g395020.p01         -          LRR_4                PF12799.13   4.8e-30  102.0  87.6   3.4e-06   26.2   0.8  12.4   3   3  12  16  16  15  13 | SP
VITVvi_vZin03_v1.1_P398.ver1.0.g403100.p01         -          LRR_4                PF12799.13   5.1e-30  101.9  61.6   0.00014   21.0   0.9  10.1   4   2  10  14  14  13  12 | TM
VITVvi_vZin03_v1.1_H000146F_005.ver1.0.g148610.p01 -          LRR_4                PF12799.13   5.2e-30  101.9  69.7   0.00021   20.5   0.6  13.3   7   3   5  14  14  12   6 | TM
VITVvi_vZin03_v1.1_P339.ver1.0.g384140.p01         -          LRR_4                PF12799.13   5.4e-30  101.8  91.1   0.00031   20.0   1.9  12.1   6   3   7  13  13  12  11 | TM
VITVvi_vZin03_v1.1_H000122F_003.ver1.0.g137770.p01 -          LRR_4                PF12799.13   8.3e-30  101.2  76.5    0.0002   20.5   2.4  12.5   4   3   6  13  13  12   9 | SP+TM
VITVvi_vZin03_v1.1_H000230F_001.ver1.0.g175090.p01 -          LRR_4                PF12799.13   8.4e-30  101.2  86.5   1.8e-06   27.1   2.5  13.1   7   3   7  14  14  11   7 | SP+TM
VITVvi_vZin03_v1.1_H000012F_008.ver1.0.g038420.p01 -          LRR_4                PF12799.13   8.9e-30  101.1  44.1   6.4e-06   25.3   6.8   7.2   5   1   1   7   7   7   7 | SP
VITVvi_vZin03_v1.1_P61.ver1.0.g474820.p01          -          LRR_4                PF12799.13   9.6e-30  101.0  60.7   1.7e-05   24.0   1.8  10.5   5   3   4  11  11   9   7 | TM
VITVvi_vZin03_v1.1_H000568F_002.ver1.0.g196580.p01 -          LRR_4                PF12799.13   1.2e-29  100.7  61.8     4e-06   25.9   1.1  11.5   6   2   6  13  13   9   9 | SP+TM
VITVvi_vZin03_v1.1_H000043F_008.ver1.0.g080940.p01 -          LRR_4                PF12799.13   1.2e-29  100.7  48.2    0.0001   21.4   0.1  10.4   8   1   1  10  10   9   6 | SP+TM
VITVvi_vZin03_v1.1_H000084F_004.ver1.0.g118320.p01 -          LRR_4                PF12799.13   1.3e-29  100.6  31.9   1.3e-06   27.5   1.0   7.0   6   1   1   7   7   6   5 | SP
VITVvi_vZin03_v1.1_H000029F_002.ver1.0.g066670.p01 -          LRR_4                PF12799.13   1.5e-29  100.4  74.8   0.00025   20.3   3.2  12.4   6   3   5  14  14  12   8 | SP+TM
VITVvi_vZin03_v1.1_P76.ver1.0.g497570.p01          -          LRR_4                PF12799.13   1.5e-29  100.3  52.1   1.6e-06   27.2   4.8   7.4   3   1   5   9   9   8   8 | SP
VITVvi_vZin03_v1.1_P40.ver1.0.g410000.p01          -          LRR_4                PF12799.13   1.6e-29  100.3  49.9    0.0001   21.4   0.1  10.9   7   2   4  12  12  10   7 | SP+TM
VITVvi_vZin03_v1.1_P312.ver1.0.g376060.p01         -          LRR_4                PF12799.13   1.8e-29  100.1  63.9   0.00026   20.2   1.7  11.8   5   3   9  15  15  12  10 | SP+TM
VITVvi_vZin03_v1.1_P1.ver1.0.g200810.p01           -          LRR_4                PF12799.13     2e-29  100.0  32.4   1.3e-06   27.5   1.0   7.1   6   1   1   7   7   6   5 | SP
VITVvi_vZin03_v1.1_P279.ver1.0.g355750.p01         -          LRR_4                PF12799.13   2.3e-29   99.8  58.5   2.3e-06   26.7   1.1   9.8   6   3   4  11  11   9   6 | TM
VITVvi_vZin03_v1.1_P240.ver1.0.g338730.p01         -          LRR_4                PF12799.13   2.8e-29   99.5  42.0     6e-07   28.6   0.7   6.8   5   1   2   7   7   7   7 | TM
VITVvi_vZin03_v1.1_P344.ver1.0.g386140.p01         -          LRR_4                PF12799.13   3.2e-29   99.3  61.9   4.7e-06   25.7   1.1  11.4   6   2   4  12  12   8   8 | SP+TM
VITVvi_vZin03_v1.1_P240.ver1.0.g338710.p01         -          LRR_4                PF12799.13   3.5e-29   99.2  78.9   5.6e-05   22.3   3.5  11.5   9   2   2  12  12   9   8 | TM
VITVvi_vZin03_v1.1_P53.ver1.0.g456620.p01          -          LRR_4                PF12799.13   3.7e-29   99.1 100.8   2.1e-05   23.7   2.7  16.8   7   4  13  22  22  14  11 | SP+TM
VITVvi_vZin03_v1.1_P53.ver1.0.g456570.p01          -          LRR_4                PF12799.13   3.8e-29   99.1  97.8   4.1e-05   22.8   2.3  17.3   8   5  12  22  22  15  10 | SP+TM
VITVvi_vZin03_v1.1_P272.ver1.0.g353530.p01         -          LRR_4                PF12799.13   4.5e-29   98.9  89.8   0.00016   20.8   0.2  14.8   8   4   8  17  17  16  12 | SP
VITVvi_vZin03_v1.1_P125.ver1.0.g241040.p01         -          LRR_4                PF12799.13   4.8e-29   98.8  74.5    0.0002   20.5   2.4  12.4   4   3   7  13  13  12   9 | SP+TM
VITVvi_vZin03_v1.1_H000481F_001.ver1.0.g194610.p01 -          LRR_4                PF12799.13   1.5e-28   97.2  99.0   9.3e-05   21.6   2.7  13.9   7   5  11  18  18  15  10 | TM
VITVvi_vZin03_v1.1_P71.ver1.0.g491690.p01          -          LRR_4                PF12799.13   1.8e-28   96.9  89.1   1.8e-05   23.9   0.4  15.4  12   3   5  17  17  13   8 | SP+TM
VITVvi_vZin03_v1.1_H000006F_023.ver1.0.g026650.p01 -          LRR_4                PF12799.13   2.9e-28   96.3  56.1   1.1e-06   27.7   1.2  10.4   6   2   4  11  11  10   9 | SP
VITVvi_vZin03_v1.1_P574.ver1.0.g463780.p01         -          LRR_4                PF12799.13   3.4e-28   96.1  80.2   7.7e-05   21.9   0.8  13.2   8   3   9  17  17  14  10 | SP+TM
VITVvi_vZin03_v1.1_H000074F_005.ver1.0.g111190.p01 -          LRR_4                PF12799.13   3.8e-28   95.9  30.5   4.9e-05   22.5   0.3   8.4   5   2   3   9   9   9   5 | TM
VITVvi_vZin03_v1.1_H000084F_006.ver1.0.g118410.p01 -          LRR_4                PF12799.13   5.9e-28   95.3  38.7     1e-06   27.9   1.9   6.7   7   0   0   7   7   6   6 | TM
VITVvi_vZin03_v1.1_P71.ver1.0.g491620.p01          -          LRR_4                PF12799.13     6e-28   95.3  98.2    0.0001   21.5   1.8  15.6   9   3   9  18  18  15  11 | SP+TM
VITVvi_vZin03_v1.1_P14.ver1.0.g253590.p01          -          LRR_4                PF12799.13   6.9e-28   95.1  66.9   9.7e-05   21.6   0.4  12.8  11   2   2  13  13  10   9 | SP+TM
VITVvi_vZin03_v1.1_P489.ver1.0.g438880.p01         -          LRR_4                PF12799.13     7e-28   95.1  70.6   2.1e-05   23.7   0.6  13.7   7   4  11  18  18  13   8 | SP+TM
VITVvi_vZin03_v1.1_H000087F_009.ver1.0.g121060.p01 -          LRR_4                PF12799.13   7.8e-28   94.9  40.3   7.7e-06   25.1   4.0   7.8   6   1   2   8   8   7   6 | SP
VITVvi_vZin03_v1.1_H000051F_004.ver1.0.g090330.p01 -          LRR_4                PF12799.13   8.2e-28   94.9  56.2   9.8e-05   21.5   0.5  10.1   5   3   8  13  13  12  10 | SP+TM
VITVvi_vZin03_v1.1_P25.ver1.0.g343190.p01          -          LRR_4                PF12799.13   8.4e-28   94.8  56.9   9.9e-05   21.5   0.5  10.1   5   3   8  13  13  12  10 | SP+TM
VITVvi_vZin03_v1.1_P142.ver1.0.g259020.p01         -          LRR_4                PF12799.13   9.5e-28   94.7  66.0   0.00041   19.6   0.5  12.6   7   4   3  13  13  12   8 | SP+TM
VITVvi_vZin03_v1.1_P80.ver1.0.g503650.p01          -          LRR_4                PF12799.13   9.8e-28   94.6  68.8   3.9e-05   22.8   0.3  13.7   7   4  11  18  18  13   8 | SP+TM
VITVvi_vZin03_v1.1_P52.ver1.0.g450560.p01          -          LRR_4                PF12799.13     1e-27   94.5  66.0   0.00041   19.6   0.5  12.6   7   4   3  13  13  12   8 | SP+TM
VITVvi_vZin03_v1.1_P450.ver1.0.g429020.p01         -          LRR_4                PF12799.13     1e-27   94.5  73.2    0.0046   16.2   5.6  12.1   7   2   5  14  14  13  10 | SP+TM
VITVvi_vZin03_v1.1_P53.ver1.0.g456580.p01          -          LRR_4                PF12799.13   1.2e-27   94.3 120.5   3.7e-05   22.9   2.2  17.5   8   4  13  22  22  17  12 | SP+TM
VITVvi_vZin03_v1.1_P298.ver1.0.g364000.p01         -          LRR_4                PF12799.13   1.6e-27   94.0  48.8   7.1e-05   22.0   2.3  12.1  10   2   2  12  12   8   5 | SP+TM
VITVvi_vZin03_v1.1_H000182F_002.ver1.0.g162270.p01 -          LRR_4                PF12799.13     2e-27   93.6  72.9   2.3e-05   23.6   2.5  13.3  12   1   2  14  14  11   6 | SP+TM
VITVvi_vZin03_v1.1_P40.ver1.0.g411680.p01          -          LRR_4                PF12799.13   2.6e-27   93.3 110.4   1.6e-05   24.1   0.4  16.9   7   6  15  22  22  13   9 | SP+TM
VITVvi_vZin03_v1.1_H000019F_012.ver1.0.g053930.p01 -          LRR_4                PF12799.13   3.4e-27   92.9  75.4   8.8e-06   24.9   2.5  10.5   8   2   2  11  11  10   7 | TM
VITVvi_vZin03_v1.1_P135.ver1.0.g250390.p01         -          LRR_4                PF12799.13   3.8e-27   92.8  89.7   2.9e-05   23.2   2.4  13.7   6   5  13  19  19  14  12 | TM
VITVvi_vZin03_v1.1_H000080F_012.ver1.0.g115650.p01 -          LRR_4                PF12799.13   4.7e-27   92.5  96.9   1.4e-05   24.2   1.1  14.5   6   4   5  15  15  10   8 | SP+TM
VITVvi_vZin03_v1.1_P304.ver1.0.g372350.p01         -          LRR_4                PF12799.13   5.4e-27   92.3  56.8   6.1e-07   28.5   0.1  12.1   9   2   3  13  13  10   8 | SP+TM
VITVvi_vZin03_v1.1_P19.ver1.0.g303210.p01          -          LRR_4                PF12799.13   6.5e-27   92.0  48.7   6.1e-05   22.2   3.9  10.6   8   2   2  11  11   9   6 | SP+TM
VITVvi_vZin03_v1.1_P152.ver1.0.g271120.p01         -          LRR_4                PF12799.13   1.1e-26   91.2  86.3   7.6e-06   25.1   1.0  12.2   3   3  14  17  17  14  12 | SP+TM
VITVvi_vZin03_v1.1_H000027F_017.ver1.0.g065010.p01 -          LRR_4                PF12799.13   1.3e-26   91.1  58.9     2e-05   23.7   0.4   9.0   5   1   3   9   9   9   9 | TM
VITVvi_vZin03_v1.1_H000182F_002.ver1.0.g162260.p01 -          LRR_4                PF12799.13   1.7e-26   90.6  58.8   0.00034   19.8   1.4  13.6   8   4   7  16  16  13   7 | TM
VITVvi_vZin03_v1.1_P689.ver1.0.g486500.p01         -          LRR_4                PF12799.13   1.9e-26   90.5  34.5   3.4e-05   23.0   0.9   8.4   7   1   1   8   8   7   5 | TM
VITVvi_vZin03_v1.1_P87.ver1.0.g515420.p01          -          LRR_4                PF12799.13   2.6e-26   90.1  94.1   0.00012   21.2   2.9  13.5   6   4  10  16  16  14  11 | TM
VITVvi_vZin03_v1.1_H000186F_004.ver1.0.g163510.p01 -          LRR_4                PF12799.13   3.1e-26   89.9  73.9   4.3e-05   22.7   1.4  11.9   8   3   5  14  14  13   9 | TM
VITVvi_vZin03_v1.1_P40.ver1.0.g411750.p01          -          LRR_4                PF12799.13   3.1e-26   89.8  64.0   8.6e-06   24.9   2.1  12.5   7   4   6  15  15   8   7 | TM
VITVvi_vZin03_v1.1_H000020F_010.ver1.0.g054480.p01 -          LRR_4                PF12799.13   3.9e-26   89.5  62.7   9.4e-06   24.8   1.5  10.4   5   1   6  12  12  10   9 | SP
VITVvi_vZin03_v1.1_P477.ver1.0.g436510.p01         -          LRR_4                PF12799.13   5.8e-26   89.0  49.6   6.1e-05   22.2   3.9  10.5   8   2   2  11  11   9   6 | SP+TM
VITVvi_vZin03_v1.1_P511.ver1.0.g449700.p01         -          LRR_4                PF12799.13   6.1e-26   88.9  66.2   3.9e-06   26.0   0.2  10.6   7   3   6  13  13  11   9 | TM
VITVvi_vZin03_v1.1_H000012F_011.ver1.0.g038790.p01 -          LRR_4                PF12799.13   6.9e-26   88.7  39.8   7.6e-06   25.1   7.1   6.5   4   1   4   8   8   8   8 | SP
VITVvi_vZin03_v1.1_H000027F_008.ver1.0.g063870.p01 -          LRR_4                PF12799.13   7.5e-26   88.6  46.5   0.00016   20.9   4.2  10.6   5   2   6  12  12  11   7 | TM
VITVvi_vZin03_v1.1_P175.ver1.0.g291210.p01         -          LRR_4                PF12799.13   7.5e-26   88.6  60.7   0.00014   21.0   2.2  11.7   5   2   8  15  15  12   9 | SP+TM
VITVvi_vZin03_v1.1_P83.ver1.0.g509400.p01          -          LRR_4                PF12799.13   7.6e-26   88.6  42.0   2.3e-05   23.6   4.4   7.7   6   1   3   9   9   8   6 | SP+TM
VITVvi_vZin03_v1.1_H000029F_011.ver1.0.g067750.p01 -          LRR_4                PF12799.13     1e-25   88.2  60.8   5.3e-06   25.6   3.4  11.8   6   3   4  11  11   7   6 | SP+TM
VITVvi_vZin03_v1.1_P26.ver1.0.g346540.p01          -          LRR_4                PF12799.13   1.3e-25   87.9  54.8   4.7e-06   25.7   3.4  11.0   8   3   2  11  11   7   6 | SP+TM
VITVvi_vZin03_v1.1_H000033F_008.ver1.0.g070000.p01 -          LRR_4                PF12799.13   1.5e-25   87.7  74.1   0.00044   19.5   0.1  12.1   6   3   9  15  15  10   9 | SP+TM
VITVvi_vZin03_v1.1_P51.ver1.0.g449180.p01          -          LRR_4                PF12799.13   1.5e-25   87.7  74.1   0.00044   19.5   0.1  12.1   6   3   9  15  15  10   9 | SP+TM
VITVvi_vZin03_v1.1_H000182F_002.ver1.0.g162250.p01 -          LRR_4                PF12799.13   1.6e-25   87.6  76.8   5.5e-05   22.3   2.9  14.3  12   2   1  14  14  10   7 | SP+TM
VITVvi_vZin03_v1.1_H000230F_001.ver1.0.g175070.p01 -          LRR_4                PF12799.13     3e-25   86.7  54.1   8.7e-07   28.1   0.5   8.5   7   2   2   9   9   8   6 | TM
VITVvi_vZin03_v1.1_H000158F_001.ver1.0.g154420.p01 -          LRR_4                PF12799.13   3.8e-25   86.4  79.7   0.00058   19.1   0.1  11.7   8   2   6  14  14  12  10 | SP+TM
VITVvi_vZin03_v1.1_P127.ver1.0.g241650.p01         -          LRR_4                PF12799.13   3.8e-25   86.4  79.7   0.00058   19.1   0.1  11.7   8   2   6  14  14  12  10 | SP+TM
VITVvi_vZin03_v1.1_P368.ver1.0.g393030.p01         -          LRR_4                PF12799.13   3.8e-25   86.4  61.9   8.5e-06   24.9   2.1  11.3   7   4   5  13  13   8   8 | TM
VITVvi_vZin03_v1.1_P516.ver1.0.g449980.p01         -          LRR_4                PF12799.13   4.5e-25   86.2  23.7   1.6e-05   24.0   0.6   7.3   6   1   1   7   7   5   5 | SP
VITVvi_vZin03_v1.1_P298.ver1.0.g364100.p01         -          LRR_4                PF12799.13   5.4e-25   85.9  50.6   2.6e-06   26.5   2.2  12.3   9   2   4  13  13   8   6 | SP+TM
VITVvi_vZin03_v1.1_P151.ver1.0.g270660.p01         -          LRR_4                PF12799.13   5.6e-25   85.9  68.9   0.00028   20.1   0.9  14.8   8   4   8  17  17  12   7 | SP+TM
VITVvi_vZin03_v1.1_P18.ver1.0.g295150.p01          -          LRR_4                PF12799.13   6.2e-25   85.7  65.2   0.00013   21.2   0.5  13.8  10   2   3  15  15  10   7 | SP
VITVvi_vZin03_v1.1_H000104F_007.ver1.0.g129350.p01 -          LRR_4                PF12799.13   8.8e-25   85.2  75.2   0.00015   21.0   2.7  10.7   5   3   6  13  13  12  10 | SP+TM
VITVvi_vZin03_v1.1_P249.ver1.0.g341360.p01         -          LRR_4                PF12799.13   9.3e-25   85.1 102.7    0.0001   21.5   0.9  15.8  10   3   7  18  18  13  12 | SP+TM
VITVvi_vZin03_v1.1_P88.ver1.0.g518050.p01          -          LRR_4                PF12799.13     1e-24   85.0  75.5   0.00015   21.0   2.7  10.7   5   3   6  13  13  12  10 | SP+TM
VITVvi_vZin03_v1.1_P22.ver1.0.g327620.p01          -          LRR_4                PF12799.13   1.1e-24   84.9  32.7   0.00063   19.0   0.1   8.7   2   2   9  12  12  12  11 | SP
VITVvi_vZin03_v1.1_P409.ver1.0.g413660.p01         -          LRR_4                PF12799.13   1.7e-24   84.3  83.6   4.3e-05   22.7   3.1  11.1   4   2  12  16  16  14  12 | SP+TM
VITVvi_vZin03_v1.1_P75.ver1.0.g496630.p01          -          LRR_4                PF12799.13   1.7e-24   84.3  39.4   2.6e-06   26.6   0.4   8.0   4   3   3   8   8   8   7 | TM
VITVvi_vZin03_v1.1_P112.ver1.0.g225380.p01         -          LRR_4                PF12799.13   1.8e-24   84.2  36.7   5.4e-06   25.5   5.7   6.9   3   1   5   8   8   8   6 | SP+TM
VITVvi_vZin03_v1.1_P119.ver1.0.g232300.p01         -          LRR_4                PF12799.13   2.2e-24   84.0  25.1   3.7e-06   26.0   0.3   7.0   4   3   3   7   7   5   5 | SP
VITVvi_vZin03_v1.1_P53.ver1.0.g452760.p01          -          LRR_4                PF12799.13   2.4e-24   83.9  43.0   4.2e-06   25.9   2.8   6.7   2   1   5   8   8   8   7 | SP
VITVvi_vZin03_v1.1_P183.ver1.0.g298460.p01         -          LRR_4                PF12799.13   2.9e-24   83.6  55.7     1e-06   27.8   0.8   8.4   7   2   2   9   9   8   6 | TM
VITVvi_vZin03_v1.1_H000074F_005.ver1.0.g111180.p01 -          LRR_4                PF12799.13   4.6e-24   83.0  77.0   2.1e-06   26.8   0.8  10.0   6   3   6  12  12  10   9 | SP
VITVvi_vZin03_v1.1_P73.ver1.0.g495430.p01          -          LRR_4                PF12799.13     5e-24   82.8  88.7   3.9e-05   22.8   1.1  10.8   5   3   9  15  15  13  12 | SP+TM
VITVvi_vZin03_v1.1_P112.ver1.0.g225320.p01         -          LRR_4                PF12799.13   5.3e-24   82.8  49.7   1.2e-05   24.5   2.4   8.0   2   1   3   8   8   8   6 | SP+TM
VITVvi_vZin03_v1.1_H000139F_004.ver1.0.g144600.p01 -          LRR_4                PF12799.13   6.7e-24   82.4  26.5   3.8e-06   26.0   0.3   7.1   4   3   3   7   7   5   5 | SP
VITVvi_vZin03_v1.1_P26.ver1.0.g347400.p01          -          LRR_4                PF12799.13   7.6e-24   82.2  61.7   3.6e-05   22.9   1.7  11.1   9   2   0  11  11   8   7 | SP+TM
VITVvi_vZin03_v1.1_P240.ver1.0.g338720.p01         -          LRR_4                PF12799.13   8.4e-24   82.1  69.4     2e-05   23.7   3.7  11.4   7   2   4  12  12  10   9 | SP
VITVvi_vZin03_v1.1_P110.ver1.0.g223860.p01         -          LRR_4                PF12799.13   8.9e-24   82.0  41.0   0.00042   19.5   1.4   9.6   7   1   2  10  10   9   9 | TM
VITVvi_vZin03_v1.1_P32.ver1.0.g377400.p01          -          LRR_4                PF12799.13   8.9e-24   82.0  46.7   6.7e-05   22.1   1.9   8.4   6   2   2   8   8   8   6 | TM
VITVvi_vZin03_v1.1_P112.ver1.0.g225360.p01         -          LRR_4                PF12799.13   1.4e-23   81.5  21.7   1.3e-05   24.3   0.0   6.9   1   1   1   6   6   5   5 | SP+TM
VITVvi_vZin03_v1.1_P25.ver1.0.g342450.p01          -          LRR_4                PF12799.13   1.6e-23   81.2  48.0   0.00024   20.3   4.2  10.5   5   2   6  12  12  10   7 | TM
VITVvi_vZin03_v1.1_H000041F_010.ver1.0.g076650.p01 -          LRR_4                PF12799.13   1.6e-23   81.2  60.8   5.9e-05   22.2   0.0  12.7   7   3   9  16  16  12   9 | SP+TM
VITVvi_vZin03_v1.1_H000318F_005.ver1.0.g187610.p01 -          LRR_4                PF12799.13   1.7e-23   81.2  29.4   3.3e-08   32.6   4.5   6.6   5   1   1   6   6   6   5 | SP+TM
VITVvi_vZin03_v1.1_P123.ver1.0.g239770.p01         -          LRR_4                PF12799.13   1.8e-23   81.1  65.1   0.00029   20.1   0.4  12.6   9   2   4  13  13   8   6 | SP+TM
VITVvi_vZin03_v1.1_P64.ver1.0.g479370.p01          -          LRR_4                PF12799.13   1.8e-23   81.0  56.7   8.1e-05   21.8   1.4  11.1   6   2   7  14  14  12  10 | SP+TM
VITVvi_vZin03_v1.1_P124.ver1.0.g240540.p01         -          LRR_4                PF12799.13   2.4e-23   80.7  75.3   0.00036   19.8   3.4  12.2   4   3  11  17  17  14  13 | TM
VITVvi_vZin03_v1.1_P365.ver1.0.g392630.p01         -          LRR_4                PF12799.13   3.1e-23   80.3  66.1   2.1e-05   23.7   1.0  11.3   8   1   4  13  13  10   8 | SP+TM
VITVvi_vZin03_v1.1_P298.ver1.0.g364070.p01         -          LRR_4                PF12799.13   3.5e-23   80.2  56.1     8e-05   21.8   1.5  12.1  10   2   3  13  13   8   6 | SP+TM
VITVvi_vZin03_v1.1_P2.ver1.0.g309610.p01           -          LRR_4                PF12799.13   3.5e-23   80.2  20.9   3.6e-05   22.9   1.4   7.6   5   2   3   8   8   6   5 | SP
VITVvi_vZin03_v1.1_H000087F_005.ver1.0.g120530.p01 -          LRR_4                PF12799.13   3.8e-23   80.0  49.4   0.00035   19.8   0.4  11.3   6   2   3  12  12   9   5 | SP+TM
VITVvi_vZin03_v1.1_P83.ver1.0.g509080.p01          -          LRR_4                PF12799.13   3.8e-23   80.0  49.4   0.00035   19.8   0.4  11.3   6   2   3  12  12   9   5 | SP+TM
VITVvi_vZin03_v1.1_P31.ver1.0.g374080.p01          -          LRR_4                PF12799.13   3.9e-23   80.0  31.4   3.3e-06   26.2   0.4   9.1   4   1   2   9   9   8   4 | SP+TM
VITVvi_vZin03_v1.1_P3.ver1.0.g364430.p01           -          LRR_4                PF12799.13   4.5e-23   79.8  34.2     6e-06   25.4   0.8   7.1   3   2   1   7   7   6   6 | SP
VITVvi_vZin03_v1.1_H000232F_006.ver1.0.g176080.p01 -          LRR_4                PF12799.13   5.3e-23   79.6  29.1   6.5e-07   28.5   3.1   6.8   4   2   0   6   6   6   4 | SP+TM
VITVvi_vZin03_v1.1_P199.ver1.0.g308810.p01         -          LRR_4                PF12799.13   6.9e-23   79.2  65.6   4.4e-06   25.8   1.9  10.4   5   4   5  11  11   9   6 | TM
VITVvi_vZin03_v1.1_P677.ver1.0.g484510.p01         -          LRR_4                PF12799.13   7.4e-23   79.1  66.4   6.5e-05   22.1   0.2  12.8   6   5   7  13  13  10   7 | TM
VITVvi_vZin03_v1.1_H000110F_013.ver1.0.g133630.p01 -          LRR_4                PF12799.13   8.5e-23   78.9  53.3   8.9e-05   21.7   0.1   9.7   4   3   5  11  11  10   6 | SP
VITVvi_vZin03_v1.1_H000182F_002.ver1.0.g162490.p01 -          LRR_4                PF12799.13   9.4e-23   78.8  70.0    0.0007   18.8   1.9  13.9  10   5   4  15  15  11   9 | SP+TM
VITVvi_vZin03_v1.1_H000104F_007.ver1.0.g129840.p01 -          LRR_4                PF12799.13   1.3e-22   78.4  55.0   9.8e-06   24.7   0.7   9.4   5   4   3  10  10   7   6 | SP+TM
VITVvi_vZin03_v1.1_P140.ver1.0.g257870.p01         -          LRR_4                PF12799.13   1.3e-22   78.3  52.1   0.00073   18.8   0.8   9.7   5   2   5  11  11  10   7 | SP+TM
VITVvi_vZin03_v1.1_P124.ver1.0.g240610.p01         -          LRR_4                PF12799.13   1.5e-22   78.2  42.9   4.2e-05   22.7   0.1   8.7   4   3   7  11  11  11   8 | SP+TM
VITVvi_vZin03_v1.1_P572.ver1.0.g463530.p01         -          LRR_4                PF12799.13   1.5e-22   78.1  41.9   1.1e-05   24.6   3.5   7.1   4   2   4   8   8   7   6 | TM
VITVvi_vZin03_v1.1_P53.ver1.0.g453140.p01          -          LRR_4                PF12799.13   1.7e-22   78.0  44.0   1.7e-06   27.2   4.1   6.8   2   2   5   8   8   6   6 | SP+TM
VITVvi_vZin03_v1.1_H000080F_006.ver1.0.g115470.p01 -          LRR_4                PF12799.13   1.7e-22   77.9  84.4   0.00014   21.1   1.7  11.6   5   4   7  14  14  13  11 | SP+TM
VITVvi_vZin03_v1.1_P67.ver1.0.g483510.p01          -          LRR_4                PF12799.13   1.7e-22   77.9  84.4   0.00014   21.1   1.7  11.6   5   4   7  14  14  13  11 | SP+TM
VITVvi_vZin03_v1.1_H000099F_005.ver1.0.g125720.p01 -          LRR_4                PF12799.13     2e-22   77.7  34.5   8.8e-06   24.9   0.6   7.8   3   1   6   9   9   9   6 | TM
VITVvi_vZin03_v1.1_P88.ver1.0.g518490.p01          -          LRR_4                PF12799.13   2.6e-22   77.4  57.0   9.8e-06   24.7   0.7   9.6   5   4   3  10  10   7   6 | SP+TM
VITVvi_vZin03_v1.1_H000008F_010.ver1.0.g029130.p01 -          LRR_4                PF12799.13   2.6e-22   77.4  53.8   0.00013   21.1   0.1   9.8   6   3   2   9   9   7   6 | TM
VITVvi_vZin03_v1.1_P255.ver1.0.g345450.p01         -          LRR_4                PF12799.13   3.1e-22   77.1  35.4   5.1e-06   25.6   1.2   7.4   3   2   6  10  10   8   6 | SP+TM
VITVvi_vZin03_v1.1_P89.ver1.0.g519300.p01          -          LRR_4                PF12799.13   3.1e-22   77.1  54.4   8.9e-05   21.7   0.1   9.6   2   2   6  11  11  11   5 | SP
VITVvi_vZin03_v1.1_P56.ver1.0.g461560.p01          -          LRR_4                PF12799.13   3.7e-22   76.9  62.3   6.2e-05   22.2   2.5  13.5  10   4   3  14  14   9   4 | SP+TM
VITVvi_vZin03_v1.1_P677.ver1.0.g484540.p01         -          LRR_4                PF12799.13   3.8e-22   76.9  43.3   1.2e-06   27.6   1.5   8.0   3   3   7  10  10   7   6 | TM
VITVvi_vZin03_v1.1_H000816F_002.ver1.0.g198590.p01 -          LRR_4                PF12799.13     4e-22   76.8  51.2   3.8e-05   22.8   1.9   9.5   7   1   3  10  10   7   5 | SP+TM
VITVvi_vZin03_v1.1_P171.ver1.0.g289380.p01         -          LRR_4                PF12799.13   4.2e-22   76.7  63.9     6e-05   22.2   1.9   9.0   5   3   4  10  10   8   6 | TM
VITVvi_vZin03_v1.1_P273.ver1.0.g354240.p01         -          LRR_4                PF12799.13   5.8e-22   76.3  63.5   0.00014   21.1   0.2  10.1   9   2   3  13  13  10   7 | SP+TM
VITVvi_vZin03_v1.1_P273.ver1.0.g354220.p01         -          LRR_4                PF12799.13   6.3e-22   76.2  85.6   3.5e-05   22.9   3.9  14.5   6   3  12  19  19  16   8 | SP
VITVvi_vZin03_v1.1_P273.ver1.0.g354180.p01         -          LRR_4                PF12799.13   7.7e-22   75.9  60.5   0.00014   21.0   0.2  10.1  10   1   3  13  13  10   7 | SP+TM
VITVvi_vZin03_v1.1_H000125F_002.ver1.0.g138380.p01 -          LRR_4                PF12799.13   7.9e-22   75.8  26.7   3.7e-06   26.1   3.0   6.4   4   2   2   6   6   6   6 | SP
VITVvi_vZin03_v1.1_P110.ver1.0.g224860.p01         -          LRR_4                PF12799.13   7.9e-22   75.8  26.7   3.7e-06   26.1   3.0   6.4   4   2   2   6   6   6   6 | SP
VITVvi_vZin03_v1.1_P368.ver1.0.g393060.p01         -          LRR_4                PF12799.13   8.3e-22   75.8  36.3   4.4e-05   22.6   0.8   6.8   4   2   2   6   6   6   6 | TM
VITVvi_vZin03_v1.1_P405.ver1.0.g413070.p01         -          LRR_4                PF12799.13   1.2e-21   75.3  75.6   8.9e-05   21.7   3.3   8.4   2   1   9  12  12  12  10 | SP
VITVvi_vZin03_v1.1_P291.ver1.0.g362520.p01         -          LRR_4                PF12799.13   1.6e-21   74.9  32.1   1.3e-07   30.7   1.1   7.9   2   2   6  10  10   8   7 | SP
VITVvi_vZin03_v1.1_P129.ver1.0.g242950.p01         -          LRR_4                PF12799.13   1.6e-21   74.8  15.7   2.1e-07   30.0   0.3   6.5   6   0   0   6   6   4   3 | SP+TM
VITVvi_vZin03_v1.1_H000162F_003.ver1.0.g155310.p01 -          LRR_4                PF12799.13   1.6e-21   74.8  15.7   2.1e-07   30.0   0.3   6.5   6   0   0   6   6   4   3 | SP+TM
VITVvi_vZin03_v1.1_H000153F_005.ver1.0.g152810.p01 -          LRR_4                PF12799.13   1.7e-21   74.8  40.0     8e-06   25.0   4.1   6.9   4   2   4   8   8   6   6 | SP+TM
VITVvi_vZin03_v1.1_P254.ver1.0.g345160.p01         -          LRR_4                PF12799.13   2.2e-21   74.4  14.4   2.5e-06   26.6   1.5   4.5   3   1   1   4   4   4   4 | TM
VITVvi_vZin03_v1.1_P6.ver1.0.g471960.p01           -          LRR_4                PF12799.13   2.3e-21   74.4  38.7   1.1e-05   24.6   3.1   7.0   4   2   4   8   8   8   7 | TM
VITVvi_vZin03_v1.1_H000005F_004.ver1.0.g020790.p01 -          LRR_4                PF12799.13   2.3e-21   74.4  38.7   1.1e-05   24.6   3.1   7.0   4   2   4   8   8   8   7 | TM
VITVvi_vZin03_v1.1_H000182F_002.ver1.0.g162360.p01 -          LRR_4                PF12799.13   2.8e-21   74.1  65.6    0.0021   17.3   3.9  14.1   5   3   9  16  16  12   7 | SP+TM
VITVvi_vZin03_v1.1_P2.ver1.0.g309650.p01           -          LRR_4                PF12799.13   2.8e-21   74.1  67.7   5.1e-05   22.5   3.5  12.7   9   3   4  14  14   8   6 | SP+TM
VITVvi_vZin03_v1.1_P22.ver1.0.g327530.p01          -          LRR_4                PF12799.13     3e-21   74.0  42.9     7e-06   25.2   2.1   5.8   5   0   0   5   5   5   5 | TM
VITVvi_vZin03_v1.1_P26.ver1.0.g346530.p01          -          LRR_4                PF12799.13   3.1e-21   74.0  28.8   0.00011   21.4   3.5   7.3   5   2   3   8   8   7   6 | SP
VITVvi_vZin03_v1.1_P287.ver1.0.g360850.p01         -          LRR_4                PF12799.13   3.8e-21   73.7  39.4   0.00017   20.8   1.8   7.6   5   2   3   8   8   7   6 | SP+TM
VITVvi_vZin03_v1.1_H000095F_003.ver1.0.g124910.p01 -          LRR_4                PF12799.13   6.4e-21   73.0  40.3   0.00013   21.2   1.7   7.6   5   2   3   8   8   7   6 | TM
VITVvi_vZin03_v1.1_P61.ver1.0.g474720.p01          -          LRR_4                PF12799.13   6.7e-21   72.9  38.5   5.3e-06   25.6   0.9   7.8   4   2   3   8   8   8   6 | TM
VITVvi_vZin03_v1.1_P53.ver1.0.g453130.p01          -          LRR_4                PF12799.13   6.7e-21   72.9  39.9     1e-05   24.7   4.0   6.7   4   2   4   8   8   6   6 | SP+TM
VITVvi_vZin03_v1.1_P36.ver1.0.g390290.p01          -          LRR_4                PF12799.13   8.4e-21   72.6  67.5   5.9e-05   22.2   0.0  12.9   5   5  11  17  17  13   9 | SP+TM
VITVvi_vZin03_v1.1_P188.ver1.0.g302650.p01         -          LRR_4                PF12799.13   9.8e-21   72.4  31.8   6.5e-07   28.5   3.1   6.6   4   2   3   7   7   7   3 | SP+TM
VITVvi_vZin03_v1.1_P71.ver1.0.g491650.p01          -          LRR_4                PF12799.13   1.1e-20   72.2  69.1   0.00011   21.4   1.2  11.8   5   4   9  14  14  11   8 | SP
VITVvi_vZin03_v1.1_H000153F_005.ver1.0.g152830.p01 -          LRR_4                PF12799.13   1.2e-20   72.0  79.1   1.1e-06   27.8   1.3   7.5   2   1  10  12  12   9   9 | SP+TM
VITVvi_vZin03_v1.1_H000019F_008.ver1.0.g052710.p01 -          LRR_4                PF12799.13   1.3e-20   72.0  57.4   0.00023   20.4   0.0  12.1  10   3   4  14  14   9   6 | SP+TM
VITVvi_vZin03_v1.1_P122.ver1.0.g239360.p01         -          LRR_4                PF12799.13   1.4e-20   71.9  71.7   0.00025   20.2   0.3  12.1   5   2   8  14  14  11   9 | SP
VITVvi_vZin03_v1.1_H000023F_021.ver1.0.g057950.p01 -          LRR_4                PF12799.13   1.4e-20   71.9  26.8   7.3e-06   25.1   1.8   6.4   5   1   1   6   6   6   5 | SP
VITVvi_vZin03_v1.1_P15.ver1.0.g265330.p01          -          LRR_4                PF12799.13   1.5e-20   71.8  26.5   9.9e-05   21.5   2.0   5.8   3   1   2   6   6   6   5 | SP
VITVvi_vZin03_v1.1_P30.ver1.0.g370750.p01          -          LRR_4                PF12799.13   2.4e-20   71.2  24.9   4.8e-06   25.7   0.0   6.3   4   1   0   5   5   4   3 | SP+TM
VITVvi_vZin03_v1.1_P9.ver1.0.g521000.p01           -          LRR_4                PF12799.13   5.5e-20   70.0  62.1   2.5e-05   23.4   0.5  11.5   3   3  12  16  16  12  10 | SP+TM
VITVvi_vZin03_v1.1_H000182F_002.ver1.0.g162400.p01 -          LRR_4                PF12799.13   6.8e-20   69.7  60.8    0.0006   19.0   1.7  13.7   8   4   9  17  17  10   6 | SP+TM
VITVvi_vZin03_v1.1_P127.ver1.0.g241480.p01         -          LRR_4                PF12799.13   7.1e-20   69.6  41.1   0.00025   20.2   0.7   7.5   2   2   3   7   7   6   6 | TM
VITVvi_vZin03_v1.1_H000182F_002.ver1.0.g162320.p01 -          LRR_4                PF12799.13   7.6e-20   69.5  61.8   0.00026   20.2   0.8  13.6   6   2   4  13  13   9   4 | TM
VITVvi_vZin03_v1.1_P273.ver1.0.g354110.p01         -          LRR_4                PF12799.13     8e-20   69.5  69.7   1.6e-05   24.0   0.7  10.5   6   4   4  13  13  10   6 | SP+TM
VITVvi_vZin03_v1.1_P151.ver1.0.g270680.p01         -          LRR_4                PF12799.13   8.1e-20   69.5  66.1    0.0041   16.4   2.6  14.7  11   3   5  16  16   9   5 | SP+TM
VITVvi_vZin03_v1.1_H000182F_002.ver1.0.g162450.p01 -          LRR_4                PF12799.13   9.7e-20   69.2  52.0   0.00046   19.4   2.0  10.2   7   3   1   9   9   9   5 | TM
VITVvi_vZin03_v1.1_P494.ver1.0.g441440.p01         -          LRR_4                PF12799.13   1.2e-19   68.9  11.8   1.2e-07   30.8   3.1   4.7   3   1   2   5   5   5   3 | TM
VITVvi_vZin03_v1.1_H000029F_011.ver1.0.g067740.p01 -          LRR_4                PF12799.13   1.3e-19   68.8  69.5   0.00012   21.2   5.1  10.4   8   3   2  11  11   8   7 | SP
VITVvi_vZin03_v1.1_P494.ver1.0.g441470.p01         -          LRR_4                PF12799.13   1.3e-19   68.8  32.8   3.1e-06   26.3   3.2   7.3   4   1   3   8   8   8   4 | TM
VITVvi_vZin03_v1.1_P40.ver1.0.g411710.p01          -          LRR_4                PF12799.13   1.7e-19   68.4  37.9   1.6e-05   24.1   2.6   6.7   5   1   1   6   6   6   5 | TM
VITVvi_vZin03_v1.1_P32.ver1.0.g377360.p01          -          LRR_4                PF12799.13   1.8e-19   68.4  40.0   8.3e-06   24.9   2.6   7.5   2   2   6   9   9   8   7 | TM
VITVvi_vZin03_v1.1_H000182F_002.ver1.0.g162350.p01 -          LRR_4                PF12799.13   1.9e-19   68.3  78.4    0.0011   18.2   1.0  14.5   6   3  11  17  17  12   8 | TM
VITVvi_vZin03_v1.1_P279.ver1.0.g355740.p01         -          LRR_4                PF12799.13   1.9e-19   68.2  26.7   1.8e-05   23.8   0.8   6.2   3   1   2   6   6   5   3 | TM
VITVvi_vZin03_v1.1_P2.ver1.0.g309570.p01           -          LRR_4                PF12799.13     2e-19   68.2  24.5   0.00079   18.7   2.3   7.5   4   3   2   7   7   6   4 | SP
VITVvi_vZin03_v1.1_P112.ver1.0.g225410.p01         -          LRR_4                PF12799.13   2.1e-19   68.2  52.4   1.1e-05   24.6   2.7   8.1   3   1   9  12  12   9   8 | SP+TM
VITVvi_vZin03_v1.1_P551.ver1.0.g461030.p01         -          LRR_4                PF12799.13   2.1e-19   68.1  66.9   7.4e-05   21.9   0.4  12.0   9   4   4  14  14   7   5 | SP
VITVvi_vZin03_v1.1_P224.ver1.0.g329650.p01         -          LRR_4                PF12799.13   2.2e-19   68.1  84.4   9.5e-06   24.8   1.2  12.4   3   2  10  17  17  11   7 | SP+TM
VITVvi_vZin03_v1.1_H000039F_008.ver1.0.g075100.p01 -          LRR_4                PF12799.13   2.6e-19   67.8  54.5    0.0046   16.2   0.3  11.1   4   2   4  12  12  10   4 | TM
VITVvi_vZin03_v1.1_P127.ver1.0.g241780.p01         -          LRR_4                PF12799.13     3e-19   67.6  56.0   1.6e-05   24.0   1.5  10.3  10   2   1  11  11   7   5 | TM
VITVvi_vZin03_v1.1_P7.ver1.0.g490480.p01           -          LRR_4                PF12799.13   3.4e-19   67.5  24.7   8.4e-05   21.8   0.8   6.4   3   2   1   6   6   5   5 | SP
VITVvi_vZin03_v1.1_P830.ver1.0.g509660.p01         -          LRR_4                PF12799.13   5.3e-19   66.9  23.3    0.0002   20.6   0.3   6.4   3   2   2   7   7   6   5 | SP
VITVvi_vZin03_v1.1_P53.ver1.0.g456730.p01          -          LRR_4                PF12799.13   6.2e-19   66.6  65.5   0.00024   20.3   1.0  10.2   9   1   1  10  10   7   5 | TM
VITVvi_vZin03_v1.1_P9.ver1.0.g520990.p01           -          LRR_4                PF12799.13   6.3e-19   66.6  26.6   5.2e-05   22.4   0.1   7.4   4   3   3   8   8   4   4 | TM
VITVvi_vZin03_v1.1_P272.ver1.0.g353660.p01         -          LRR_4                PF12799.13   7.3e-19   66.4  55.0   3.1e-05   23.1   2.5   9.9   4   2   6  11  11   8   4 | SP+TM
VITVvi_vZin03_v1.1_P24.ver1.0.g338310.p01          -          LRR_4                PF12799.13   8.1e-19   66.3  25.3   8.4e-06   24.9   2.1   6.2   4   1   1   6   6   5   5 | SP
VITVvi_vZin03_v1.1_P286.ver1.0.g360560.p01         -          LRR_4                PF12799.13   9.8e-19   66.0  61.9   0.00067   18.9   4.3  12.1  10   2   3  13  13   8   5 | SP
VITVvi_vZin03_v1.1_P272.ver1.0.g353760.p01         -          LRR_4                PF12799.13   1.1e-18   65.8  42.3    0.0017   17.6   1.2   8.7   5   3   5  10  10   9   8 | SP
VITVvi_vZin03_v1.1_P714.ver1.0.g493080.p01         -          LRR_4                PF12799.13   1.1e-18   65.8  39.5   4.9e-06   25.7   1.0   8.1   3   1   5   9   9   9   6 | SP
VITVvi_vZin03_v1.1_H000067F_008.ver1.0.g107850.p01 -          LRR_4                PF12799.13   1.2e-18   65.8  65.8   7.5e-05   21.9   1.2  11.6   7   1   4  13  13   9   7 | SP+TM
VITVvi_vZin03_v1.1_H000286F_002.ver1.0.g184270.p01 -          LRR_4                PF12799.13   1.5e-18   65.4  83.7   6.6e-05   22.1   0.3  12.4   3   2  10  16  16  11   7 | SP+TM
VITVvi_vZin03_v1.1_H000182F_002.ver1.0.g162340.p01 -          LRR_4                PF12799.13   1.7e-18   65.3  54.5   0.00046   19.4   1.1  11.5   7   3   5  13  13   9   6 | SP
VITVvi_vZin03_v1.1_P127.ver1.0.g241470.p01         -          LRR_4                PF12799.13   1.9e-18   65.1  46.1   2.1e-05   23.7   1.9   8.0   3   3   4   8   8   8   6 | TM
VITVvi_vZin03_v1.1_P595.ver1.0.g468130.p01         -          LRR_4                PF12799.13   2.1e-18   65.0  58.3     9e-05   21.7   1.5   9.0   5   2   4  10  10   9   8 | TM
VITVvi_vZin03_v1.1_H000029F_002.ver1.0.g066700.p01 -          LRR_4                PF12799.13   2.2e-18   64.9  50.6   3.5e-06   26.1   3.2   8.4   6   1   2   9   9   5   5 | TM
VITVvi_vZin03_v1.1_P298.ver1.0.g364010.p01         -          LRR_4                PF12799.13     3e-18   64.5  48.4   0.00013   21.2   3.3  10.5   8   3   2  10  10   7   5 | TM
VITVvi_vZin03_v1.1_P272.ver1.0.g353500.p01         -          LRR_4                PF12799.13   4.1e-18   64.0  58.2   0.00059   19.1   5.5   9.9   2   2   6  10  10  10   7 | SP
VITVvi_vZin03_v1.1_P140.ver1.0.g257840.p01         -          LRR_4                PF12799.13     7e-18   63.3  48.4   1.4e-06   27.4   3.9  10.8   6   4   6  13  13   7   4 | SP+TM
VITVvi_vZin03_v1.1_P298.ver1.0.g364110.p01         -          LRR_4                PF12799.13   8.4e-18   63.1  49.7   0.00045   19.4   0.1  11.2   9   2   3  12  12   7   4 | TM
VITVvi_vZin03_v1.1_P87.ver1.0.g516380.p01          -          LRR_4                PF12799.13   8.6e-18   63.0  28.8   9.9e-06   24.7   1.0   5.9   4   2   1   6   6   5   4 | TM
VITVvi_vZin03_v1.1_P151.ver1.0.g270760.p01         -          LRR_4                PF12799.13   1.4e-17   62.4  79.8   0.00064   18.9   2.0  14.0   7   4   9  17  17  11   5 | SP
VITVvi_vZin03_v1.1_H000182F_002.ver1.0.g162420.p01 -          LRR_4                PF12799.13   1.8e-17   62.0  76.0   0.00054   19.2   1.5  13.6   5   4   6  14  14  11   5 | SP+TM
VITVvi_vZin03_v1.1_P224.ver1.0.g329680.p01         -          LRR_4                PF12799.13   1.9e-17   61.9  36.1   0.00011   21.4   0.2   7.5   4   3   4   8   8   7   6 | TM
VITVvi_vZin03_v1.1_P214.ver1.0.g323840.p01         -          LRR_4                PF12799.13   2.5e-17   61.5  20.5   7.3e-08   31.5   2.8   7.1   6   2   2   8   8   5   3 | SP
VITVvi_vZin03_v1.1_P405.ver1.0.g413060.p01         -          LRR_4                PF12799.13     3e-17   61.3  74.0   0.00016   20.8   2.0  10.2   2   2  10  14  14  12   9 | SP+TM
VITVvi_vZin03_v1.1_P49.ver1.0.g439460.p01          -          LRR_4                PF12799.13   3.3e-17   61.2  24.5    0.0015   17.8   0.5   6.6   6   0   0   6   6   5   4 | TM
VITVvi_vZin03_v1.1_P199.ver1.0.g308780.p01         -          LRR_4                PF12799.13   3.7e-17   61.0  51.5     0.004   16.4   1.6  10.3   2   1  11  14  14  11   7 | SP+TM
VITVvi_vZin03_v1.1_H000286F_002.ver1.0.g184300.p01 -          LRR_4                PF12799.13     4e-17   60.9  36.1   0.00011   21.3   0.2   7.5   4   3   4   8   8   7   6 | TM
VITVvi_vZin03_v1.1_H000024F_012.ver1.0.g059030.p01 -          LRR_4                PF12799.13   4.4e-17   60.8  19.0     0.024   14.0   0.9   7.6   4   2   4   9   9   9   3 | SP
VITVvi_vZin03_v1.1_P40.ver1.0.g411730.p01          -          LRR_4                PF12799.13   4.9e-17   60.6  48.6   0.00019   20.6   1.7   8.9   6   3   2   9   9   5   4 | TM
VITVvi_vZin03_v1.1_P4.ver1.0.g408120.p01           -          LRR_4                PF12799.13   4.9e-17   60.6  29.4   2.1e-05   23.7   4.4   5.8   1   1   6   8   8   8   7 | SP+TM
VITVvi_vZin03_v1.1_P54.ver1.0.g457670.p01          -          LRR_4                PF12799.13   5.1e-17   60.6  31.6   1.5e-06   27.3   1.2   7.2   3   2   3   8   8   5   4 | TM
VITVvi_vZin03_v1.1_H000146F_009.ver1.0.g148750.p01 -          LRR_4                PF12799.13   5.3e-17   60.5  31.0   1.5e-05   24.1   1.1   5.8   4   1   2   6   6   6   6 | TM
VITVvi_vZin03_v1.1_P160.ver1.0.g280300.p01         -          LRR_4                PF12799.13   6.2e-17   60.3  24.5   4.7e-06   25.7   0.2   6.6   2   1   5   8   8   8   7 | SP
VITVvi_vZin03_v1.1_P71.ver1.0.g491670.p01          -          LRR_4                PF12799.13     7e-17   60.1  63.3   0.00015   20.9   0.5   9.8   5   4   6  13  13  10   6 | SP+TM
VITVvi_vZin03_v1.1_H000196F_003.ver1.0.g166120.p01 -          LRR_4                PF12799.13   7.2e-17   60.1  24.5   1.7e-06   27.2   0.4   6.6   2   1   5   8   8   7   7 | SP
VITVvi_vZin03_v1.1_H000132F_003.ver1.0.g140820.p01 -          LRR_4                PF12799.13   7.7e-17   60.0  36.3   1.1e-05   24.5   5.3   6.4   5   1   2   7   7   6   4 | SP
VITVvi_vZin03_v1.1_P109.ver1.0.g219810.p01         -          LRR_4                PF12799.13   7.7e-17   60.0  36.3   1.1e-05   24.5   5.3   6.4   5   1   2   7   7   6   4 | SP
VITVvi_vZin03_v1.1_P366.ver1.0.g392730.p01         -          LRR_4                PF12799.13   8.2e-17   59.9  36.9   0.00054   19.2   0.1   8.2   4   3   3   8   8   7   4 | SP
VITVvi_vZin03_v1.1_P365.ver1.0.g392600.p01         -          LRR_4                PF12799.13   9.9e-17   59.7  30.6   0.00024   20.3   3.5   7.4   5   2   4   9   9   7   5 | SP+TM
VITVvi_vZin03_v1.1_P518.ver1.0.g450240.p01         -          LRR_4                PF12799.13     1e-16   59.6  27.9   2.5e-06   26.6   4.0   6.2   2   2   6   8   8   7   6 | SP
VITVvi_vZin03_v1.1_H000136F_002.ver1.0.g143730.p01 -          LRR_4                PF12799.13   1.1e-16   59.6  37.1   6.5e-06   25.3   3.3   7.3   3   2   4   8   8   8   6 | SP+TM
VITVvi_vZin03_v1.1_H000153F_005.ver1.0.g152800.p01 -          LRR_4                PF12799.13   1.1e-16   59.5  18.5   2.9e-06   26.4   0.6   5.0   2   1   2   5   5   4   4 | SP+TM
VITVvi_vZin03_v1.1_P118.ver1.0.g232090.p01         -          LRR_4                PF12799.13   1.4e-16   59.2  36.7   7.1e-06   25.2   3.5   7.2   3   2   4   8   8   8   6 | SP+TM
VITVvi_vZin03_v1.1_P71.ver1.0.g491640.p01          -          LRR_4                PF12799.13   1.6e-16   59.0  23.6   7.5e-05   21.9   0.1   5.6   3   2   3   6   6   6   6 | TM
VITVvi_vZin03_v1.1_P71.ver1.0.g491630.p01          -          LRR_4                PF12799.13   1.8e-16   58.9  44.5   6.2e-06   25.4   2.7   7.9   4   2   6  10  10   9   8 | SP
VITVvi_vZin03_v1.1_P77.ver1.0.g498080.p01          -          LRR_4                PF12799.13   1.9e-16   58.7  21.3   2.7e-05   23.3   0.9   6.3   3   2   3   7   7   4   3 | SP+TM
VITVvi_vZin03_v1.1_H000001F_021.ver1.0.g004440.p01 -          LRR_4                PF12799.13   2.2e-16   58.5  32.9   0.00086   18.5   4.3   6.7   4   2   3   7   7   7   5 | SP+TM
VITVvi_vZin03_v1.1_P88.ver1.0.g518500.p01          -          LRR_4                PF12799.13     3e-16   58.1  33.4   2.5e-05   23.4   0.4   7.1   4   3   3   8   8   4   4 | TM
VITVvi_vZin03_v1.1_P518.ver1.0.g450220.p01         -          LRR_4                PF12799.13   4.3e-16   57.6  12.0   1.7e-06   27.1   1.2   4.3   2   1   3   5   5   4   4 | TM
VITVvi_vZin03_v1.1_H000397F_001.ver1.0.g191480.p01 -          LRR_4                PF12799.13   4.7e-16   57.5  47.8    0.0014   17.9   6.4   8.3   6   2   0   7   7   5   4 | SP
VITVvi_vZin03_v1.1_P402.ver1.0.g412650.p01         -          LRR_4                PF12799.13   6.3e-16   57.1  74.3   0.00031   20.0   1.2   8.9   4   2   6  10  10   9   9 | SP
VITVvi_vZin03_v1.1_P28.ver1.0.g357690.p01          -          LRR_4                PF12799.13   6.8e-16   57.0  37.4    0.0027   17.0   0.1   8.2   4   3   3   8   8   8   5 | TM
VITVvi_vZin03_v1.1_P61.ver1.0.g474780.p01          -          LRR_4                PF12799.13   6.8e-16   57.0  32.3   9.6e-06   24.8   3.7   5.1   2   1   4   6   6   6   4 | TM
VITVvi_vZin03_v1.1_P696.ver1.0.g487530.p01         -          LRR_4                PF12799.13   7.8e-16   56.8  24.6   1.2e-05   24.5   0.8   6.4   2   1   6   9   9   7   5 | SP
VITVvi_vZin03_v1.1_H000031F_003.ver1.0.g067950.p01 -          LRR_4                PF12799.13   1.3e-15   56.1  54.1    0.0075   15.5   4.1  10.5   5   2   8  13  13  10   7 | SP+TM
VITVvi_vZin03_v1.1_P199.ver1.0.g308710.p01         -          LRR_4                PF12799.13   1.3e-15   56.1  30.6    0.0014   17.8   2.4   7.5   2   2   6   8   8   8   7 | SP
VITVvi_vZin03_v1.1_P409.ver1.0.g413600.p01         -          LRR_4                PF12799.13   1.3e-15   56.0  34.9   0.00015   20.9   0.1   5.8   2   1   3   6   6   5   5 | TM
VITVvi_vZin03_v1.1_P24.ver1.0.g337510.p01          -          LRR_4                PF12799.13   1.4e-15   56.0  34.2   1.5e-05   24.1   1.9   5.7   6   0   0   6   6   5   4 | SP
VITVvi_vZin03_v1.1_P74.ver1.0.g495750.p01          -          LRR_4                PF12799.13   1.5e-15   55.9  27.6   5.2e-05   22.4   1.3   4.6   3   1   0   4   4   4   4 | TM
VITVvi_vZin03_v1.1_P261.ver1.0.g348000.p01         -          LRR_4                PF12799.13   1.6e-15   55.8  24.2   1.4e-05   24.2   0.8   6.3   2   1   6   9   9   7   5 | TM
VITVvi_vZin03_v1.1_H000001F_017.ver1.0.g003350.p01 -          LRR_4                PF12799.13     2e-15   55.5  20.2   0.00011   21.4   0.8   5.4   2   1   2   6   6   5   4 | SP
VITVvi_vZin03_v1.1_H000150F_006.ver1.0.g150270.p01 -          LRR_4                PF12799.13   2.2e-15   55.4  33.3   5.4e-06   25.5   0.7   7.3   5   1   2   8   8   4   4 | SP
VITVvi_vZin03_v1.1_P122.ver1.0.g238800.p01         -          LRR_4                PF12799.13   2.2e-15   55.4  33.3   5.4e-06   25.5   0.7   7.3   5   1   2   8   8   4   4 | SP
VITVvi_vZin03_v1.1_P67.ver1.0.g484190.p01          -          LRR_4                PF12799.13   2.3e-15   55.3  22.2   3.6e-05   22.9   0.8   5.6   3   2   3   6   6   6   6 | TM
VITVvi_vZin03_v1.1_H000057F_001.ver1.0.g098310.p01 -          LRR_4                PF12799.13   2.7e-15   55.1  32.2    0.0005   19.3   0.5   8.1   8   1   0   8   8   5   4 | TM
VITVvi_vZin03_v1.1_H000136F_002.ver1.0.g143740.p01 -          LRR_4                PF12799.13   2.7e-15   55.1  30.1   0.00081   18.6   0.3   7.0   4   2   3   8   8   7   4 | SP+TM
VITVvi_vZin03_v1.1_P32.ver1.0.g377930.p01          -          LRR_4                PF12799.13     3e-15   55.0  54.7    0.0072   15.6   4.1  10.5   4   2  10  14  14  10   7 | SP+TM
VITVvi_vZin03_v1.1_H000037F_018.ver1.0.g074900.p01 -          LRR_4                PF12799.13   3.8e-15   54.6  38.9     3e-05   23.2   1.8   8.4   6   2   2   9   9   6   5 | TM
VITVvi_vZin03_v1.1_P405.ver1.0.g413080.p01         -          LRR_4                PF12799.13   4.8e-15   54.3  34.1   0.00035   19.8   2.4   7.2   4   1   5   9   9   7   4 | TM
VITVvi_vZin03_v1.1_H000024F_012.ver1.0.g059310.p01 -          LRR_4                PF12799.13   5.2e-15   54.2   5.4   0.00023   20.4   0.1   4.0   3   0   0   3   3   3   3 | SP+TM
VITVvi_vZin03_v1.1_P44.ver1.0.g426390.p01          -          LRR_4                PF12799.13   5.5e-15   54.1  23.7   3.6e-05   22.9   2.5   6.5   2   2   4   7   7   6   4 | SP+TM
VITVvi_vZin03_v1.1_P237.ver1.0.g336770.p01         -          LRR_4                PF12799.13   6.4e-15   53.9  29.5   2.9e-05   23.2   0.9   6.7   4   2   4   8   8   5   4 | SP
VITVvi_vZin03_v1.1_P61.ver1.0.g474830.p01          -          LRR_4                PF12799.13   7.4e-15   53.7  55.2   8.3e-05   21.8   6.0   5.9   4   1   3   7   7   6   4 | SP
VITVvi_vZin03_v1.1_P5.ver1.0.g442680.p01           -          LRR_4                PF12799.13   1.1e-14   53.1  77.7   0.00029   20.0   1.6  10.2   7   2   2  10  10   8   5 | SP
VITVvi_vZin03_v1.1_P479.ver1.0.g436670.p01         -          LRR_4                PF12799.13   1.2e-14   53.1  29.4   1.6e-05   24.1   2.5   4.7   4   1   1   5   5   4   4 | TM
VITVvi_vZin03_v1.1_P2.ver1.0.g309580.p01           -          LRR_4                PF12799.13   1.5e-14   52.8  10.4   5.2e-05   22.4   0.4   5.3   4   1   1   5   5   3   3 | SP
VITVvi_vZin03_v1.1_H000152F_005.ver1.0.g151320.p01 -          LRR_4                PF12799.13   1.5e-14   52.7  23.7   3.8e-05   22.8   0.1   6.1   2   2   4   7   7   7   5 | SP
VITVvi_vZin03_v1.1_P2.ver1.0.g314670.p01           -          LRR_4                PF12799.13   1.5e-14   52.7  23.6   4.4e-05   22.6   0.6   7.3   3   2   5   8   8   5   3 | TM
VITVvi_vZin03_v1.1_H000001F_003.ver1.0.g002250.p01 -          LRR_4                PF12799.13   1.5e-14   52.7  23.6   4.4e-05   22.6   0.6   7.3   3   2   5   8   8   5   3 | TM
VITVvi_vZin03_v1.1_P128.ver1.0.g242160.p01         -          LRR_4                PF12799.13   1.6e-14   52.6  23.9   3.3e-05   23.0   0.1   6.1   2   2   5   8   8   7   5 | SP
VITVvi_vZin03_v1.1_H000146F_009.ver1.0.g148780.p01 -          LRR_4                PF12799.13   2.2e-14   52.2  17.6   7.2e-06   25.1   1.0   4.4   3   1   2   5   5   4   4 | TM
VITVvi_vZin03_v1.1_P400.ver1.0.g412340.p01         -          LRR_4                PF12799.13   2.5e-14   52.0  19.6   0.00043   19.5   0.0   6.3   4   1   3   7   7   5   5 | SP
VITVvi_vZin03_v1.1_P155.ver1.0.g274500.p01         -          LRR_4                PF12799.13   2.6e-14   52.0  23.5   0.00024   20.3   3.3   7.3   4   2   1   7   7   5   3 | SP+TM
VITVvi_vZin03_v1.1_P155.ver1.0.g273930.p01         -          LRR_4                PF12799.13     3e-14   51.8  20.0   2.8e-07   29.6   3.5   4.8   1   1   6   7   7   7   4 | SP+TM
VITVvi_vZin03_v1.1_P49.ver1.0.g439480.p01          -          LRR_4                PF12799.13   3.1e-14   51.7  27.3   3.5e-05   23.0   0.4   7.3   7   2   0   7   7   5   2 | SP+TM
VITVvi_vZin03_v1.1_H000183F_001.ver1.0.g162680.p01 -          LRR_4                PF12799.13   3.4e-14   51.6  22.2   3.5e-07   29.3   3.9   4.6   1   1   6   7   7   7   4 | SP+TM
VITVvi_vZin03_v1.1_P118.ver1.0.g232100.p01         -          LRR_4                PF12799.13   3.8e-14   51.5  32.0   0.00081   18.6   0.3   7.0   4   2   3   8   8   7   4 | SP+TM
VITVvi_vZin03_v1.1_P123.ver1.0.g239750.p01         -          LRR_4                PF12799.13   4.2e-14   51.3  26.8   2.5e-05   23.4   0.4   7.0   5   2   2   7   7   6   4 | SP
VITVvi_vZin03_v1.1_H000286F_001.ver1.0.g184240.p01 -          LRR_4                PF12799.13   5.2e-14   51.0  16.4     2e-06   26.9   1.6   5.9   2   2   3   7   7   5   5 | SP
VITVvi_vZin03_v1.1_P1.ver1.0.g208460.p01           -          LRR_4                PF12799.13   6.5e-14   50.7  40.6   4.3e-06   25.9   3.1   7.0   6   1   1   7   7   5   3 | SP+TM
VITVvi_vZin03_v1.1_H000086F_006.ver1.0.g120370.p01 -          LRR_4                PF12799.13   6.6e-14   50.7  30.6   6.8e-05   22.1   1.6   5.3   2   2   3   6   6   6   6 | TM
VITVvi_vZin03_v1.1_H000057F_001.ver1.0.g098330.p01 -          LRR_4                PF12799.13   9.9e-14   50.1  31.8   3.7e-05   22.9   0.4   7.5   7   2   0   7   7   5   3 | SP+TM
VITVvi_vZin03_v1.1_H000019F_012.ver1.0.g053840.p01 -          LRR_4                PF12799.13   1.2e-13   49.8  29.3   0.00024   20.3   2.3   4.7   4   0   0   4   4   4   4 | TM
VITVvi_vZin03_v1.1_P221.ver1.0.g328430.p01         -          LRR_4                PF12799.13   1.3e-13   49.8  13.0   4.6e-06   25.8   0.0   3.6   2   1   1   3   3   3   2 | SP+TM
VITVvi_vZin03_v1.1_P26.ver1.0.g346160.p01          -          LRR_4                PF12799.13   1.3e-13   49.7  13.0   4.6e-06   25.8   0.0   3.6   2   1   1   3   3   3   2 | SP+TM
VITVvi_vZin03_v1.1_P85.ver1.0.g511410.p01          -          LRR_4                PF12799.13   1.7e-13   49.4  30.0     0.001   18.3   0.3   6.7   5   1   1   6   6   5   5 | SP
VITVvi_vZin03_v1.1_H000026F_007.ver1.0.g062370.p01 -          LRR_4                PF12799.13   1.7e-13   49.4  17.4   1.3e-05   24.4   4.9   4.7   3   1   0   4   4   3   2 | SP+TM
VITVvi_vZin03_v1.1_H000057F_001.ver1.0.g098320.p01 -          LRR_4                PF12799.13   1.7e-13   49.3  29.7   0.00064   18.9   0.4   7.8   8   1   0   8   8   5   4 | SP+TM
VITVvi_vZin03_v1.1_P269.ver1.0.g350920.p01         -          LRR_4                PF12799.13   1.9e-13   49.3  12.1    0.0081   15.4   0.0   5.0   4   0   0   4   4   4   3 | TM
VITVvi_vZin03_v1.1_H000027F_017.ver1.0.g065000.p01 -          LRR_4                PF12799.13   2.1e-13   49.1  30.9   0.00028   20.1   2.4   6.1   2   1   7   9   9   8   7 | SP
VITVvi_vZin03_v1.1_H000011F_011.ver1.0.g035870.p01 -          LRR_4                PF12799.13   2.1e-13   49.1  23.8    0.0014   17.9   0.2   7.2   5   2   1   7   7   5   2 | SP
VITVvi_vZin03_v1.1_P11.ver1.0.g221810.p01          -          LRR_4                PF12799.13   2.1e-13   49.1  23.8    0.0014   17.9   0.2   7.2   5   2   1   7   7   5   2 | SP
VITVvi_vZin03_v1.1_H000028F_009.ver1.0.g066080.p01 -          LRR_4                PF12799.13   2.1e-13   49.1  27.1   3.9e-05   22.8   0.6   6.9   3   1   7  10  10   5   5 | SP
VITVvi_vZin03_v1.1_P28.ver1.0.g356240.p01          -          LRR_4                PF12799.13   2.1e-13   49.1  27.1   3.9e-05   22.8   0.6   6.9   3   1   7  10  10   5   5 | SP
VITVvi_vZin03_v1.1_P133.ver1.0.g248510.p01         -          LRR_4                PF12799.13   2.2e-13   49.0  14.6     5e-06   25.7   0.8   4.6   2   1   0   4   4   3   2 | SP+TM
VITVvi_vZin03_v1.1_P1.ver1.0.g208420.p01           -          LRR_4                PF12799.13   2.3e-13   49.0  16.2   7.1e-06   25.2   0.3   3.6   3   0   0   3   3   3   2 | SP+TM
VITVvi_vZin03_v1.1_P3.ver1.0.g364470.p01           -          LRR_4                PF12799.13   3.1e-13   48.5  33.4    0.0004   19.6   4.1   5.7   1   1   5   7   7   7   6 | TM
VITVvi_vZin03_v1.1_P165.ver1.0.g283850.p01         -          LRR_4                PF12799.13   3.5e-13   48.4  26.2   7.7e-07   28.2   7.3   6.9   3   1   9  12  12   6   6 | SP+TM
VITVvi_vZin03_v1.1_P85.ver1.0.g511310.p01          -          LRR_4                PF12799.13   3.6e-13   48.3  23.9   0.00081   18.6   1.2   5.7   2   2   1   5   5   5   3 | TM
VITVvi_vZin03_v1.1_H000057F_001.ver1.0.g098300.p01 -          LRR_4                PF12799.13   3.8e-13   48.3  33.5    0.0021   17.3   0.6   7.9   7   2   0   7   7   5   3 | SP+TM
VITVvi_vZin03_v1.1_P49.ver1.0.g439440.p01          -          LRR_4                PF12799.13   4.5e-13   48.0  29.4    0.0016   17.7   0.5   7.8   8   1   0   8   8   5   3 | SP+TM
VITVvi_vZin03_v1.1_P34.ver1.0.g384560.p01          -          LRR_4                PF12799.13   4.7e-13   48.0  56.5   9.5e-06   24.8   4.9   6.9   5   1   2   7   7   5   4 | SP+TM
VITVvi_vZin03_v1.1_H000040F_002.ver1.0.g075950.p01 -          LRR_4                PF12799.13   4.7e-13   48.0  56.5   9.5e-06   24.8   4.9   6.9   5   1   2   7   7   5   4 | SP+TM
VITVvi_vZin03_v1.1_P31.ver1.0.g374340.p01          -          LRR_4                PF12799.13     5e-13   47.9   6.0   0.00052   19.2   0.1   4.0   3   0   0   3   3   3   3 | SP+TM
VITVvi_vZin03_v1.1_P58.ver1.0.g464340.p01          -          LRR_4                PF12799.13   5.2e-13   47.8  17.7     1e-05   24.7   3.1   4.2   3   1   1   4   4   3   3 | SP+TM
VITVvi_vZin03_v1.1_P288.ver1.0.g360900.p01         -          LRR_4                PF12799.13     6e-13   47.6  19.0   1.5e-06   27.3   3.3   5.4   2   1   5   7   7   7   4 | TM
VITVvi_vZin03_v1.1_H000208F_004.ver1.0.g170000.p01 -          LRR_4                PF12799.13   6.2e-13   47.6  14.9    0.0011   18.2   3.6   4.6   3   1   2   5   5   5   3 | TM
VITVvi_vZin03_v1.1_P28.ver1.0.g357250.p01          -          LRR_4                PF12799.13   6.9e-13   47.4  10.7   0.00034   19.8   0.0   6.8   6   1   2   8   8   3   2 | SP+TM
VITVvi_vZin03_v1.1_H000051F_004.ver1.0.g090350.p01 -          LRR_4                PF12799.13   7.3e-13   47.4  15.7   6.4e-05   22.1   0.7   4.0   2   1   0   3   3   3   3 | SP+TM
VITVvi_vZin03_v1.1_P25.ver1.0.g343230.p01          -          LRR_4                PF12799.13   7.4e-13   47.3  15.7   6.4e-05   22.1   0.7   4.0   2   1   0   3   3   3   3 | SP+TM
VITVvi_vZin03_v1.1_P272.ver1.0.g353600.p01         -          LRR_4                PF12799.13   8.5e-13   47.2  27.2   4.1e-05   22.7   0.3   7.8   4   2   4   9   9   5   3 | SP
VITVvi_vZin03_v1.1_P744.ver1.0.g496250.p01         -          LRR_4                PF12799.13     1e-12   46.9  18.1    0.0017   17.6   2.1   4.8   5   0   0   5   5   4   3 | TM
VITVvi_vZin03_v1.1_P714.ver1.0.g493090.p01         -          LRR_4                PF12799.13     1e-12   46.9  18.1    0.0017   17.6   2.1   4.8   5   0   0   5   5   4   3 | TM
VITVvi_vZin03_v1.1_H000373F_003.ver1.0.g190780.p01 -          LRR_4                PF12799.13   1.8e-12   46.1  17.9   1.4e-06   27.4   3.3   5.4   2   1   5   7   7   6   4 | TM
VITVvi_vZin03_v1.1_H000169F_007.ver1.0.g157590.p01 -          LRR_4                PF12799.13   1.8e-12   46.1  14.0   4.2e-05   22.7   0.4   4.5   3   1   0   4   4   3   2 | SP+TM
VITVvi_vZin03_v1.1_P85.ver1.0.g512570.p01          -          LRR_4                PF12799.13   1.9e-12   46.0  16.1   6.9e-06   25.2   5.1   3.8   3   1   0   3   3   2   2 | SP+TM
VITVvi_vZin03_v1.1_P128.ver1.0.g242040.p01         -          LRR_4                PF12799.13   1.9e-12   46.0  11.2    0.0011   18.2   1.4   5.4   4   1   2   6   6   4   4 | SP
VITVvi_vZin03_v1.1_P498.ver1.0.g441560.p01         -          LRR_4                PF12799.13   2.4e-12   45.7   9.6   0.00024   20.3   3.9   4.7   3   1   0   4   4   3   2 | TM
VITVvi_vZin03_v1.1_P194.ver1.0.g307500.p01         -          LRR_4                PF12799.13   2.6e-12   45.6  10.1   1.4e-06   27.4   2.7   3.9   3   1   2   5   5   3   3 | SP+TM
VITVvi_vZin03_v1.1_P155.ver1.0.g274530.p01         -          LRR_4                PF12799.13   2.7e-12   45.5  25.0   0.00035   19.8   3.9   7.4   4   2   1   7   7   3   2 | SP+TM
VITVvi_vZin03_v1.1_H000057F_001.ver1.0.g098290.p01 -          LRR_4                PF12799.13   2.7e-12   45.5  29.0   0.00026   20.2   1.9   7.2   6   1   0   7   7   4   2 | SP+TM
VITVvi_vZin03_v1.1_P49.ver1.0.g439430.p01          -          LRR_4                PF12799.13   2.7e-12   45.5  29.5   0.00026   20.2   1.9   7.4   6   1   0   7   7   4   2 | SP+TM
VITVvi_vZin03_v1.1_P157.ver1.0.g276780.p01         -          LRR_4                PF12799.13   2.9e-12   45.5  10.0   1.4e-06   27.4   2.5   4.0   3   1   2   5   5   3   3 | TM
VITVvi_vZin03_v1.1_P53.ver1.0.g456450.p01          -          LRR_4                PF12799.13   2.9e-12   45.5  23.7   0.00046   19.4   1.9   5.9   4   1   3   7   7   3   3 | TM
VITVvi_vZin03_v1.1_P25.ver1.0.g341890.p01          -          LRR_4                PF12799.13   2.9e-12   45.4  17.1    0.0015   17.8   4.6   5.8   3   2   1   5   5   5   4 | SP
VITVvi_vZin03_v1.1_P654.ver1.0.g481380.p01         -          LRR_4                PF12799.13   3.1e-12   45.4  25.9   5.3e-05   22.4   0.2   6.4   3   3   4   8   8   5   4 | SP
VITVvi_vZin03_v1.1_P123.ver1.0.g239740.p01         -          LRR_4                PF12799.13   3.3e-12   45.3  25.5   0.00012   21.3   1.1   4.6   3   1   0   4   4   4   3 | TM
VITVvi_vZin03_v1.1_P107.ver1.0.g216980.p01         -          LRR_4                PF12799.13   3.6e-12   45.2   7.5   1.2e-05   24.4   2.1   2.7   2   0   0   2   2   2   2 | SP+TM
VITVvi_vZin03_v1.1_P108.ver1.0.g218440.p01         -          LRR_4                PF12799.13   3.6e-12   45.2   7.5   1.2e-05   24.4   2.1   2.7   2   0   0   2   2   2   2 | SP+TM
VITVvi_vZin03_v1.1_P46.ver1.0.g432560.p01          -          LRR_4                PF12799.13   3.7e-12   45.1  40.8   9.7e-06   24.7   0.3   7.3   3   2   4   7   7   5   3 | SP+TM
VITVvi_vZin03_v1.1_H000152F_005.ver1.0.g151200.p01 -          LRR_4                PF12799.13   3.9e-12   45.1  11.9     0.001   18.3   1.4   5.3   4   1   2   6   6   4   4 | SP
VITVvi_vZin03_v1.1_P155.ver1.0.g274430.p01         -          LRR_4                PF12799.13   4.1e-12   45.0  21.9   3.5e-05   22.9   0.4   6.0   3   2   1   6   6   4   3 | SP
VITVvi_vZin03_v1.1_P71.ver1.0.g491860.p01          -          LRR_4                PF12799.13   4.3e-12   44.9  11.9   4.2e-05   22.7   0.1   4.7   3   1   1   4   4   4   2 | SP+TM
VITVvi_vZin03_v1.1_P165.ver1.0.g283870.p01         -          LRR_4                PF12799.13   4.4e-12   44.9  30.2   5.2e-05   22.4   5.1   7.0   4   1   4   8   8   5   3 | SP
VITVvi_vZin03_v1.1_H000397F_002.ver1.0.g191500.p01 -          LRR_4                PF12799.13   4.4e-12   44.9  27.9    0.0014   17.9   0.2   6.7   5   1   1   6   6   5   4 | SP
VITVvi_vZin03_v1.1_P444.ver1.0.g426740.p01         -          LRR_4                PF12799.13   4.4e-12   44.9   6.2   2.8e-06   26.4   0.0   2.7   2   0   0   2   2   2   2 | SP+TM
VITVvi_vZin03_v1.1_P453.ver1.0.g429260.p01         -          LRR_4                PF12799.13   4.7e-12   44.8  18.7     0.003   16.8   1.5   6.1   4   2   3   7   7   5   3 | TM
VITVvi_vZin03_v1.1_H000028F_008.ver1.0.g065970.p01 -          LRR_4                PF12799.13     5e-12   44.7  11.1   0.00045   19.4   0.0   6.6   6   1   0   7   7   3   2 | SP+TM
VITVvi_vZin03_v1.1_P68.ver1.0.g484900.p01          -          LRR_4                PF12799.13   5.4e-12   44.6   8.2   3.7e-06   26.1   1.2   2.8   2   0   0   2   2   2   2 | SP+TM
VITVvi_vZin03_v1.1_P206.ver1.0.g318700.p01         -          LRR_4                PF12799.13   6.2e-12   44.4   9.8   1.7e-06   27.2   2.3   2.8   2   0   0   2   2   2   2 | SP+TM
VITVvi_vZin03_v1.1_H000060F_006.ver1.0.g101630.p01 -          LRR_4                PF12799.13   6.7e-12   44.3  42.1    0.0038   16.5   3.5   7.1   3   2   6   9   9   7   5 | SP+TM
VITVvi_vZin03_v1.1_P193.ver1.0.g306890.p01         -          LRR_4                PF12799.13     7e-12   44.2  13.2   0.00098   18.4   0.1   5.7   4   1   1   6   6   3   2 | SP
VITVvi_vZin03_v1.1_P88.ver1.0.g518720.p01          -          LRR_4                PF12799.13     7e-12   44.2  12.2   0.00098   18.4   0.1   5.7   4   1   1   6   6   3   2 | SP
VITVvi_vZin03_v1.1_H000027F_017.ver1.0.g064660.p01 -          LRR_4                PF12799.13   7.6e-12   44.1  17.8    0.0015   17.8   4.7   5.8   3   2   1   5   5   5   3 | SP
VITVvi_vZin03_v1.1_H000103F_002.ver1.0.g128470.p01 -          LRR_4                PF12799.13     8e-12   44.1  15.1   1.5e-05   24.2   5.1   3.7   3   0   0   3   3   2   2 | SP+TM
VITVvi_vZin03_v1.1_P50.ver1.0.g446890.p01          -          LRR_4                PF12799.13   9.1e-12   43.9  41.1    0.0038   16.5   3.5   7.1   3   2   7  10  10   7   5 | SP+TM
VITVvi_vZin03_v1.1_P249.ver1.0.g341500.p01         -          LRR_4                PF12799.13     1e-11   43.7  18.9   7.2e-05   22.0   0.6   4.2   2   2   3   5   5   5   4 | TM
VITVvi_vZin03_v1.1_H000192F_007.ver1.0.g165260.p01 -          LRR_4                PF12799.13     1e-11   43.7  30.0   0.00011   21.3   5.1   7.5   5   1   3   9   9   5   3 | SP+TM
VITVvi_vZin03_v1.1_P138.ver1.0.g251770.p01         -          LRR_4                PF12799.13   1.1e-11   43.7  23.0   7.2e-05   22.0   4.4   4.0   2   1   2   4   4   4   4 | TM
VITVvi_vZin03_v1.1_P58.ver1.0.g464850.p01          -          LRR_4                PF12799.13   1.1e-11   43.6   9.1     2e-06   26.9   0.3   2.8   1   1   1   2   2   2   2 | SP+TM
VITVvi_vZin03_v1.1_H000192F_007.ver1.0.g165270.p01 -          LRR_4                PF12799.13   1.1e-11   43.6  14.3   0.00075   18.7   0.2   6.7   5   1   2   7   7   5   3 | SP+TM
VITVvi_vZin03_v1.1_H000060F_006.ver1.0.g101620.p01 -          LRR_4                PF12799.13   1.1e-11   43.6  26.6    0.0053   16.0   3.9   6.4   1   1   4   7   7   6   3 | SP+TM
VITVvi_vZin03_v1.1_P499.ver1.0.g441670.p01         -          LRR_4                PF12799.13   1.2e-11   43.5   6.6   2.3e-07   29.9   1.1   2.7   2   0   0   2   2   2   2 | SP+TM
VITVvi_vZin03_v1.1_P155.ver1.0.g273990.p01         -          LRR_4                PF12799.13   1.3e-11   43.4   9.3   1.3e-06   27.5   0.6   2.7   2   0   0   2   2   2   2 | SP+TM
VITVvi_vZin03_v1.1_P249.ver1.0.g341390.p01         -          LRR_4                PF12799.13   1.3e-11   43.4  67.4   4.4e-05   22.6   1.8  11.8   7   6   7  14  14   9   5 | TM
VITVvi_vZin03_v1.1_P249.ver1.0.g341330.p01         -          LRR_4                PF12799.13   1.3e-11   43.4  19.7   7.4e-05   21.9   0.5   4.4   2   2   3   5   5   5   4 | TM
VITVvi_vZin03_v1.1_H000037F_013.ver1.0.g074380.p01 -          LRR_4                PF12799.13   1.4e-11   43.3  12.6   0.00013   21.1   0.1   4.6   4   1   0   4   4   3   3 | SP+TM
VITVvi_vZin03_v1.1_P37.ver1.0.g393910.p01          -          LRR_4                PF12799.13   1.4e-11   43.3  12.6   0.00013   21.1   0.1   4.6   4   1   0   4   4   3   3 | SP+TM
VITVvi_vZin03_v1.1_P85.ver1.0.g511330.p01          -          LRR_4                PF12799.13   1.5e-11   43.2  13.5   0.00076   18.7   2.7   4.3   1   1   4   5   5   5   5 | TM
VITVvi_vZin03_v1.1_H000183F_001.ver1.0.g162760.p01 -          LRR_4                PF12799.13   1.5e-11   43.1  11.1     6e-07   28.6   0.6   3.0   1   1   1   3   3   3   3 | SP+TM
VITVvi_vZin03_v1.1_P165.ver1.0.g283890.p01         -          LRR_4                PF12799.13   1.6e-11   43.1  16.2    0.0014   17.9   2.5   6.8   6   1   0   7   7   4   2 | SP+TM
VITVvi_vZin03_v1.1_H000298F_005.ver1.0.g186210.p01 -          LRR_4                PF12799.13   1.7e-11   43.0   9.8   2.7e-06   26.5   2.3   2.8   2   0   0   2   2   2   2 | SP+TM
VITVvi_vZin03_v1.1_P368.ver1.0.g393020.p01         -          LRR_4                PF12799.13   1.7e-11   43.0  54.1    0.0002   20.6   1.2   9.1   3   2   8  11  11   8   4 | SP
VITVvi_vZin03_v1.1_P50.ver1.0.g446880.p01          -          LRR_4                PF12799.13   1.8e-11   42.9  27.4    0.0063   15.8   4.2   6.4   1   1   4   7   7   6   3 | SP+TM
VITVvi_vZin03_v1.1_P165.ver1.0.g283860.p01         -          LRR_4                PF12799.13     2e-11   42.8  14.9   0.00029   20.0   0.4   6.2   4   1   3   8   8   6   3 | SP+TM
VITVvi_vZin03_v1.1_H000790F_001.ver1.0.g198410.p01 -          LRR_4                PF12799.13     2e-11   42.8  22.7   5.1e-05   22.4   1.1   3.7   3   0   0   3   3   3   3 | TM
VITVvi_vZin03_v1.1_P41.ver1.0.g414090.p01          -          LRR_4                PF12799.13   2.2e-11   42.6  22.3   4.7e-05   22.5   0.1   3.9   3   1   1   4   4   3   3 | SP+TM
VITVvi_vZin03_v1.1_P182.ver1.0.g297940.p01         -          LRR_4                PF12799.13   2.4e-11   42.6  21.2   5.6e-07   28.7   3.9   4.4   2   2   2   4   4   4   2 | SP+TM
VITVvi_vZin03_v1.1_P201.ver1.0.g317190.p01         -          LRR_4                PF12799.13   2.5e-11   42.5  39.1   6.4e-05   22.1   7.1   5.7   3   1   4   7   7   6   5 | SP+TM
VITVvi_vZin03_v1.1_P49.ver1.0.g439500.p01          -          LRR_4                PF12799.13   2.9e-11   42.3  26.9   2.5e-05   23.4   0.1   7.7   3   1   5   9   9   6   4 | TM
VITVvi_vZin03_v1.1_H000165F_007.ver1.0.g156210.p01 -          LRR_4                PF12799.13   2.9e-11   42.3  32.4   0.00015   20.9   1.4   7.5   3   2   3   8   8   5   3 | SP+TM
VITVvi_vZin03_v1.1_P131.ver1.0.g246520.p01         -          LRR_4                PF12799.13   2.9e-11   42.3  32.4   0.00015   20.9   1.4   7.5   3   2   3   8   8   5   3 | SP+TM
VITVvi_vZin03_v1.1_H000070F_007.ver1.0.g109950.p01 -          LRR_4                PF12799.13   2.9e-11   42.3  19.7   3.5e-06   26.1   0.4   4.1   4   0   0   4   4   3   3 | SP+TM
VITVvi_vZin03_v1.1_P53.ver1.0.g454220.p01          -          LRR_4                PF12799.13   3.5e-11   42.0  11.0   0.00012   21.2   2.9   3.9   1   1   3   4   4   4   4 | SP+TM
VITVvi_vZin03_v1.1_H000079F_014.ver1.0.g113840.p01 -          LRR_4                PF12799.13   3.6e-11   42.0  13.5   7.8e-06   25.0   3.5   2.9   1   1   0   2   2   2   2 | SP
VITVvi_vZin03_v1.1_P339.ver1.0.g384120.p01         -          LRR_4                PF12799.13   3.8e-11   41.9  21.8    0.0068   15.7   0.2   5.9   4   1   2   6   6   5   2 | SP
VITVvi_vZin03_v1.1_P409.ver1.0.g413650.p01         -          LRR_4                PF12799.13   3.9e-11   41.9  31.4   3.7e-06   26.1   6.3   5.5   2   2   3   6   6   4   4 | TM
VITVvi_vZin03_v1.1_P774.ver1.0.g498390.p01         -          LRR_4                PF12799.13   3.9e-11   41.9  29.3     4e-05   22.8   2.6   3.9   1   1   4   5   5   5   5 | TM
VITVvi_vZin03_v1.1_P157.ver1.0.g275900.p01         -          LRR_4                PF12799.13   4.7e-11   41.6  10.2   0.00013   21.2   2.9   3.9   1   1   3   4   4   4   4 | SP+TM
VITVvi_vZin03_v1.1_P516.ver1.0.g449990.p01         -          LRR_4                PF12799.13   4.8e-11   41.6  39.3    0.0034   16.6   1.1   7.3   5   2   0   6   6   5   3 | TM
VITVvi_vZin03_v1.1_H000008F_010.ver1.0.g029150.p01 -          LRR_4                PF12799.13     6e-11   41.3  21.0   2.9e-05   23.2   0.5   5.0   2   2   4   6   6   6   4 | SP
VITVvi_vZin03_v1.1_H000061F_001.ver1.0.g102160.p01 -          LRR_4                PF12799.13   6.3e-11   41.2  36.6   0.00031   19.9   1.7   6.8   3   2   7  10  10   7   6 | SP
VITVvi_vZin03_v1.1_H000192F_007.ver1.0.g165250.p01 -          LRR_4                PF12799.13     7e-11   41.1  14.4    0.0017   17.6   0.1   6.2   5   1   1   7   7   5   2 | SP+TM
VITVvi_vZin03_v1.1_H000027F_009.ver1.0.g063990.p01 -          LRR_4                PF12799.13   8.1e-11   40.9  22.3   0.00025   20.2   2.4   5.0   2   1   5   7   7   6   5 | SP
VITVvi_vZin03_v1.1_P13.ver1.0.g245140.p01          -          LRR_4                PF12799.13   8.3e-11   40.8  21.0   7.2e-05   22.0   0.1   5.0   4   1   1   5   5   4   3 | TM
VITVvi_vZin03_v1.1_P14.ver1.0.g255960.p01          -          LRR_4                PF12799.13   8.6e-11   40.8  16.3   6.7e-08   31.6   2.7   3.0   2   1   1   3   3   2   2 | TM
VITVvi_vZin03_v1.1_P14.ver1.0.g256150.p01          -          LRR_4                PF12799.13   1.2e-10   40.4  15.1   7.1e-08   31.5   3.1   2.7   1   1   1   2   2   2   2 | SP+TM
VITVvi_vZin03_v1.1_P14.ver1.0.g254180.p01          -          LRR_4                PF12799.13   1.2e-10   40.3  11.2   2.7e-05   23.3   4.6   3.9   2   1   1   4   4   3   3 | SP+TM
VITVvi_vZin03_v1.1_H000060F_006.ver1.0.g101610.p01 -          LRR_4                PF12799.13   1.2e-10   40.3  40.1    0.0015   17.8   1.1   7.2   4   1   6  10  10   7   4 | SP+TM
VITVvi_vZin03_v1.1_H000050F_004.ver1.0.g089470.p01 -          LRR_4                PF12799.13   1.3e-10   40.2  18.6   0.00052   19.2   0.2   3.9   1   1   4   5   5   5   4 | SP+TM
VITVvi_vZin03_v1.1_P98.ver1.0.g532800.p01          -          LRR_4                PF12799.13   1.5e-10   40.0   4.4     0.023   14.0   0.0   3.8   3   0   0   3   3   3   3 | SP
VITVvi_vZin03_v1.1_P654.ver1.0.g481410.p01         -          LRR_4                PF12799.13   1.5e-10   40.0  23.3   0.00025   20.2   4.9   7.3   6   1   1   7   7   2   2 | SP+TM
VITVvi_vZin03_v1.1_P165.ver1.0.g284160.p01         -          LRR_4                PF12799.13   1.5e-10   40.0  31.7    0.0016   17.7   3.4   7.0   2   2   6   8   8   7   3 | SP
VITVvi_vZin03_v1.1_P50.ver1.0.g446870.p01          -          LRR_4                PF12799.13   1.5e-10   40.0  40.6    0.0015   17.8   1.1   7.2   4   1   4   9   9   6   4 | SP+TM
VITVvi_vZin03_v1.1_P341.ver1.0.g385630.p01         -          LRR_4                PF12799.13   1.6e-10   40.0   4.4     0.023   14.0   0.0   3.8   3   0   0   3   3   3   3 | SP
VITVvi_vZin03_v1.1_H000012F_015.ver1.0.g039350.p01 -          LRR_4                PF12799.13   1.6e-10   39.9  11.2   5.4e-05   22.4   1.6   3.5   2   1   1   3   3   3   3 | SP+TM
VITVvi_vZin03_v1.1_P113.ver1.0.g227580.p01         -          LRR_4                PF12799.13   1.7e-10   39.9  27.4   5.7e-05   22.3   4.4   4.4   1   1   5   6   6   6   5 | SP+TM
VITVvi_vZin03_v1.1_H000012F_018.ver1.0.g039950.p01 -          LRR_4                PF12799.13   1.7e-10   39.9  21.2   8.3e-05   21.8   0.1   4.9   4   1   1   5   5   4   3 | TM
VITVvi_vZin03_v1.1_P409.ver1.0.g413680.p01         -          LRR_4                PF12799.13   1.8e-10   39.8  28.9   2.3e-06   26.7   4.7   4.6   3   2   0   5   5   3   2 | TM
VITVvi_vZin03_v1.1_P368.ver1.0.g393070.p01         -          LRR_4                PF12799.13   1.8e-10   39.8  46.7   0.00088   18.5   4.2   8.2   3   3   5   9   9   6   3 | TM
VITVvi_vZin03_v1.1_P40.ver1.0.g411670.p01          -          LRR_4                PF12799.13   1.8e-10   39.8  46.7   0.00088   18.5   4.2   8.2   3   3   5   9   9   6   3 | TM
VITVvi_vZin03_v1.1_P12.ver1.0.g235320.p01          -          LRR_4                PF12799.13     2e-10   39.6  19.1   0.00058   19.1   0.3   3.9   1   1   4   5   5   5   4 | SP+TM
VITVvi_vZin03_v1.1_P155.ver1.0.g274380.p01         -          LRR_4                PF12799.13     2e-10   39.6  20.4    0.0011   18.3   0.0   6.4   3   2   4   8   8   4   4 | SP
VITVvi_vZin03_v1.1_P44.ver1.0.g426380.p01          -          LRR_4                PF12799.13   2.2e-10   39.5  33.1   0.00063   19.0   1.6   6.6   2   2   7   9   9   7   5 | SP+TM
VITVvi_vZin03_v1.1_P13.ver1.0.g243910.p01          -          LRR_4                PF12799.13   2.5e-10   39.3  10.1   5.4e-05   22.4   1.6   3.5   2   1   1   3   3   3   3 | SP+TM
VITVvi_vZin03_v1.1_H000040F_002.ver1.0.g075940.p01 -          LRR_4                PF12799.13     3e-10   39.0  48.0   0.00062   19.0   4.1   7.2   7   1   1   8   8   5   3 | SP+TM
VITVvi_vZin03_v1.1_P34.ver1.0.g384550.p01          -          LRR_4                PF12799.13     3e-10   39.0  48.0   0.00062   19.0   4.1   7.2   7   1   1   8   8   5   3 | SP+TM
VITVvi_vZin03_v1.1_P7.ver1.0.g488190.p01           -          LRR_4                PF12799.13   3.1e-10   39.0  12.1   3.7e-05   22.9   2.9   4.1   5   0   0   5   5   2   2 | TM
VITVvi_vZin03_v1.1_P645.ver1.0.g480630.p01         -          LRR_4                PF12799.13   3.5e-10   38.8  19.2   2.9e-06   26.4   2.9   4.2   1   1   4   5   5   5   5 | SP+TM
VITVvi_vZin03_v1.1_P119.ver1.0.g232260.p01         -          LRR_4                PF12799.13   3.5e-10   38.8   1.1    0.0031   16.8   0.0   4.2   3   1   0   3   3   2   2 | SP
VITVvi_vZin03_v1.1_H000139F_004.ver1.0.g144560.p01 -          LRR_4                PF12799.13   3.6e-10   38.8   1.1    0.0031   16.8   0.0   4.2   3   1   0   3   3   2   2 | SP
VITVvi_vZin03_v1.1_P44.ver1.0.g426280.p01          -          LRR_4                PF12799.13   4.3e-10   38.6  40.2   0.00018   20.7   1.9   6.9   3   2   6  10  10   7   5 | TM
VITVvi_vZin03_v1.1_H000052F_006.ver1.0.g090990.p01 -          LRR_4                PF12799.13   4.8e-10   38.4   8.5   4.4e-05   22.6   0.3   3.7   3   1   1   4   4   2   2 | SP+TM
VITVvi_vZin03_v1.1_P272.ver1.0.g353470.p01         -          LRR_4                PF12799.13   4.8e-10   38.4  19.0    0.0011   18.3   0.6   5.8   3   2   4   7   7   5   3 | SP
VITVvi_vZin03_v1.1_H000008F_010.ver1.0.g029140.p01 -          LRR_4                PF12799.13   5.5e-10   38.2  21.6    0.0023   17.2   1.0   5.4   1   1   6   7   7   5   4 | TM
VITVvi_vZin03_v1.1_H000040F_001.ver1.0.g075530.p01 -          LRR_4                PF12799.13   5.6e-10   38.2  28.1    0.0002   20.5   1.1   7.2   3   2   6   9   9   7   2 | SP+TM
VITVvi_vZin03_v1.1_P478.ver1.0.g436530.p01         -          LRR_4                PF12799.13   5.6e-10   38.2   9.0   0.00017   20.8   2.6   4.7   2   2   3   5   5   5   4 | TM
VITVvi_vZin03_v1.1_P50.ver1.0.g446860.p01          -          LRR_4                PF12799.13   6.4e-10   38.0  42.1   0.00034   19.8   0.5   7.2   4   1   5   9   9   6   4 | SP+TM
VITVvi_vZin03_v1.1_H000062F_009.ver1.0.g103540.p01 -          LRR_4                PF12799.13   6.9e-10   37.9  24.3   0.00069   18.8   0.2   5.8   4   1   3   7   7   4   3 | SP+TM
VITVvi_vZin03_v1.1_P49.ver1.0.g439490.p01          -          LRR_4                PF12799.13   8.3e-10   37.6  30.3   3.8e-05   22.8   0.4   8.0   7   1   2   9   9   6   1 | TM
VITVvi_vZin03_v1.1_P41.ver1.0.g416750.p01          -          LRR_4                PF12799.13   8.9e-10   37.6   6.7   2.8e-06   26.4   0.8   2.9   1   1   0   2   2   2   2 | SP+TM
VITVvi_vZin03_v1.1_P654.ver1.0.g481340.p01         -          LRR_4                PF12799.13   9.1e-10   37.5  10.1     1e-05   24.7   4.0   4.5   3   1   0   4   4   2   1 | SP
VITVvi_vZin03_v1.1_H000060F_006.ver1.0.g101600.p01 -          LRR_4                PF12799.13   9.8e-10   37.4  39.4    0.0089   15.3   0.1   7.1   4   1   6  10  10   7   5 | SP+TM
VITVvi_vZin03_v1.1_P22.ver1.0.g327660.p01          -          LRR_4                PF12799.13   9.8e-10   37.4  16.1   0.00049   19.3   0.7   3.5   3   0   0   3   3   3   2 | TM
VITVvi_vZin03_v1.1_H000707F_001.ver1.0.g197880.p01 -          LRR_4                PF12799.13     1e-09   37.4  38.1    0.0021   17.3   0.2   7.7   2   2   7  10  10   8   3 | TM
VITVvi_vZin03_v1.1_P40.ver1.0.g411720.p01          -          LRR_4                PF12799.13   1.1e-09   37.3  58.0   0.00023   20.4   1.4   9.7   5   2   9  14  14   9   3 | SP
VITVvi_vZin03_v1.1_P16.ver1.0.g278090.p01          -          LRR_4                PF12799.13   1.2e-09   37.2  35.1    0.0092   15.3   0.5   9.9   4   2   6  12  12   7   3 | SP
VITVvi_vZin03_v1.1_H000027F_009.ver1.0.g064000.p01 -          LRR_4                PF12799.13   1.4e-09   36.9  12.0   7.8e-06   25.0   0.4   2.9   2   1   1   3   3   2   2 | TM
VITVvi_vZin03_v1.1_H000013F_002.ver1.0.g040860.p01 -          LRR_4                PF12799.13   1.5e-09   36.9  12.8   2.5e-07   29.8   2.6   2.8   1   1   1   2   2   2   2 | TM
VITVvi_vZin03_v1.1_H000048F_010.ver1.0.g086610.p01 -          LRR_4                PF12799.13   1.6e-09   36.8   7.0   2.8e-06   26.4   0.8   2.9   1   1   0   2   2   2   2 | SP+TM
VITVvi_vZin03_v1.1_P34.ver1.0.g385100.p01          -          LRR_4                PF12799.13   1.6e-09   36.7  30.3    0.0002   20.5   1.1   7.4   3   2   5   9   9   6   2 | SP+TM
VITVvi_vZin03_v1.1_P479.ver1.0.g436690.p01         -          LRR_4                PF12799.13   1.8e-09   36.6  28.2    0.0017   17.6   3.0   6.0   3   2   4   7   7   6   5 | SP
VITVvi_vZin03_v1.1_P440.ver1.0.g426500.p01         -          LRR_4                PF12799.13   2.1e-09   36.4  14.2   0.00012   21.3   3.6   3.7   2   1   2   4   4   3   3 | TM
VITVvi_vZin03_v1.1_P50.ver1.0.g446820.p01          -          LRR_4                PF12799.13   2.1e-09   36.4   6.3   0.00046   19.4   1.3   3.3   2   1   1   3   3   2   2 | TM
VITVvi_vZin03_v1.1_P260.ver1.0.g347760.p01         -          LRR_4                PF12799.13   2.3e-09   36.3  22.9   4.2e-06   25.9   5.5   3.5   1   1   1   3   3   3   3 | SP+TM
VITVvi_vZin03_v1.1_H000120F_003.ver1.0.g135830.p01 -          LRR_4                PF12799.13     3e-09   35.9  19.1   8.9e-05   21.7   5.1   3.1   1   1   1   2   2   2   2 | TM
VITVvi_vZin03_v1.1_P193.ver1.0.g307010.p01         -          LRR_4                PF12799.13   3.2e-09   35.8  10.3      0.04   13.3   0.0   3.6   3   0   0   3   3   3   3 | SP+TM
VITVvi_vZin03_v1.1_P88.ver1.0.g518590.p01          -          LRR_4                PF12799.13   3.2e-09   35.8  10.3      0.04   13.3   0.0   3.6   3   0   0   3   3   3   3 | SP+TM
VITVvi_vZin03_v1.1_P14.ver1.0.g255980.p01          -          LRR_4                PF12799.13   3.4e-09   35.7  16.4   5.3e-07   28.7   3.1   2.9   1   1   1   2   2   2   2 | TM
VITVvi_vZin03_v1.1_H000053F_010.ver1.0.g093370.p01 -          LRR_4                PF12799.13   3.6e-09   35.6   6.2     0.021   14.2   0.1   4.8   3   1   1   4   4   3   2 | SP
VITVvi_vZin03_v1.1_P52.ver1.0.g450870.p01          -          LRR_4                PF12799.13   3.6e-09   35.6   6.2     0.021   14.2   0.1   4.8   3   1   1   4   4   3   2 | SP
VITVvi_vZin03_v1.1_P90.ver1.0.g527010.p01          -          LRR_4                PF12799.13   4.5e-09   35.3  20.5     0.026   13.8   0.1   6.1   4   2   3   7   7   5   4 | SP+TM
VITVvi_vZin03_v1.1_H000005F_004.ver1.0.g021850.p01 -          LRR_4                PF12799.13   4.6e-09   35.3  33.6     0.014   14.7   1.2   6.6   5   3   2   7   7   4   3 | SP
VITVvi_vZin03_v1.1_P6.ver1.0.g472980.p01           -          LRR_4                PF12799.13   4.6e-09   35.3  33.6     0.014   14.7   1.2   6.6   5   3   2   7   7   4   3 | SP
VITVvi_vZin03_v1.1_H000016F_005.ver1.0.g046980.p01 -          LRR_4                PF12799.13   5.1e-09   35.1  21.4   1.2e-05   24.5   1.6   3.1   1   1   3   4   4   4   3 | SP
VITVvi_vZin03_v1.1_H000052F_011.ver1.0.g091920.p01 -          LRR_4                PF12799.13   5.8e-09   35.0  24.5    0.0021   17.3   1.1   5.5   4   1   1   5   5   4   4 | SP+TM
VITVvi_vZin03_v1.1_P529.ver1.0.g452620.p01         -          LRR_4                PF12799.13   5.8e-09   35.0  22.0     7e-05   22.0   0.7   5.5   3   1   4   7   7   4   3 | SP+TM
VITVvi_vZin03_v1.1_P261.ver1.0.g347930.p01         -          LRR_4                PF12799.13   5.8e-09   35.0  22.0     7e-05   22.0   0.7   5.5   3   1   4   7   7   4   3 | SP+TM
VITVvi_vZin03_v1.1_P209.ver1.0.g319520.p01         -          LRR_4                PF12799.13   6.1e-09   34.9  23.6   7.4e-06   25.1   6.4   3.5   1   1   1   3   3   3   3 | SP+TM
VITVvi_vZin03_v1.1_H000183F_001.ver1.0.g162810.p01 -          LRR_4                PF12799.13   6.5e-09   34.8  33.3   0.00032   19.9   1.1   7.3   2   1   7   9   9   7   4 | SP+TM
VITVvi_vZin03_v1.1_P17.ver1.0.g286130.p01          -          LRR_4                PF12799.13     8e-09   34.5  19.9   1.2e-05   24.5   1.6   3.1   1   1   2   3   3   3   3 | SP
VITVvi_vZin03_v1.1_P261.ver1.0.g348500.p01         -          LRR_4                PF12799.13   8.5e-09   34.4   2.0    0.0037   16.5   0.0   2.9   2   0   0   2   2   2   2 | SP
VITVvi_vZin03_v1.1_H000035F_001.ver1.0.g072300.p01 -          LRR_4                PF12799.13   8.8e-09   34.4   5.9    0.0012   18.1   2.9   3.8   1   1   1   3   3   3   2 | SP+TM
VITVvi_vZin03_v1.1_P39.ver1.0.g400230.p01          -          LRR_4                PF12799.13   8.8e-09   34.4   5.9    0.0012   18.1   2.9   3.8   1   1   1   3   3   3   2 | SP+TM
VITVvi_vZin03_v1.1_P155.ver1.0.g274410.p01         -          LRR_4                PF12799.13   8.9e-09   34.4  18.1    0.0032   16.7   0.0   6.0   3   2   3   7   7   3   2 | SP+TM
VITVvi_vZin03_v1.1_P3.ver1.0.g364420.p01           -          LRR_4                PF12799.13   9.4e-09   34.3   4.2   7.2e-06   25.1   1.4   2.7   1   1   1   2   2   2   2 | TM
VITVvi_vZin03_v1.1_P273.ver1.0.g354400.p01         -          LRR_4                PF12799.13   9.5e-09   34.3   7.5   6.2e-05   22.2   0.1   3.7   2   1   1   3   3   3   1 | TM
VITVvi_vZin03_v1.1_H000019F_012.ver1.0.g053440.p01 -          LRR_4                PF12799.13   9.9e-09   34.2  17.2    0.0013   18.0   5.7   3.7   2   1   1   3   3   3   3 | SP+TM
VITVvi_vZin03_v1.1_P38.ver1.0.g397860.p01          -          LRR_4                PF12799.13   1.4e-08   33.8  23.5   0.00038   19.7   1.0   5.5   2   2   5   8   8   6   5 | SP
VITVvi_vZin03_v1.1_P101.ver1.0.g213750.p01         -          LRR_4                PF12799.13   1.5e-08   33.7  19.8   1.3e-05   24.4   9.3   3.2   1   1   2   3   3   3   3 | SP+TM
VITVvi_vZin03_v1.1_H000197F_003.ver1.0.g166280.p01 -          LRR_4                PF12799.13   1.5e-08   33.6  43.9    0.0017   17.6   1.2   8.2   3   1   7  11  11   6   5 | TM
VITVvi_vZin03_v1.1_H000013F_002.ver1.0.g040840.p01 -          LRR_4                PF12799.13   1.6e-08   33.6  17.3   6.3e-07   28.5   3.2   3.0   2   1   1   3   3   2   2 | TM
VITVvi_vZin03_v1.1_H000057F_001.ver1.0.g098140.p01 -          LRR_4                PF12799.13   1.6e-08   33.6  18.3   7.4e-05   21.9   0.8   6.5   4   2   3   7   7   3   1 | SP
VITVvi_vZin03_v1.1_H000135F_008.ver1.0.g143140.p01 -          LRR_4                PF12799.13   1.7e-08   33.5   0.9     0.014   14.7   0.0   3.7   1   1   5   6   6   5   3 | SP+TM
VITVvi_vZin03_v1.1_H000038F_001.ver1.0.g075070.p01 -          LRR_4                PF12799.13   1.9e-08   33.3   2.4    0.0041   16.4   0.1   2.9   2   0   0   2   2   2   2 | SP
VITVvi_vZin03_v1.1_H000152F_005.ver1.0.g151210.p01 -          LRR_4                PF12799.13   1.9e-08   33.3  16.7     0.022   14.1   0.7   5.5   3   1   3   6   6   5   4 | SP
VITVvi_vZin03_v1.1_H000026F_002.ver1.0.g061810.p01 -          LRR_4                PF12799.13   1.9e-08   33.3   0.6    0.0065   15.7   0.1   3.9   2   2   1   4   4   3   2 | SP
VITVvi_vZin03_v1.1_P30.ver1.0.g369600.p01          -          LRR_4                PF12799.13   1.9e-08   33.3   0.6    0.0065   15.7   0.1   3.9   2   2   1   4   4   3   2 | SP
VITVvi_vZin03_v1.1_P111.ver1.0.g225050.p01         -          LRR_4                PF12799.13     2e-08   33.3   0.7     0.014   14.7   0.0   3.6   1   1   5   6   6   5   3 | SP+TM
VITVvi_vZin03_v1.1_H000004F_005.ver1.0.g016950.p01 -          LRR_4                PF12799.13     2e-08   33.3   3.5   8.3e-05   21.8   1.6   2.6   2   0   0   2   2   2   2 | SP+TM
VITVvi_vZin03_v1.1_H000092F_001.ver1.0.g122890.p01 -          LRR_4                PF12799.13   2.6e-08   32.9   4.5   0.00088   18.5   0.1   2.9   1   1   0   2   2   2   2 | SP+TM
VITVvi_vZin03_v1.1_P90.ver1.0.g526360.p01          -          LRR_4                PF12799.13   2.7e-08   32.9   4.0   0.00088   18.5   0.1   2.9   1   1   0   2   2   2   2 | SP+TM
VITVvi_vZin03_v1.1_P12.ver1.0.g234840.p01          -          LRR_4                PF12799.13   2.7e-08   32.9  21.9   0.00026   20.2   0.1   5.6   1   1   5   6   6   5   3 | TM
VITVvi_vZin03_v1.1_P58.ver1.0.g464310.p01          -          LRR_4                PF12799.13   3.1e-08   32.7  16.8    0.0054   16.0   0.5   4.5   1   1   6   7   7   7   5 | SP
VITVvi_vZin03_v1.1_H000244F_004.ver1.0.g178710.p01 -          LRR_4                PF12799.13   3.6e-08   32.4  25.6   0.00011   21.4   3.2   5.1   2   1   4   6   6   5   4 | SP
VITVvi_vZin03_v1.1_P14.ver1.0.g253620.p01          -          LRR_4                PF12799.13   3.8e-08   32.4  19.2   0.00083   18.6   0.7   4.8   2   1   0   4   4   3   2 | SP+TM
VITVvi_vZin03_v1.1_H000057F_001.ver1.0.g098340.p01 -          LRR_4                PF12799.13   4.3e-08   32.2  31.5   5.3e-05   22.4   0.8   7.9   5   1   2   9   9   5   1 | TM
VITVvi_vZin03_v1.1_P117.ver1.0.g231460.p01         -          LRR_4                PF12799.13   4.4e-08   32.2   3.2    0.0018   17.5   0.0   3.6   3   1   1   4   4   2   2 | SP+TM
VITVvi_vZin03_v1.1_P239.ver1.0.g337260.p01         -          LRR_4                PF12799.13   4.4e-08   32.2   3.2    0.0018   17.5   0.0   3.6   3   1   1   4   4   2   2 | SP+TM
VITVvi_vZin03_v1.1_P44.ver1.0.g426360.p01          -          LRR_4                PF12799.13   4.6e-08   32.1  19.0   2.6e-05   23.3   2.5   4.6   1   1   1   4   4   3   2 | TM
VITVvi_vZin03_v1.1_P171.ver1.0.g289370.p01         -          LRR_4                PF12799.13     5e-08   32.0  20.8     0.004   16.4   0.4   4.1   1   1   2   4   4   4   3 | SP
VITVvi_vZin03_v1.1_P37.ver1.0.g394480.p01          -          LRR_4                PF12799.13   5.3e-08   31.9  12.2   0.00012   21.3   2.3   4.2   2   1   3   5   5   4   2 | TM
VITVvi_vZin03_v1.1_P133.ver1.0.g248720.p01         -          LRR_4                PF12799.13   5.5e-08   31.9  11.5   0.00098   18.4   1.7   3.8   1   1   3   4   4   4   3 | SP+TM
VITVvi_vZin03_v1.1_P14.ver1.0.g256020.p01          -          LRR_4                PF12799.13   5.8e-08   31.8   4.5   5.8e-08   31.8   4.5   2.6   1   1   0   2   2   1   1 | SP+TM
VITVvi_vZin03_v1.1_H000055F_002.ver1.0.g095890.p01 -          LRR_4                PF12799.13   5.9e-08   31.8  10.3    0.0002   20.5   0.2   3.8   1   1   4   5   5   5   3 | TM
VITVvi_vZin03_v1.1_H000464F_001.ver1.0.g194340.p01 -          LRR_4                PF12799.13     6e-08   31.8   9.5   1.1e-05   24.5   1.2   2.6   1   1   2   3   3   2   2 | TM
VITVvi_vZin03_v1.1_P148.ver1.0.g264120.p01         -          LRR_4                PF12799.13   6.6e-08   31.6  24.9      0.05   12.9   0.8   5.2   2   1   2   5   5   5   3 | TM
VITVvi_vZin03_v1.1_P3.ver1.0.g367860.p01           -          LRR_4                PF12799.13   7.1e-08   31.5   4.5   0.00012   21.3   0.4   2.9   2   0   0   2   2   2   2 | SP+TM
VITVvi_vZin03_v1.1_P150.ver1.0.g269620.p01         -          LRR_4                PF12799.13   7.1e-08   31.5   8.1   0.00019   20.6   0.1   4.2   1   1   2   4   4   3   2 | SP+TM
VITVvi_vZin03_v1.1_H000120F_006.ver1.0.g136650.p01 -          LRR_4                PF12799.13   7.4e-08   31.5  19.7     2e-05   23.7   9.1   3.0   1   1   2   3   3   3   3 | SP+TM
VITVvi_vZin03_v1.1_H000092F_008.ver1.0.g123550.p01 -          LRR_4                PF12799.13   8.1e-08   31.3  18.8     0.064   12.6   0.1   6.1   4   2   3   7   7   4   3 | SP+TM
VITVvi_vZin03_v1.1_H000181F_005.ver1.0.g161380.p01 -          LRR_4                PF12799.13   8.8e-08   31.2   7.7   0.00048   19.3   0.1   4.1   1   1   4   5   5   4   3 | SP+TM
VITVvi_vZin03_v1.1_P9.ver1.0.g525040.p01           -          LRR_4                PF12799.13   9.2e-08   31.2  10.6   0.00024   20.3   0.2   3.8   1   1   4   5   5   5   3 | SP+TM
VITVvi_vZin03_v1.1_P14.ver1.0.g256040.p01          -          LRR_4                PF12799.13   9.4e-08   31.1   3.4   9.4e-08   31.1   3.4   2.6   2   1   1   3   3   2   2 | SP+TM
VITVvi_vZin03_v1.1_P49.ver1.0.g439330.p01          -          LRR_4                PF12799.13     1e-07   31.0   3.8     0.001   18.3   0.1   4.0   4   0   0   4   4   2   1 | TM
VITVvi_vZin03_v1.1_H000013F_003.ver1.0.g041000.p01 -          LRR_4                PF12799.13   1.3e-07   30.7  16.8   5.9e-06   25.4   4.1   2.9   1   1   1   2   2   2   2 | SP+TM
VITVvi_vZin03_v1.1_P14.ver1.0.g255970.p01          -          LRR_4                PF12799.13   1.5e-07   30.5  10.8   2.6e-07   29.7   3.1   2.2   1   1   1   2   2   2   2 | SP+TM
VITVvi_vZin03_v1.1_P14.ver1.0.g256030.p01          -          LRR_4                PF12799.13   1.6e-07   30.4   5.4   1.6e-07   30.4   5.4   2.7   1   1   1   2   2   2   2 | TM
VITVvi_vZin03_v1.1_P14.ver1.0.g256090.p01          -          LRR_4                PF12799.13   1.7e-07   30.3  16.3   5.8e-06   25.4   3.9   2.8   1   1   1   2   2   2   2 | SP+TM
VITVvi_vZin03_v1.1_P494.ver1.0.g441420.p01         -          LRR_4                PF12799.13   1.7e-07   30.3  25.5    0.0034   16.6   1.2   6.0   2   2   4   6   6   6   2 | SP
VITVvi_vZin03_v1.1_P8.ver1.0.g501500.p01           -          LRR_4                PF12799.13   1.9e-07   30.1   8.8     0.016   14.5   0.8   5.5   4   2   4   8   8   2   1 | SP+TM
VITVvi_vZin03_v1.1_P161.ver1.0.g281210.p01         -          LRR_4                PF12799.13     2e-07   30.1   8.1   3.7e-05   22.9   1.0   2.5   1   1   2   3   3   3   2 | TM
VITVvi_vZin03_v1.1_P231.ver1.0.g335270.p01         -          LRR_4                PF12799.13     2e-07   30.1   8.1   3.7e-05   22.9   1.0   2.5   1   1   2   3   3   3   2 | TM
VITVvi_vZin03_v1.1_P408.ver1.0.g413520.p01         -          LRR_4                PF12799.13   2.1e-07   30.0  21.0    0.0015   17.8   5.3   3.6   1   1   2   3   3   3   3 | SP+TM
VITVvi_vZin03_v1.1_P361.ver1.0.g391890.p01         -          LRR_4                PF12799.13   2.1e-07   30.0  21.0    0.0015   17.8   5.3   3.6   1   1   2   3   3   3   3 | SP+TM
VITVvi_vZin03_v1.1_H000153F_001.ver1.0.g152070.p01 -          LRR_4                PF12799.13   2.1e-07   30.0   7.8   0.00025   20.3   0.9   3.0   1   1   1   3   3   3   2 | SP+TM
VITVvi_vZin03_v1.1_H000041F_010.ver1.0.g076380.p01 -          LRR_4                PF12799.13   2.1e-07   30.0  14.7    0.0015   17.8   4.9   3.5   1   1   0   3   3   2   2 | SP+TM
VITVvi_vZin03_v1.1_P36.ver1.0.g390010.p01          -          LRR_4                PF12799.13   2.1e-07   30.0  14.7    0.0015   17.8   4.9   3.5   1   1   0   3   3   2   2 | SP+TM
VITVvi_vZin03_v1.1_P645.ver1.0.g480640.p01         -          LRR_4                PF12799.13   2.2e-07   30.0  23.5   6.2e-05   22.2   2.1   4.6   3   1   2   5   5   3   3 | SP+TM
VITVvi_vZin03_v1.1_P468.ver1.0.g433880.p01         -          LRR_4                PF12799.13   2.3e-07   29.9   3.0   0.00013   21.1   0.6   2.8   2   0   0   2   2   2   1 | SP+TM
VITVvi_vZin03_v1.1_P71.ver1.0.g492640.p01          -          LRR_4                PF12799.13   2.4e-07   29.8   3.0   0.00013   21.1   0.6   2.7   2   0   0   2   2   2   1 | SP+TM
VITVvi_vZin03_v1.1_P368.ver1.0.g393010.p01         -          LRR_4                PF12799.13   2.5e-07   29.8  10.7   3.8e-05   22.9   0.4   2.7   3   0   0   3   3   2   2 | TM
VITVvi_vZin03_v1.1_P779.ver1.0.g498650.p01         -          LRR_4                PF12799.13   2.7e-07   29.7  15.6    0.0093   15.3   0.1   4.0   2   1   1   3   3   3   2 | TM
VITVvi_vZin03_v1.1_P49.ver1.0.g439310.p01          -          LRR_4                PF12799.13   2.7e-07   29.7  17.8   0.00036   19.8   0.2   6.2   4   2   1   6   6   2   2 | SP+TM
VITVvi_vZin03_v1.1_P122.ver1.0.g239370.p01         -          LRR_4                PF12799.13     3e-07   29.5   7.7   3.4e-05   23.0   0.8   3.1   3   0   0   3   3   2   1 | TM
VITVvi_vZin03_v1.1_P240.ver1.0.g338680.p01         -          LRR_4                PF12799.13   3.9e-07   29.2  12.6   0.00011   21.4   1.9   2.6   1   1   2   3   3   3   2 | TM
VITVvi_vZin03_v1.1_P272.ver1.0.g353770.p01         -          LRR_4                PF12799.13     4e-07   29.1  21.5     0.004   16.4   1.5   5.4   3   3   2   5   5   3   2 | SP
VITVvi_vZin03_v1.1_H000013F_003.ver1.0.g041060.p01 -          LRR_4                PF12799.13     4e-07   29.1   2.3     4e-07   29.1   2.3   2.5   1   1   1   2   2   1   1 | SP+TM
VITVvi_vZin03_v1.1_P5.ver1.0.g443720.p01           -          LRR_4                PF12799.13   4.2e-07   29.1   3.8     0.003   16.8   1.8   2.6   2   0   0   2   2   2   2 | SP
VITVvi_vZin03_v1.1_P33.ver1.0.g380220.p01          -          LRR_4                PF12799.13   4.3e-07   29.0   4.6   0.00013   21.2   0.1   2.6   1   1   1   2   2   2   2 | SP+TM
VITVvi_vZin03_v1.1_P53.ver1.0.g453660.p01          -          LRR_4                PF12799.13   4.4e-07   29.0   8.2   2.1e-05   23.7   1.2   2.8   1   1   0   2   2   2   1 | SP+TM
VITVvi_vZin03_v1.1_H000299F_003.ver1.0.g186330.p01 -          LRR_4                PF12799.13   4.5e-07   29.0  36.4     0.007   15.7   0.9   7.2   4   2   4   8   8   4   4 | SP+TM
VITVvi_vZin03_v1.1_H000013F_002.ver1.0.g040880.p01 -          LRR_4                PF12799.13   4.6e-07   28.9  11.5   2.3e-06   26.7   4.1   2.3   1   1   1   2   2   2   2 | TM
VITVvi_vZin03_v1.1_P14.ver1.0.g256140.p01          -          LRR_4                PF12799.13   4.7e-07   28.9   2.3   4.7e-07   28.9   2.3   2.5   1   1   1   2   2   1   1 | SP+TM
VITVvi_vZin03_v1.1_H000013F_003.ver1.0.g040980.p01 -          LRR_4                PF12799.13   5.2e-07   28.8   3.0   5.2e-07   28.8   3.0   2.7   1   1   2   3   3   2   2 | SP+TM
VITVvi_vZin03_v1.1_P35.ver1.0.g387690.p01          -          LRR_4                PF12799.13   5.4e-07   28.7  14.0    0.0012   18.1   1.2   3.3   1   1   2   3   3   3   3 | SP+TM
VITVvi_vZin03_v1.1_H000214F_005.ver1.0.g172290.p01 -          LRR_4                PF12799.13   5.5e-07   28.7  18.4    0.0016   17.7   0.2   4.5   3   1   0   4   4   2   2 | SP+TM
VITVvi_vZin03_v1.1_H000121F_001.ver1.0.g136960.p01 -          LRR_4                PF12799.13   5.7e-07   28.6  14.7   0.00016   20.9   1.0   3.3   1   1   3   4   4   4   3 | SP+TM
VITVvi_vZin03_v1.1_P98.ver1.0.g533280.p01          -          LRR_4                PF12799.13   5.7e-07   28.6  14.7   0.00016   20.9   1.0   3.3   1   1   3   4   4   4   3 | SP+TM
VITVvi_vZin03_v1.1_P298.ver1.0.g363980.p01         -          LRR_4                PF12799.13   5.9e-07   28.6  19.0   1.4e-05   24.2   3.3   4.7   3   1   1   4   4   1   1 | TM
VITVvi_vZin03_v1.1_H000464F_001.ver1.0.g194280.p01 -          LRR_4                PF12799.13   7.1e-07   28.3   6.6    0.0026   17.0   1.3   3.0   1   1   0   2   2   2   2 | TM
VITVvi_vZin03_v1.1_H000000F_019.ver1.0.g001680.p01 -          LRR_4                PF12799.13   7.2e-07   28.3  23.4   0.00063   19.0   1.9   6.2   3   2   5   8   8   3   1 | SP
VITVvi_vZin03_v1.1_H000016F_011.ver1.0.g047830.p01 -          LRR_4                PF12799.13   7.3e-07   28.3  16.0    0.0053   16.0   0.0   5.2   4   1   2   6   6   2   2 | SP
VITVvi_vZin03_v1.1_H000091F_004.ver1.0.g121840.p01 -          LRR_4                PF12799.13   7.7e-07   28.2  11.7   2.7e-05   23.3   1.0   2.8   1   1   1   2   2   2   2 | SP+TM
VITVvi_vZin03_v1.1_P80.ver1.0.g505240.p01          -          LRR_4                PF12799.13   7.7e-07   28.2  11.7   2.7e-05   23.3   1.0   2.8   1   1   1   2   2   2   2 | SP+TM
VITVvi_vZin03_v1.1_H000013F_002.ver1.0.g040810.p01 -          LRR_4                PF12799.13   8.1e-07   28.2   1.8   2.8e-06   26.4   1.8   1.9   1   0   0   1   1   1   1 | SP+TM
VITVvi_vZin03_v1.1_P14.ver1.0.g256000.p01          -          LRR_4                PF12799.13   8.3e-07   28.1  11.5   2.7e-06   26.5   4.1   2.3   1   1   1   2   2   2   2 | SP+TM
VITVvi_vZin03_v1.1_H000182F_002.ver1.0.g162280.p01 -          LRR_4                PF12799.13   8.7e-07   28.1  28.9    0.0038   16.5   2.1   5.3   3   2   3   6   6   4   3 | SP
VITVvi_vZin03_v1.1_H000000F_011.ver1.0.g000350.p01 -          LRR_4                PF12799.13   9.9e-07   27.9  23.8   0.00063   19.0   1.9   6.1   3   2   5   8   8   3   1 | SP
VITVvi_vZin03_v1.1_H000013F_003.ver1.0.g040990.p01 -          LRR_4                PF12799.13   9.9e-07   27.9   1.8   9.9e-07   27.9   1.8   2.5   1   1   2   3   3   2   2 | SP+TM
VITVvi_vZin03_v1.1_H000182F_002.ver1.0.g162460.p01 -          LRR_4                PF12799.13   1.3e-06   27.5  17.3    0.0026   17.0   2.4   5.2   3   2   5   8   8   4   3 | SP
VITVvi_vZin03_v1.1_P17.ver1.0.g287030.p01          -          LRR_4                PF12799.13   1.3e-06   27.5  16.9    0.0053   16.0   0.0   5.2   4   1   1   5   5   2   2 | SP
VITVvi_vZin03_v1.1_P302.ver1.0.g372040.p01         -          LRR_4                PF12799.13   1.3e-06   27.5   7.9    0.0019   17.5   3.2   2.4   1   1   1   2   2   2   2 | TM
VITVvi_vZin03_v1.1_P58.ver1.0.g464900.p01          -          LRR_4                PF12799.13   1.4e-06   27.4  12.8   2.5e-05   23.4   1.8   3.7   3   0   0   3   3   2   1 | SP+TM
VITVvi_vZin03_v1.1_H000001F_014.ver1.0.g003260.p01 -          LRR_4                PF12799.13   1.4e-06   27.4   3.0     0.017   14.4   0.0   4.2   2   2   3   5   5   3   2 | SP+TM
VITVvi_vZin03_v1.1_P2.ver1.0.g312000.p01           -          LRR_4                PF12799.13   1.4e-06   27.4   3.0     0.017   14.4   0.0   4.2   2   2   3   5   5   3   2 | SP+TM
VITVvi_vZin03_v1.1_H000002F_005.ver1.0.g008250.p01 -          LRR_4                PF12799.13   1.5e-06   27.3   0.0      0.34   10.3   0.0   3.8   4   0   0   4   4   2   1 | SP
VITVvi_vZin03_v1.1_H000183F_001.ver1.0.g162640.p01 -          LRR_4                PF12799.13   1.5e-06   27.3   5.6    0.0078   15.5   1.1   3.0   2   0   0   2   2   2   2 | SP+TM
VITVvi_vZin03_v1.1_H000057F_001.ver1.0.g098100.p01 -          LRR_4                PF12799.13   1.5e-06   27.3  19.9   0.00058   19.1   0.6   6.8   5   2   4   9   9   4   2 | SP+TM
VITVvi_vZin03_v1.1_P155.ver1.0.g274350.p01         -          LRR_4                PF12799.13   1.9e-06   27.0  36.0   2.5e-06   26.6   0.6   7.0   6   1   0   7   7   3   2 | SP+TM
VITVvi_vZin03_v1.1_P14.ver1.0.g255910.p01          -          LRR_4                PF12799.13   1.9e-06   27.0   1.8   1.9e-06   27.0   1.8   2.0   2   0   0   2   2   1   1 | TM
VITVvi_vZin03_v1.1_P658.ver1.0.g481500.p01         -          LRR_4                PF12799.13     2e-06   26.9   6.3   0.00042   19.5   0.7   3.6   1   1   2   3   3   3   2 | TM
VITVvi_vZin03_v1.1_H000183F_003.ver1.0.g162960.p01 -          LRR_4                PF12799.13   2.2e-06   26.8   5.6    0.0092   15.3   1.1   2.9   2   0   0   2   2   2   2 | SP+TM
VITVvi_vZin03_v1.1_P414.ver1.0.g417810.p01         -          LRR_4                PF12799.13   2.5e-06   26.6  23.4     0.061   12.7   3.7   5.8   2   2   5   7   7   5   4 | SP
VITVvi_vZin03_v1.1_H000042F_003.ver1.0.g078620.p01 -          LRR_4                PF12799.13   2.8e-06   26.5  13.9    0.0026   17.0   1.2   3.1   1   1   0   2   2   2   2 | SP+TM
VITVvi_vZin03_v1.1_P34.ver1.0.g384230.p01          -          LRR_4                PF12799.13   2.8e-06   26.4  32.8    0.0067   15.7   0.9   7.2   5   1   3   8   8   4   3 | SP+TM
VITVvi_vZin03_v1.1_H000057F_007.ver1.0.g098700.p01 -          LRR_4                PF12799.13     3e-06   26.4   0.2    0.0004   19.6   0.1   2.8   2   0   0   2   2   1   1 | SP+TM
VITVvi_vZin03_v1.1_P49.ver1.0.g439860.p01          -          LRR_4                PF12799.13     3e-06   26.4   0.2    0.0004   19.6   0.1   2.8   2   0   0   2   2   1   1 | SP+TM
VITVvi_vZin03_v1.1_P10.ver1.0.g211750.p01          -          LRR_4                PF12799.13   3.3e-06   26.2  20.3   0.00039   19.6   0.6   4.9   3   1   1   5   5   3   2 | SP+TM
VITVvi_vZin03_v1.1_P14.ver1.0.g255950.p01          -          LRR_4                PF12799.13   4.1e-06   25.9   9.3    0.0026   17.0   4.1   2.7   1   1   0   2   2   2   1 | SP+TM
VITVvi_vZin03_v1.1_H000013F_002.ver1.0.g040830.p01 -          LRR_4                PF12799.13   4.2e-06   25.9   9.3    0.0026   17.0   4.1   2.7   1   1   0   2   2   2   1 | SP+TM
VITVvi_vZin03_v1.1_P15.ver1.0.g265320.p01          -          LRR_4                PF12799.13   4.6e-06   25.8  17.1    0.0044   16.3   0.2   4.2   4   0   0   4   4   3   1 | TM
VITVvi_vZin03_v1.1_H000057F_001.ver1.0.g098170.p01 -          LRR_4                PF12799.13   5.2e-06   25.6  12.2      0.48    9.8   0.0   6.7   5   1   1   6   6   2   0 | TM
VITVvi_vZin03_v1.1_P397.ver1.0.g402930.p01         -          LRR_4                PF12799.13   5.4e-06   25.5  15.5   0.00065   18.9   3.0   3.7   1   1   3   4   4   3   2 | TM
VITVvi_vZin03_v1.1_P261.ver1.0.g348100.p01         -          LRR_4                PF12799.13   5.7e-06   25.5  21.9     0.098   12.0   0.9   6.1   3   2   3   6   6   3   3 | SP
VITVvi_vZin03_v1.1_H000443F_002.ver1.0.g193500.p01 -          LRR_4                PF12799.13   7.1e-06   25.2  14.1     0.068   12.5   1.9   5.1   2   2   4   6   6   4   2 | SP
VITVvi_vZin03_v1.1_P2.ver1.0.g309590.p01           -          LRR_4                PF12799.13     1e-05   24.7  19.7   0.00026   20.2   2.6   4.0   4   0   0   4   4   3   1 | TM
VITVvi_vZin03_v1.1_P265.ver1.0.g349510.p01         -          LRR_4                PF12799.13   1.1e-05   24.5  19.3   0.00039   19.6   0.6   4.9   3   1   1   5   5   2   2 | SP+TM
VITVvi_vZin03_v1.1_P2.ver1.0.g309620.p01           -          LRR_4                PF12799.13   1.4e-05   24.2  17.7   3.3e-05   23.1   2.3   3.8   4   0   0   4   4   2   1 | TM
VITVvi_vZin03_v1.1_P1.ver1.0.g204320.p01           -          LRR_4                PF12799.13   1.4e-05   24.2   6.8   4.4e-05   22.7   3.5   4.1   2   2   3   5   5   3   2 | SP+TM
VITVvi_vZin03_v1.1_P50.ver1.0.g446900.p01          -          LRR_4                PF12799.13   1.4e-05   24.2  11.9    0.0015   17.8   1.5   2.9   2   0   0   2   2   2   2 | TM
VITVvi_vZin03_v1.1_P49.ver1.0.g439400.p01          -          LRR_4                PF12799.13   1.8e-05   23.9  20.4       1.2    8.6   0.5   7.1   5   1   1   8   8   4   0 | SP+TM
VITVvi_vZin03_v1.1_P237.ver1.0.g336830.p01         -          LRR_4                PF12799.13   1.8e-05   23.9  11.3   0.00076   18.7   2.2   3.2   2   1   1   3   3   2   1 | TM
VITVvi_vZin03_v1.1_P689.ver1.0.g486520.p01         -          LRR_4                PF12799.13   1.8e-05   23.9  12.2    0.0053   16.0   0.3   3.0   1   1   0   2   2   2   2 | TM
VITVvi_vZin03_v1.1_H000034F_005.ver1.0.g071210.p01 -          LRR_4                PF12799.13   3.6e-05   22.9  25.1    0.0045   16.2   3.9   4.7   2   2   3   5   5   5   4 | SP
VITVvi_vZin03_v1.1_H000013F_002.ver1.0.g040820.p01 -          LRR_4                PF12799.13   4.7e-05   22.5   3.0   0.00014   21.0   3.0   1.9   1   0   0   1   1   1   1 | TM
VITVvi_vZin03_v1.1_H000057F_001.ver1.0.g098260.p01 -          LRR_4                PF12799.13   5.2e-05   22.4  19.3       1.2    8.6   0.5   7.3   5   1   2   8   8   3   0 | SP+TM
VITVvi_vZin03_v1.1_P87.ver1.0.g517330.p01          -          LRR_4                PF12799.13   5.7e-05   22.3  34.5      0.11   11.8   2.3   6.3   4   2   3   7   7   5   1 | SP
VITVvi_vZin03_v1.1_P231.ver1.0.g335290.p01         -          LRR_4                PF12799.13   6.4e-05   22.1   0.9   0.00013   21.1   0.9   1.6   1   0   0   1   1   1   1 | TM
VITVvi_vZin03_v1.1_P12.ver1.0.g234880.p01          -          LRR_4                PF12799.13   8.6e-05   21.7   6.7     0.098   12.0   0.3   3.4   3   1   0   3   3   2   1 | TM
VITVvi_vZin03_v1.1_P4.ver1.0.g409220.p01           -          LRR_4                PF12799.13   9.9e-05   21.5   0.0     0.075   12.4   0.0   3.3   3   0   0   3   3   1   1 | SP
VITVvi_vZin03_v1.1_H000075F_002.ver1.0.g111860.p01 -          LRR_4                PF12799.13   0.00011   21.3  11.9      0.01   15.1   0.3   3.5   2   1   1   4   4   2   2 | SP+TM
VITVvi_vZin03_v1.1_P69.ver1.0.g486630.p01          -          LRR_4                PF12799.13   0.00011   21.3  11.9      0.01   15.1   0.3   3.5   2   1   1   4   4   2   2 | SP+TM
VITVvi_vZin03_v1.1_H000055F_002.ver1.0.g095910.p01 -          LRR_4                PF12799.13   0.00012   21.3   8.7      0.05   12.9   1.0   3.0   2   1   0   2   2   2   2 | SP
VITVvi_vZin03_v1.1_P9.ver1.0.g525060.p01           -          LRR_4                PF12799.13   0.00014   21.0   5.5      0.18   11.2   1.4   2.6   2   0   0   2   2   2   2 | SP
VITVvi_vZin03_v1.1_H000217F_006.ver1.0.g173070.p01 -          LRR_4                PF12799.13   0.00015   21.0  17.9      0.14   11.5   1.2   5.3   4   1   1   5   5   2   2 | TM
VITVvi_vZin03_v1.1_P42.ver1.0.g419410.p01          -          LRR_4                PF12799.13   0.00028   20.1  23.2     0.011   15.0   4.4   4.3   1   1   4   5   5   5   2 | SP+TM
VITVvi_vZin03_v1.1_H000029F_002.ver1.0.g066660.p01 -          LRR_4                PF12799.13    0.0003   20.0   9.7     0.002   17.4   0.7   3.6   2   1   2   4   4   3   2 | TM
VITVvi_vZin03_v1.1_H000041F_010.ver1.0.g076970.p01 -          LRR_4                PF12799.13   0.00033   19.9   0.1       1.2    8.5   0.0   2.8   2   0   0   2   2   2   0 | TM
VITVvi_vZin03_v1.1_P397.ver1.0.g402950.p01         -          LRR_4                PF12799.13   0.00037   19.7  17.3      0.42   10.0   0.2   4.8   1   1   4   5   5   4   1 | SP
VITVvi_vZin03_v1.1_P492.ver1.0.g441250.p01         -          LRR_4                PF12799.13   0.00039   19.6   5.4    0.0023   17.2   1.1   2.9   1   1   1   2   2   2   2 | SP+TM
VITVvi_vZin03_v1.1_P44.ver1.0.g425870.p01          -          LRR_4                PF12799.13   0.00048   19.3   6.5    0.0031   16.8   1.9   2.9   1   1   1   2   2   2   2 | SP+TM
VITVvi_vZin03_v1.1_P36.ver1.0.g390570.p01          -          LRR_4                PF12799.13   0.00056   19.1   0.1       1.6    8.1   0.0   2.8   2   0   0   2   2   2   0 | SP+TM
VITVvi_vZin03_v1.1_H000094F_004.ver1.0.g124400.p01 -          LRR_4                PF12799.13   0.00077   18.7   1.5    0.0087   15.4   0.2   2.9   1   1   0   2   2   1   1 | SP+TM
VITVvi_vZin03_v1.1_P79.ver1.0.g500940.p01          -          LRR_4                PF12799.13   0.00077   18.7   1.5    0.0087   15.4   0.2   2.9   1   1   0   2   2   1   1 | SP+TM
VITVvi_vZin03_v1.1_H000005F_004.ver1.0.g021090.p01 -          LRR_4                PF12799.13   0.00085   18.6   0.5   0.00085   18.6   0.5   3.4   3   1   0   3   3   1   1 | TM
VITVvi_vZin03_v1.1_H000013F_003.ver1.0.g040970.p01 -          LRR_4                PF12799.13   0.00091   18.5   2.2   0.00091   18.5   2.2   2.5   1   1   1   2   2   2   2 | SP+TM
VITVvi_vZin03_v1.1_H000132F_003.ver1.0.g141050.p01 -          LRR_4                PF12799.13    0.0011   18.2   9.6     0.066   12.6   3.4   3.1   3   0   0   3   3   2   1 | SP+TM
VITVvi_vZin03_v1.1_P49.ver1.0.g439470.p01          -          LRR_4                PF12799.13    0.0011   18.2   0.5    0.0011   18.2   0.5   4.9   5   1   0   5   5   1   1 | TM
VITVvi_vZin03_v1.1_P109.ver1.0.g220060.p01         -          LRR_4                PF12799.13    0.0013   18.0  11.1     0.068   12.5   3.4   3.7   4   0   0   4   4   2   1 | SP+TM
VITVvi_vZin03_v1.1_H000217F_003.ver1.0.g172950.p01 -          LRR_4                PF12799.13    0.0013   17.9  12.9       0.2   11.0   0.3   4.2   3   1   1   4   4   2   1 | TM
VITVvi_vZin03_v1.1_H000013F_003.ver1.0.g041020.p01 -          LRR_4                PF12799.13    0.0013   17.9   0.1    0.0042   16.3   0.1   1.9   1   0   0   1   1   1   1 | TM
VITVvi_vZin03_v1.1_P14.ver1.0.g256110.p01          -          LRR_4                PF12799.13    0.0013   17.9   0.1    0.0042   16.3   0.1   1.9   1   0   0   1   1   1   1 | TM
VITVvi_vZin03_v1.1_P14.ver1.0.g255860.p01          -          LRR_4                PF12799.13    0.0022   17.2  12.4    0.0068   15.7   4.1   2.9   1   1   1   2   2   2   2 | SP+TM
VITVvi_vZin03_v1.1_H000013F_002.ver1.0.g040760.p01 -          LRR_4                PF12799.13    0.0023   17.2  12.4    0.0068   15.7   4.1   2.9   1   1   1   2   2   2   2 | SP+TM
VITVvi_vZin03_v1.1_H000046F_010.ver1.0.g081980.p01 -          LRR_4                PF12799.13    0.0024   17.1  23.0     0.037   13.4   5.2   4.3   1   1   4   5   5   4   2 | SP+TM
VITVvi_vZin03_v1.1_H000077F_008.ver1.0.g113160.p01 -          LRR_4                PF12799.13    0.0028   16.9  15.4    0.0094   15.2   0.9   3.3   2   1   0   3   3   2   1 | SP+TM
VITVvi_vZin03_v1.1_P63.ver1.0.g477680.p01          -          LRR_4                PF12799.13    0.0028   16.9  15.4    0.0094   15.2   0.9   3.3   2   1   0   3   3   2   1 | SP+TM
VITVvi_vZin03_v1.1_P155.ver1.0.g274420.p01         -          LRR_4                PF12799.13    0.0037   16.5   0.6     0.016   14.6   0.2   2.5   2   0   0   2   2   1   1 | SP+TM
VITVvi_vZin03_v1.1_P33.ver1.0.g381240.p01          -          LRR_4                PF12799.13    0.0045   16.3  21.5     0.023   14.0   4.4   4.1   1   1   3   4   4   4   2 | SP+TM
VITVvi_vZin03_v1.1_P9.ver1.0.g525070.p01           -          LRR_4                PF12799.13    0.0071   15.6   7.2       3.7    7.0   0.0   4.8   4   1   1   5   5   2   0 | SP
VITVvi_vZin03_v1.1_H000055F_002.ver1.0.g095920.p01 -          LRR_4                PF12799.13     0.014   14.7   7.0       3.6    7.0   0.0   4.8   4   1   1   5   5   1   0 | SP
VITVvi_vZin03_v1.1_P72.ver1.0.g494140.p01          -          LRR_4                PF12799.13     0.022   14.1   0.1        20    4.7   0.0   3.6   2   1   1   3   3   0   0 | TM
VITVvi_vZin03_v1.1_P14.ver1.0.g255870.p01          -          LRR_4                PF12799.13     0.026   13.8   4.1     0.086   12.2   0.7   2.6   1   1   1   2   2   1   0 | TM
VITVvi_vZin03_v1.1_H000013F_002.ver1.0.g040770.p01 -          LRR_4                PF12799.13     0.029   13.7   3.3     0.041   13.2   1.4   2.2   1   1   1   2   2   2   0 | TM
VITVvi_vZin03_v1.1_H000001F_017.ver1.0.g003360.p01 -          LRR_4                PF12799.13     0.063   12.6  11.3       0.8    9.1   1.6   3.5   3   1   0   4   4   2   0 | TM
VITVvi_vZin03_v1.1_H000187F_003.ver1.0.g163960.p01 -          LRR_4                PF12799.13     0.067   12.5  15.9     0.019   14.3   1.5   4.1   2   1   2   4   4   2   0 | TM
VITVvi_vZin03_v1.1_P53.ver1.0.g452810.p01          -          LRR_4                PF12799.13     0.092   12.1   7.0      0.12   11.7   1.0   3.1   3   0   0   3   3   1   0 | TM
VITVvi_vZin03_v1.1_P154.ver1.0.g273050.p01         -          LRR_4                PF12799.13      0.12   11.8  16.2     0.022   14.1   1.7   3.9   2   1   0   3   3   1   0 | TM
VITVvi_vZin03_v1.1_P62.ver1.0.g476140.p01          -          LRR_4                PF12799.13      0.16   11.3   0.1      0.16   11.3   0.1   1.8   2   0   0   2   2   1   0 | TM
#
# Program:         hmmsearch
# Version:         3.4 (Aug 2023)
# Pipeline mode:   SEARCH
# Query file:      pfam_models/PF12799.hmm
# Target file:     filtered_tm_sp_proteins.fasta
# Option settings: hmmsearch -A LRR2_alignment.stk --tblout LRR2_domains.txt -E 1 --domE 1 --incE 0.01 --incdomE 0.04 --cpu 8 pfam_models/PF12799.hmm filtered_tm_sp_proteins.fasta 
# Current dir:     /Users/briansu/workspace/mamp_prediction_ml/11_grape_analysis/Zinfandel_cl_03
# Date:            Tue May 26 16:41:05 2026
# [ok]
