#                                                                                             --- full sequence ---- --- best 1 domain ---- --- domain number estimation ----
# target name                                      accession  query name           accession    E-value  score  bias   E-value  score  bias   exp reg clu  ov env dom rep inc description of target
#                              ------------------- ---------- -------------------- ---------- --------- ------ ----- --------- ------ -----   --- --- --- --- --- --- --- --- ---------------------
VITVvi_vZin03_v1.1_P127.ver1.0.g241740.p01         -          LRR_8                PF13855.12  7.5e-104  338.5 199.0     4e-09   35.1   5.0  26.2  18   8   7  26  26  25  21 | TM
VITVvi_vZin03_v1.1_P76.ver1.0.g497560.p01          -          LRR_8                PF13855.12   1.4e-97  318.4 201.5   2.3e-10   39.1   8.5  17.2   8   4  10  19  19  18  18 | SP+TM
VITVvi_vZin03_v1.1_H000019F_012.ver1.0.g053970.p01 -          LRR_8                PF13855.12     4e-80  262.6 107.3   1.1e-11   43.4   1.3  16.4  10   6   5  16  16  15  15 | SP+TM
VITVvi_vZin03_v1.1_P398.ver1.0.g403150.p01         -          LRR_8                PF13855.12   6.6e-77  252.2 124.5     9e-09   34.0   3.5  17.8  11   5   7  18  18  18  16 | SP+TM
VITVvi_vZin03_v1.1_P28.ver1.0.g357670.p01          -          LRR_8                PF13855.12   1.1e-72  238.7 121.1   2.2e-09   36.0   3.5  14.9   6   3  11  18  18  18  18 | TM
VITVvi_vZin03_v1.1_P87.ver1.0.g515400.p01          -          LRR_8                PF13855.12   6.6e-72  236.2 145.4   5.5e-09   34.7   4.9  16.4  11   6   9  20  20  18  16 | TM
VITVvi_vZin03_v1.1_P28.ver1.0.g356210.p01          -          LRR_8                PF13855.12   1.4e-71  235.2  80.2   1.5e-10   39.7   2.0  12.7   5   4   8  14  14  14  14 | SP+TM
VITVvi_vZin03_v1.1_P407.ver1.0.g413240.p01         -          LRR_8                PF13855.12   1.6e-69  228.6 121.4   1.4e-09   36.6   2.5  14.6   8   3   6  16  16  15  15 | TM
VITVvi_vZin03_v1.1_P73.ver1.0.g495420.p01          -          LRR_8                PF13855.12   1.2e-68  225.8 197.6   1.8e-11   42.7   4.9  17.9   5   3  13  19  19  19  19 | SP+TM
VITVvi_vZin03_v1.1_P74.ver1.0.g495780.p01          -          LRR_8                PF13855.12   1.3e-68  225.7 106.5   8.9e-08   30.8   3.2  15.4  11   4   2  15  15  14  14 | SP+TM
VITVvi_vZin03_v1.1_P240.ver1.0.g338700.p01         -          LRR_8                PF13855.12   1.4e-68  225.6 141.0   4.2e-09   35.1   8.9  16.3   6   5   6  17  17  16  15 | TM
VITVvi_vZin03_v1.1_P407.ver1.0.g413230.p01         -          LRR_8                PF13855.12     4e-68  224.1 125.0   2.8e-09   35.6   2.6  15.0   7   3   9  17  17  16  16 | TM
VITVvi_vZin03_v1.1_P398.ver1.0.g403160.p01         -          LRR_8                PF13855.12   2.9e-67  221.4 215.7   9.6e-09   33.9   2.8  14.7   4   2  18  23  23  22  22 | TM
VITVvi_vZin03_v1.1_P138.ver1.0.g251740.p01         -          LRR_8                PF13855.12   4.5e-66  217.5 128.8   5.8e-10   37.8   0.6  15.9  10   5   6  16  16  14  14 | SP+TM
VITVvi_vZin03_v1.1_P28.ver1.0.g357680.p01          -          LRR_8                PF13855.12   7.7e-65  213.6 130.6   2.4e-09   35.9   2.1  15.3   5   4  14  21  21  20  20 | TM
VITVvi_vZin03_v1.1_P171.ver1.0.g289350.p01         -          LRR_8                PF13855.12   8.3e-64  210.3 114.5   1.1e-09   36.9   1.0  15.4   6   4  12  18  18  17  16 | SP
VITVvi_vZin03_v1.1_P152.ver1.0.g270960.p01         -          LRR_8                PF13855.12   1.1e-63  210.0  96.3   3.1e-08   32.3   1.6  12.7   7   2   7  15  15  15  15 | TM
VITVvi_vZin03_v1.1_P127.ver1.0.g241810.p01         -          LRR_8                PF13855.12   2.2e-63  208.9 106.7   8.8e-09   34.0   5.1  15.1   9   4   6  16  16  16  14 | SP+TM
VITVvi_vZin03_v1.1_P240.ver1.0.g338600.p01         -          LRR_8                PF13855.12   2.4e-63  208.8 139.7   7.8e-09   34.2   9.6  16.3   6   4  14  21  21  20  18 | SP+TM
VITVvi_vZin03_v1.1_H000448F_001.ver1.0.g193600.p01 -          LRR_8                PF13855.12     3e-63  208.5 127.0   2.4e-08   32.6   7.3  16.5   8   5   5  15  15  15  12 | TM
VITVvi_vZin03_v1.1_P128.ver1.0.g241860.p01         -          LRR_8                PF13855.12   1.1e-62  206.6 232.1   5.5e-10   37.9   4.4  19.0   7   5  13  23  23  23  22 | SP+TM
VITVvi_vZin03_v1.1_P240.ver1.0.g338620.p01         -          LRR_8                PF13855.12   1.5e-62  206.3 142.1   8.3e-09   34.1   5.2  15.8   8   4  10  19  19  19  18 | SP+TM
VITVvi_vZin03_v1.1_P74.ver1.0.g495760.p01          -          LRR_8                PF13855.12   1.6e-62  206.1 113.7   4.4e-09   35.0   7.6  15.6   8   3   8  17  17  16  15 | TM
VITVvi_vZin03_v1.1_H001003F_001.ver1.0.g199210.p01 -          LRR_8                PF13855.12   3.5e-62  205.1  96.5   3.8e-08   32.0   0.4  13.7   8   2   4  13  13  12  12 | TM
VITVvi_vZin03_v1.1_P266.ver1.0.g350340.p01         -          LRR_8                PF13855.12     5e-62  204.6  78.4   5.2e-10   38.0   8.1  12.2   7   4   4  12  12  11  11 | SP+TM
VITVvi_vZin03_v1.1_P507.ver1.0.g448150.p01         -          LRR_8                PF13855.12   8.4e-62  203.9  78.0   8.3e-10   37.3   7.5  12.2   7   4   4  12  12  11  11 | SP+TM
VITVvi_vZin03_v1.1_H000019F_012.ver1.0.g053860.p01 -          LRR_8                PF13855.12   2.8e-60  199.0  80.5   5.1e-09   34.8   6.7  12.2   8   3   3  12  12  11   9 | SP
VITVvi_vZin03_v1.1_P22.ver1.0.g327880.p01          -          LRR_8                PF13855.12   3.2e-60  198.8 118.5   1.4e-08   33.4   2.1  15.1   7   5   7  16  16  15  14 | SP
VITVvi_vZin03_v1.1_P423.ver1.0.g421190.p01         -          LRR_8                PF13855.12   4.5e-60  198.3 119.0   1.5e-08   33.3   2.1  15.1   7   5   7  16  16  15  14 | SP+TM
VITVvi_vZin03_v1.1_P240.ver1.0.g338640.p01         -          LRR_8                PF13855.12   6.3e-60  197.9  90.6     5e-10   38.0   8.2  12.4   7   4   5  13  13  13  11 | SP
VITVvi_vZin03_v1.1_P240.ver1.0.g338580.p01         -          LRR_8                PF13855.12   7.3e-60  197.6 115.3   4.2e-09   35.1   8.3  15.0   8   6   7  15  15  15  13 | TM
VITVvi_vZin03_v1.1_P73.ver1.0.g495410.p01          -          LRR_8                PF13855.12   4.3e-59  195.2 206.2   2.7e-07   29.3   7.2  17.6   5   4  15  23  23  23  22 | SP+TM
VITVvi_vZin03_v1.1_P456.ver1.0.g429780.p01         -          LRR_8                PF13855.12   4.5e-59  195.1 108.8   4.7e-12   44.5   0.3  13.8   5   4  10  16  16  13  13 | SP+TM
VITVvi_vZin03_v1.1_P119.ver1.0.g232200.p01         -          LRR_8                PF13855.12   5.7e-59  194.8 153.5     2e-10   39.3   8.1  15.5   6   3  10  17  17  17  17 | SP+TM
VITVvi_vZin03_v1.1_P128.ver1.0.g241870.p01         -          LRR_8                PF13855.12   6.4e-59  194.6 147.2   2.6e-11   42.1   2.7  14.9  11   2   4  16  16  15  14 | SP+TM
VITVvi_vZin03_v1.1_H000086F_006.ver1.0.g120450.p01 -          LRR_8                PF13855.12     8e-59  194.3 206.1   2.7e-07   29.3   7.2  17.6   5   4  14  22  22  22  21 | SP+TM
VITVvi_vZin03_v1.1_P440.ver1.0.g426480.p01         -          LRR_8                PF13855.12   1.2e-57  190.5 109.0   2.1e-08   32.8   3.8  13.2   6   3   6  13  13  13  13 | TM
VITVvi_vZin03_v1.1_P87.ver1.0.g516400.p01          -          LRR_8                PF13855.12   5.6e-57  188.4  93.2   1.4e-08   33.4   4.4  13.0   8   3   3  12  12  11  11 | SP+TM
VITVvi_vZin03_v1.1_P259.ver1.0.g346060.p01         -          LRR_8                PF13855.12   8.9e-57  187.8  98.5   5.1e-09   34.8   4.8  13.8   8   3   5  14  14  13  12 | SP+TM
VITVvi_vZin03_v1.1_P87.ver1.0.g516360.p01          -          LRR_8                PF13855.12   1.1e-56  187.5  98.3   3.8e-08   32.0   1.2  14.8  12   3   2  14  14  12  12 | SP+TM
VITVvi_vZin03_v1.1_H000084F_006.ver1.0.g118420.p01 -          LRR_8                PF13855.12   1.4e-56  187.1  80.9   3.4e-09   35.3   3.0  11.3   6   5   5  12  12  12  12 | SP+TM
VITVvi_vZin03_v1.1_H000464F_001.ver1.0.g194380.p01 -          LRR_8                PF13855.12   1.7e-56  186.9  97.5   2.4e-08   32.7   0.9  13.4   8   3   5  14  14  13  13 | TM
VITVvi_vZin03_v1.1_P66.ver1.0.g481640.p01          -          LRR_8                PF13855.12   2.7e-56  186.2 117.9   2.2e-09   36.0   0.9  15.6   7   5   9  17  17  16  15 | SP+TM
VITVvi_vZin03_v1.1_H000084F_004.ver1.0.g118330.p01 -          LRR_8                PF13855.12     3e-56  186.1  82.5   9.5e-10   37.1   6.0  11.9   6   4   9  15  15  15  13 | SP
VITVvi_vZin03_v1.1_H000464F_001.ver1.0.g194300.p01 -          LRR_8                PF13855.12   4.1e-56  185.7 102.7   1.8e-08   33.0   3.8  12.9   6   3   9  15  15  14  14 | TM
VITVvi_vZin03_v1.1_P5.ver1.0.g445190.p01           -          LRR_8                PF13855.12   5.7e-56  185.2 122.4   2.8e-11   42.0   3.7  14.8   7   4   8  16  16  16  15 | SP+TM
VITVvi_vZin03_v1.1_H000155F_004.ver1.0.g153220.p01 -          LRR_8                PF13855.12     1e-55  184.4 116.6   2.9e-07   29.2   6.8  15.7   8   4   6  16  16  15  14 | SP+TM
VITVvi_vZin03_v1.1_P27.ver1.0.g351500.p01          -          LRR_8                PF13855.12     1e-55  184.4 116.6   2.9e-07   29.2   6.8  15.7   8   4   6  16  16  15  14 | SP+TM
VITVvi_vZin03_v1.1_H000019F_012.ver1.0.g053780.p01 -          LRR_8                PF13855.12   6.4e-55  181.8 104.5   5.5e-09   34.7   6.9  13.9   7   4   8  15  15  15  13 | SP+TM
VITVvi_vZin03_v1.1_P110.ver1.0.g224780.p01         -          LRR_8                PF13855.12   7.7e-55  181.6  80.3   9.5e-08   30.7   4.3  11.6   5   3   7  13  13  13  12 | SP+TM
VITVvi_vZin03_v1.1_P22.ver1.0.g327470.p01          -          LRR_8                PF13855.12   1.6e-54  180.5 106.4   5.5e-09   34.7   6.9  14.1   7   4   9  16  16  16  13 | SP+TM
VITVvi_vZin03_v1.1_H000125F_002.ver1.0.g138310.p01 -          LRR_8                PF13855.12   2.5e-54  179.9  82.3   9.5e-08   30.7   4.3  11.6   5   3   7  13  13  13  11 | SP+TM
VITVvi_vZin03_v1.1_P22.ver1.0.g327520.p01          -          LRR_8                PF13855.12   5.4e-54  178.8  70.6   4.2e-09   35.1   7.7   9.6   5   2   3  10  10  10   9 | SP
VITVvi_vZin03_v1.1_P1.ver1.0.g200830.p01           -          LRR_8                PF13855.12   8.2e-54  178.3  89.2   1.2e-09   36.9   2.6  11.2   7   3   3  11  11  11  11 | SP+TM
VITVvi_vZin03_v1.1_P272.ver1.0.g353690.p01         -          LRR_8                PF13855.12     9e-54  178.1 107.5   8.5e-09   34.1   2.3  16.0  10   5   6  17  17  14  14 | SP+TM
VITVvi_vZin03_v1.1_P117.ver1.0.g230880.p01         -          LRR_8                PF13855.12   1.2e-53  177.8 110.3   5.3e-08   31.6   2.3  15.3   8   4   7  15  15  15  13 | SP+TM
VITVvi_vZin03_v1.1_H000001F_033.ver1.0.g006390.p01 -          LRR_8                PF13855.12   1.3e-53  177.6  72.1   5.7e-12   44.3   4.6  10.2   6   3   4  10  10  10  10 | SP
VITVvi_vZin03_v1.1_H000086F_006.ver1.0.g120420.p01 -          LRR_8                PF13855.12     2e-53  177.0 136.4     6e-07   28.2   7.3  14.4   8   2   8  17  17  16  15 | SP+TM
VITVvi_vZin03_v1.1_P301.ver1.0.g371810.p01         -          LRR_8                PF13855.12   2.2e-53  176.9  93.7   1.8e-10   39.5   7.6  13.6   9   2   2  13  13  12  11 | SP+TM
VITVvi_vZin03_v1.1_P108.ver1.0.g218000.p01         -          LRR_8                PF13855.12   2.7e-53  176.6  92.0   5.2e-08   31.6   3.9  12.4   7   4   6  13  13  13  12 | SP+TM
VITVvi_vZin03_v1.1_P398.ver1.0.g403080.p01         -          LRR_8                PF13855.12   3.3e-53  176.3  92.0   1.1e-07   30.5   0.6  13.2   8   2   5  14  14  14  13 | SP+TM
VITVvi_vZin03_v1.1_P120.ver1.0.g237100.p01         -          LRR_8                PF13855.12     4e-53  176.1 158.9   5.5e-11   41.1   1.8  15.8   9   2   6  17  17  17  13 | SP+TM
VITVvi_vZin03_v1.1_P3.ver1.0.g364460.p01           -          LRR_8                PF13855.12   6.4e-53  175.4  74.5   8.7e-10   37.3   0.0  11.4   4   2   7  12  12  12  12 | SP+TM
VITVvi_vZin03_v1.1_P188.ver1.0.g302390.p01         -          LRR_8                PF13855.12   9.8e-53  174.8  76.6   1.9e-10   39.4   7.4  11.3   6   3   2  10  10   9   9 | SP+TM
VITVvi_vZin03_v1.1_H000232F_006.ver1.0.g175810.p01 -          LRR_8                PF13855.12   9.8e-53  174.8  76.6   1.9e-10   39.4   7.4  11.3   6   3   2  10  10   9   9 | SP+TM
VITVvi_vZin03_v1.1_H000028F_009.ver1.0.g066050.p01 -          LRR_8                PF13855.12   1.7e-52  174.0  49.2   5.7e-11   41.1   2.0   8.6   4   2   7  11  11  11  11 | SP
VITVvi_vZin03_v1.1_H000188F_003.ver1.0.g164510.p01 -          LRR_8                PF13855.12   2.7e-52  173.4  97.0   1.7e-10   39.5   7.6  14.0   8   4   2  13  13  12  10 | TM
VITVvi_vZin03_v1.1_P254.ver1.0.g345130.p01         -          LRR_8                PF13855.12   4.5e-52  172.7  83.6   3.5e-12   44.9   5.9  10.4   4   2   8  12  12  12  12 | SP+TM
VITVvi_vZin03_v1.1_P27.ver1.0.g352250.p01          -          LRR_8                PF13855.12   4.6e-52  172.7 110.0   4.3e-10   38.3   5.5  13.9   5   5   7  14  14  14  11 | SP+TM
VITVvi_vZin03_v1.1_P3.ver1.0.g364520.p01           -          LRR_8                PF13855.12   4.7e-52  172.6  83.6   3.4e-12   45.0   5.9  10.4   4   2   8  12  12  12  12 | SP+TM
VITVvi_vZin03_v1.1_P2.ver1.0.g312350.p01           -          LRR_8                PF13855.12   5.2e-52  172.5  71.0     1e-11   43.5   4.6  10.1   6   2   5  11  11  11  10 | SP+TM
VITVvi_vZin03_v1.1_P3.ver1.0.g364500.p01           -          LRR_8                PF13855.12   5.9e-52  172.3  74.2   4.6e-09   35.0   0.0  10.8   4   2   5  11  11  11  11 | SP+TM
VITVvi_vZin03_v1.1_P138.ver1.0.g251760.p01         -          LRR_8                PF13855.12   1.2e-51  171.3  81.2   3.8e-08   32.0   0.1  12.4   5   3   9  14  14  13  13 | SP
VITVvi_vZin03_v1.1_H000084F_004.ver1.0.g118300.p01 -          LRR_8                PF13855.12   1.4e-51  171.1  89.3   4.1e-09   35.1  10.4  11.1   6   4   5  12  12  12  12 | SP+TM
VITVvi_vZin03_v1.1_P272.ver1.0.g353580.p01         -          LRR_8                PF13855.12   1.6e-51  170.9 111.0   4.4e-08   31.8   1.4  15.2  10   4   5  16  16  13  13 | TM
VITVvi_vZin03_v1.1_P208.ver1.0.g319480.p01         -          LRR_8                PF13855.12   1.9e-51  170.7 142.0   3.6e-09   35.3  10.3  16.4   4   4  14  21  21  20  14 | SP+TM
VITVvi_vZin03_v1.1_P104.ver1.0.g215620.p01         -          LRR_8                PF13855.12     2e-51  170.6 107.4   1.8e-10   39.5   2.5  13.9   4   4  11  17  17  16  15 | SP+TM
VITVvi_vZin03_v1.1_P1.ver1.0.g200800.p01           -          LRR_8                PF13855.12   2.4e-51  170.4  89.2   3.6e-08   32.1   6.9  11.0   6   4   4  11  11  11  11 | SP+TM
VITVvi_vZin03_v1.1_P146.ver1.0.g262330.p01         -          LRR_8                PF13855.12   2.4e-51  170.4 103.1   1.3e-08   33.5   9.1  12.9   3   3  13  18  18  18  17 | SP+TM
VITVvi_vZin03_v1.1_P104.ver1.0.g215550.p01         -          LRR_8                PF13855.12   2.5e-51  170.3 117.2   1.6e-10   39.6   1.8  13.7   8   4   7  15  15  13  13 | SP+TM
VITVvi_vZin03_v1.1_P254.ver1.0.g345140.p01         -          LRR_8                PF13855.12   3.1e-51  170.0  79.0   5.8e-14   50.6   2.2  11.5   3   2   8  12  12  12  12 | SP+TM
VITVvi_vZin03_v1.1_P259.ver1.0.g346070.p01         -          LRR_8                PF13855.12   7.1e-51  168.9  86.4   2.6e-09   35.7   8.3  14.0   9   3   6  15  15  13  10 | SP+TM
VITVvi_vZin03_v1.1_P90.ver1.0.g526480.p01          -          LRR_8                PF13855.12     1e-50  168.3  70.5   4.7e-12   44.5   9.2  10.1   7   4   3  11  11   9   9 | SP
VITVvi_vZin03_v1.1_P254.ver1.0.g345150.p01         -          LRR_8                PF13855.12   1.1e-50  168.3  75.6     3e-09   35.6   0.0  11.6   5   2   5  11  11  11  11 | SP+TM
VITVvi_vZin03_v1.1_P272.ver1.0.g353680.p01         -          LRR_8                PF13855.12   1.1e-50  168.3 113.4   6.5e-09   34.5   3.6  15.2   7   2   7  16  16  14  14 | SP
VITVvi_vZin03_v1.1_P40.ver1.0.g411700.p01          -          LRR_8                PF13855.12   1.2e-50  168.2 106.6   2.5e-10   39.0  10.0  13.2   7   5   6  14  14  13  12 | SP+TM
VITVvi_vZin03_v1.1_P225.ver1.0.g329790.p01         -          LRR_8                PF13855.12   1.8e-50  167.6 118.4   3.3e-08   32.2   1.6  15.0  11   4   2  14  14  13  11 | SP+TM
VITVvi_vZin03_v1.1_H000010F_003.ver1.0.g034000.p01 -          LRR_8                PF13855.12   2.3e-50  167.2  97.2   1.3e-08   33.5   2.4  12.3   6   4   3  12  12  11  11 | SP+TM
VITVvi_vZin03_v1.1_P140.ver1.0.g257830.p01         -          LRR_8                PF13855.12   2.4e-50  167.2  92.6   5.4e-08   31.5   7.4  12.5   8   4   4  12  12  11  11 | SP
VITVvi_vZin03_v1.1_P138.ver1.0.g251800.p01         -          LRR_8                PF13855.12   4.6e-50  166.3 121.7   3.3e-09   35.4   1.6  14.6   4   3  17  21  21  18  16 | SP+TM
VITVvi_vZin03_v1.1_P12.ver1.0.g233190.p01          -          LRR_8                PF13855.12   6.6e-50  165.8  97.1   1.6e-08   33.2   2.5  12.3   6   4   3  12  12  11  11 | SP+TM
VITVvi_vZin03_v1.1_P25.ver1.0.g342250.p01          -          LRR_8                PF13855.12   1.4e-49  164.7 118.2   3.1e-08   32.3   5.5  13.0   7   5   4  13  13  13  11 | SP+TM
VITVvi_vZin03_v1.1_P272.ver1.0.g353490.p01         -          LRR_8                PF13855.12   1.4e-49  164.7 105.5   9.6e-09   33.9   2.8  15.1  10   6   5  16  16  13  12 | SP+TM
VITVvi_vZin03_v1.1_P339.ver1.0.g384130.p01         -          LRR_8                PF13855.12   1.8e-49  164.4  76.0   1.6e-08   33.2   5.7  11.1   4   4   3  10  10  10  10 | TM
VITVvi_vZin03_v1.1_H000027F_017.ver1.0.g065030.p01 -          LRR_8                PF13855.12     2e-49  164.2 120.2   1.4e-08   33.4   5.3  13.2   7   5   6  14  14  14  13 | SP+TM
VITVvi_vZin03_v1.1_P22.ver1.0.g327730.p01          -          LRR_8                PF13855.12   3.2e-49  163.6  81.9   4.7e-08   31.7   7.8  10.7   5   3   4  11  11  10   9 | SP
VITVvi_vZin03_v1.1_H000332F_002.ver1.0.g188040.p01 -          LRR_8                PF13855.12   3.3e-49  163.5  93.3     4e-09   35.1   4.2  13.8   6   3  11  17  17  15  14 | TM
VITVvi_vZin03_v1.1_P114.ver1.0.g228830.p01         -          LRR_8                PF13855.12   3.3e-49  163.5 118.9   3.2e-09   35.5   1.6  14.1   3   3  15  18  18  17  14 | SP+TM
VITVvi_vZin03_v1.1_P120.ver1.0.g237110.p01         -          LRR_8                PF13855.12   3.4e-49  163.5 124.3   2.7e-11   42.1   2.7  13.5   7   3  10  17  17  16  15 | TM
VITVvi_vZin03_v1.1_P73.ver1.0.g495380.p01          -          LRR_8                PF13855.12     5e-49  163.0 153.1   2.2e-06   26.4   6.6  14.4   6   4   3  14  14  12  11 | SP+TM
VITVvi_vZin03_v1.1_P124.ver1.0.g240660.p01         -          LRR_8                PF13855.12   6.8e-49  162.5 103.6   1.4e-10   39.8   4.5  13.7  11   4   3  15  15  12   9 | SP+TM
VITVvi_vZin03_v1.1_H000572F_001.ver1.0.g196630.p01 -          LRR_8                PF13855.12   7.4e-49  162.4  82.8   1.3e-05   23.9   1.9  12.4   7   3   5  12  12  11  10 | SP+TM
VITVvi_vZin03_v1.1_P368.ver1.0.g393040.p01         -          LRR_8                PF13855.12     1e-48  162.0 108.6   2.2e-10   39.2   9.8  13.4   6   6   8  15  15  14  12 | SP+TM
VITVvi_vZin03_v1.1_P19.ver1.0.g303860.p01          -          LRR_8                PF13855.12   1.1e-48  161.9 104.2   8.1e-09   34.2   6.8  12.2   4   4   5  12  12  11  11 | TM
VITVvi_vZin03_v1.1_P25.ver1.0.g342180.p01          -          LRR_8                PF13855.12   1.2e-48  161.8 108.3   4.4e-07   28.6   2.3  14.2   5   2  12  17  17  15  15 | SP+TM
VITVvi_vZin03_v1.1_P138.ver1.0.g251720.p01         -          LRR_8                PF13855.12   1.3e-48  161.6  72.9     4e-08   32.0   2.6  10.7   4   3   7  12  12  12  10 | TM
VITVvi_vZin03_v1.1_P22.ver1.0.g327500.p01          -          LRR_8                PF13855.12   1.4e-48  161.5  91.9     3e-10   38.8   3.1  11.8   7   4   5  12  12  12  12 | TM
VITVvi_vZin03_v1.1_P272.ver1.0.g353700.p01         -          LRR_8                PF13855.12     2e-48  161.0 108.8   8.5e-08   30.9   6.8  15.6  10   5   6  17  17  13  13 | SP+TM
VITVvi_vZin03_v1.1_P240.ver1.0.g338710.p01         -          LRR_8                PF13855.12   2.2e-48  160.9  71.1   2.3e-08   32.7   3.5   9.4   7   2   1   9   9   9   9 | TM
VITVvi_vZin03_v1.1_P279.ver1.0.g355790.p01         -          LRR_8                PF13855.12   5.1e-48  159.7 132.2   1.9e-08   33.0   3.7  14.0   1   1  17  19  19  18  17 | SP+TM
VITVvi_vZin03_v1.1_P272.ver1.0.g353560.p01         -          LRR_8                PF13855.12   5.2e-48  159.7 102.3   5.9e-09   34.6   3.6  14.7   7   3   7  17  17  14  14 | TM
VITVvi_vZin03_v1.1_P259.ver1.0.g346100.p01         -          LRR_8                PF13855.12   5.9e-48  159.5  90.7   1.2e-08   33.7   3.5  12.3   7   5   7  14  14  13  12 | SP+TM
VITVvi_vZin03_v1.1_P272.ver1.0.g353670.p01         -          LRR_8                PF13855.12   5.9e-48  159.5 115.2     1e-08   33.9   2.8  15.4   9   6   5  15  15  13  13 | SP+TM
VITVvi_vZin03_v1.1_P64.ver1.0.g480270.p01          -          LRR_8                PF13855.12   6.3e-48  159.4  82.9   1.2e-09   36.8   2.1  11.2   6   3   6  13  13  11  11 | SP+TM
VITVvi_vZin03_v1.1_P53.ver1.0.g452840.p01          -          LRR_8                PF13855.12   6.5e-48  159.4  72.9   1.6e-07   30.1   2.9  10.0   7   2   2  10  10  10  10 | SP+TM
VITVvi_vZin03_v1.1_H000019F_012.ver1.0.g053940.p01 -          LRR_8                PF13855.12   1.2e-47  158.6 102.3   3.1e-08   32.3   3.9  13.7   8   5   6  15  15  13  11 | SP+TM
VITVvi_vZin03_v1.1_H000027F_017.ver1.0.g064940.p01 -          LRR_8                PF13855.12   1.3e-47  158.5 108.4   3.4e-07   29.0   2.1  13.2   5   2  10  16  16  14  14 | SP+TM
VITVvi_vZin03_v1.1_P25.ver1.0.g342170.p01          -          LRR_8                PF13855.12   1.3e-47  158.5 108.4   3.4e-07   29.0   2.1  13.2   5   2  10  16  16  14  14 | SP+TM
VITVvi_vZin03_v1.1_P273.ver1.0.g354170.p01         -          LRR_8                PF13855.12   1.3e-47  158.4 103.5   8.6e-08   30.9   5.3  14.6   9   4   4  14  14  13   9 | SP+TM
VITVvi_vZin03_v1.1_P22.ver1.0.g327600.p01          -          LRR_8                PF13855.12   1.3e-47  158.4 102.5   3.1e-08   32.3   3.9  13.7   8   5   7  15  15  13  11 | SP+TM
VITVvi_vZin03_v1.1_P89.ver1.0.g519140.p01          -          LRR_8                PF13855.12   1.3e-47  158.4 115.7   1.3e-07   30.3   1.0  16.0   6   4  10  17  17  17  14 | SP+TM
VITVvi_vZin03_v1.1_P152.ver1.0.g270980.p01         -          LRR_8                PF13855.12   1.4e-47  158.3  77.7   6.3e-08   31.3   0.7  11.0   3   3   9  13  13  12  12 | TM
VITVvi_vZin03_v1.1_H000084F_004.ver1.0.g118310.p01 -          LRR_8                PF13855.12   1.5e-47  158.3  80.3   4.2e-07   28.7   1.7  11.9   5   3   8  15  15  15  13 | SP
VITVvi_vZin03_v1.1_P135.ver1.0.g250040.p01         -          LRR_8                PF13855.12   3.9e-47  156.9  57.9   7.5e-08   31.1   9.4  10.1   5   3   6  11  11  11  10 | SP+TM
VITVvi_vZin03_v1.1_H000019F_008.ver1.0.g052080.p01 -          LRR_8                PF13855.12   6.2e-47  156.2  91.3   1.2e-07   30.4   0.0  13.1   7   4   7  14  14  14  11 | SP+TM
VITVvi_vZin03_v1.1_P3.ver1.0.g364510.p01           -          LRR_8                PF13855.12   8.4e-47  155.8  82.7   1.1e-08   33.8   6.9  11.3   4   2   7  12  12  12  12 | SP+TM
VITVvi_vZin03_v1.1_P138.ver1.0.g251660.p01         -          LRR_8                PF13855.12     1e-46  155.6  69.0   3.9e-11   41.6   0.2  10.0   5   3   6  11  11  10   9 | SP
VITVvi_vZin03_v1.1_P22.ver1.0.g325350.p01          -          LRR_8                PF13855.12   1.3e-46  155.2  92.5   1.2e-07   30.4   0.0  13.0   7   4   8  15  15  15  12 | SP+TM
VITVvi_vZin03_v1.1_H000164F_003.ver1.0.g155800.p01 -          LRR_8                PF13855.12   1.9e-46  154.7 121.6   2.4e-08   32.6   4.3  14.2   4   3  11  17  17  16  15 | SP+TM
VITVvi_vZin03_v1.1_P124.ver1.0.g240640.p01         -          LRR_8                PF13855.12   1.9e-46  154.7  93.1   5.5e-11   41.1   1.8  12.4   9   3   2  12  12  12   9 | SP
VITVvi_vZin03_v1.1_P53.ver1.0.g456630.p01          -          LRR_8                PF13855.12     2e-46  154.6 110.8   4.7e-09   34.9   8.7  13.7   8   5   6  14  14  13  12 | SP+TM
VITVvi_vZin03_v1.1_P240.ver1.0.g338610.p01         -          LRR_8                PF13855.12   2.4e-46  154.3  97.4   1.2e-07   30.5   7.3  12.0   7   3   4  12  12  12  11 | TM
VITVvi_vZin03_v1.1_P40.ver1.0.g411810.p01          -          LRR_8                PF13855.12   3.5e-46  153.8 111.1   5.3e-09   34.7   8.6  13.7   8   5   6  14  14  13  12 | SP+TM
VITVvi_vZin03_v1.1_P112.ver1.0.g225350.p01         -          LRR_8                PF13855.12   3.6e-46  153.8  51.2     2e-09   36.1   4.6   7.3   5   1   1   7   7   7   6 | SP+TM
VITVvi_vZin03_v1.1_H000027F_017.ver1.0.g064950.p01 -          LRR_8                PF13855.12   4.2e-46  153.6 106.6   4.5e-08   31.8   3.0  13.7   5   2  10  16  16  14  14 | SP+TM
VITVvi_vZin03_v1.1_P171.ver1.0.g289360.p01         -          LRR_8                PF13855.12     6e-46  153.1  78.4   9.3e-09   34.0   1.9  10.7   4   4   8  12  12  12  10 | TM
VITVvi_vZin03_v1.1_P658.ver1.0.g481470.p01         -          LRR_8                PF13855.12   8.3e-46  152.6  78.0   1.9e-07   29.8   4.1  10.1   7   3   3  10  10  10   9 | TM
VITVvi_vZin03_v1.1_P22.ver1.0.g327620.p01          -          LRR_8                PF13855.12   9.1e-46  152.5  36.5   3.3e-12   45.0   1.3   7.9   5   3   2   7   7   7   7 | SP
VITVvi_vZin03_v1.1_P677.ver1.0.g484610.p01         -          LRR_8                PF13855.12   1.4e-45  151.9  74.9   7.3e-09   34.3   5.0  10.5   4   4   7  12  12  12  11 | TM
VITVvi_vZin03_v1.1_P104.ver1.0.g215590.p01         -          LRR_8                PF13855.12   3.1e-45  150.8  88.7   8.1e-10   37.4   2.4  11.9   5   4   7  13  13  11  11 | TM
VITVvi_vZin03_v1.1_H000164F_003.ver1.0.g155770.p01 -          LRR_8                PF13855.12   3.1e-45  150.8  56.8   8.6e-08   30.9   9.1  10.0   5   3   6  11  11  11  10 | SP+TM
VITVvi_vZin03_v1.1_P53.ver1.0.g456720.p01          -          LRR_8                PF13855.12   3.5e-45  150.6 113.8     5e-09   34.8   8.6  13.8   7   5   8  15  15  14  13 | SP+TM
VITVvi_vZin03_v1.1_P339.ver1.0.g384140.p01         -          LRR_8                PF13855.12   4.4e-45  150.3  77.8   2.2e-08   32.8   6.9  10.1   5   2   3  10  10   9   9 | TM
VITVvi_vZin03_v1.1_P307.ver1.0.g372960.p01         -          LRR_8                PF13855.12   5.3e-45  150.0  72.1   3.2e-06   25.8   1.2  10.6   6   2   6  12  12  11  11 | SP+TM
VITVvi_vZin03_v1.1_P368.ver1.0.g393000.p01         -          LRR_8                PF13855.12   7.4e-45  149.6 110.9   5.7e-09   34.7   1.2  14.0   8   6   6  14  14  13  12 | SP+TM
VITVvi_vZin03_v1.1_P151.ver1.0.g270660.p01         -          LRR_8                PF13855.12   1.8e-44  148.3  70.9   3.1e-08   32.3   3.2  13.8   7   5   7  15  15  11  11 | SP+TM
VITVvi_vZin03_v1.1_P677.ver1.0.g484580.p01         -          LRR_8                PF13855.12   2.2e-44  148.1  93.5   1.6e-07   30.0   1.6  13.7   5   4   7  15  15  12  11 | TM
VITVvi_vZin03_v1.1_P272.ver1.0.g353570.p01         -          LRR_8                PF13855.12   2.6e-44  147.9  86.9   1.3e-08   33.5   7.3  13.1   8   6   3  12  12  11  10 | SP+TM
VITVvi_vZin03_v1.1_P135.ver1.0.g250090.p01         -          LRR_8                PF13855.12   2.7e-44  147.8 123.1   1.5e-06   26.9   0.2  14.4   4   3  15  20  20  20  16 | SP+TM
VITVvi_vZin03_v1.1_H000029F_011.ver1.0.g067750.p01 -          LRR_8                PF13855.12   4.3e-44  147.1  69.2   6.5e-12   44.1   0.9   8.5   5   3   2   8   8   8   7 | SP+TM
VITVvi_vZin03_v1.1_P40.ver1.0.g411740.p01          -          LRR_8                PF13855.12   4.5e-44  147.1 111.0   5.7e-09   34.7   1.2  14.0   8   6   6  14  14  13  12 | SP+TM
VITVvi_vZin03_v1.1_P139.ver1.0.g252290.p01         -          LRR_8                PF13855.12   6.5e-44  146.6  84.7   6.1e-09   34.6   4.6  12.8   7   3   6  14  14  13  12 | SP+TM
VITVvi_vZin03_v1.1_P312.ver1.0.g376040.p01         -          LRR_8                PF13855.12   8.8e-44  146.1 129.5   9.4e-07   27.6   5.1  14.1   8   2   7  16  16  13  13 | SP+TM
VITVvi_vZin03_v1.1_H000182F_002.ver1.0.g162260.p01 -          LRR_8                PF13855.12   9.5e-44  146.0  60.1   2.6e-08   32.6   3.9  12.5   6   4   9  15  15  12  12 | TM
VITVvi_vZin03_v1.1_P7.ver1.0.g490490.p01           -          LRR_8                PF13855.12   9.7e-44  146.0  66.9   5.9e-09   34.6   2.7  10.2   5   4   6  12  12  10  10 | SP
VITVvi_vZin03_v1.1_H000412F_001.ver1.0.g192250.p01 -          LRR_8                PF13855.12     1e-43  145.9 129.9   9.2e-07   27.6   5.1  14.0   8   2   5  15  15  12  12 | SP+TM
VITVvi_vZin03_v1.1_H001436F_001.ver1.0.g200220.p01 -          LRR_8                PF13855.12   1.3e-43  145.6 106.9   1.3e-08   33.5   5.8  14.5   8   5   9  17  17  15  14 | SP
VITVvi_vZin03_v1.1_H000481F_001.ver1.0.g194610.p01 -          LRR_8                PF13855.12   1.3e-43  145.6 106.3   1.9e-06   26.6  12.4  11.3   6   4   7  13  13  13  13 | TM
VITVvi_vZin03_v1.1_P37.ver1.0.g394300.p01          -          LRR_8                PF13855.12   1.7e-43  145.2  58.4     4e-10   38.3   1.6   9.0   8   1   1   9   9   8   8 | TM
VITVvi_vZin03_v1.1_H000182F_002.ver1.0.g162400.p01 -          LRR_8                PF13855.12   1.8e-43  145.2  64.2   1.8e-07   29.9   5.3  13.5   7   3  10  17  17  14  13 | SP+TM
VITVvi_vZin03_v1.1_P572.ver1.0.g463500.p01         -          LRR_8                PF13855.12   1.9e-43  145.1 117.1   2.1e-08   32.8   8.6  13.5   8   3   3  14  14  12  11 | SP+TM
VITVvi_vZin03_v1.1_H000182F_002.ver1.0.g162350.p01 -          LRR_8                PF13855.12     2e-43  145.0  76.3   2.4e-06   26.3   1.6  13.9   9   3   5  15  15  12  12 | TM
VITVvi_vZin03_v1.1_H000128F_003.ver1.0.g140000.p01 -          LRR_8                PF13855.12   2.6e-43  144.6  79.0   3.8e-08   32.0   0.9  10.7   8   2   2  10  10  10   9 | SP+TM
VITVvi_vZin03_v1.1_P106.ver1.0.g216340.p01         -          LRR_8                PF13855.12   2.6e-43  144.6  79.0   3.8e-08   32.0   0.9  10.7   8   2   2  10  10  10   9 | SP+TM
VITVvi_vZin03_v1.1_P574.ver1.0.g463780.p01         -          LRR_8                PF13855.12   2.7e-43  144.6  72.7     1e-06   27.4   6.1  10.6   5   2   7  12  12  11  11 | SP+TM
VITVvi_vZin03_v1.1_P572.ver1.0.g463470.p01         -          LRR_8                PF13855.12   2.7e-43  144.6  93.2   3.8e-09   35.2   7.4  13.5   5   4   7  14  14  14  13 | SP+TM
VITVvi_vZin03_v1.1_H000237F_004.ver1.0.g177750.p01 -          LRR_8                PF13855.12   3.5e-43  144.2  74.2   1.9e-08   33.0   0.8  10.3   5   4   7  12  12  10   7 | TM
VITVvi_vZin03_v1.1_H000146F_005.ver1.0.g148610.p01 -          LRR_8                PF13855.12   3.6e-43  144.2  69.0   1.4e-09   36.6   1.7  11.2   5   2   5  11  11  10  10 | TM
VITVvi_vZin03_v1.1_H000037F_013.ver1.0.g074710.p01 -          LRR_8                PF13855.12   4.1e-43  144.0  58.9   4.2e-10   38.3   1.6   9.0   8   1   1   9   9   8   8 | SP+TM
VITVvi_vZin03_v1.1_P12.ver1.0.g233890.p01          -          LRR_8                PF13855.12   4.1e-43  144.0  67.7   2.2e-08   32.8   3.1   8.9   7   1   0   8   8   8   8 | SP+TM
VITVvi_vZin03_v1.1_P279.ver1.0.g355820.p01         -          LRR_8                PF13855.12   4.6e-43  143.8 121.4     2e-08   32.9   3.4  12.2   3   2   9  13  13  13  12 | SP+TM
VITVvi_vZin03_v1.1_H000006F_006.ver1.0.g024690.p01 -          LRR_8                PF13855.12   4.7e-43  143.8  65.0   6.6e-09   34.5   2.8  10.2   5   4   6  12  12  10   9 | SP
VITVvi_vZin03_v1.1_P80.ver1.0.g503590.p01          -          LRR_8                PF13855.12   4.9e-43  143.7  75.8   1.9e-08   33.0   0.8  10.4   5   4   7  12  12  11   8 | TM
VITVvi_vZin03_v1.1_P157.ver1.0.g276070.p01         -          LRR_8                PF13855.12   5.7e-43  143.5  72.9   6.9e-07   28.0   2.8  11.7   7   4   4  12  12  11  10 | SP+TM
VITVvi_vZin03_v1.1_H000079F_010.ver1.0.g113650.p01 -          LRR_8                PF13855.12   7.3e-43  143.2  96.0   1.1e-08   33.7   6.1  12.0   5   3   9  14  14  12  11 | SP+TM
VITVvi_vZin03_v1.1_P26.ver1.0.g347440.p01          -          LRR_8                PF13855.12   1.8e-42  142.0  84.3   6.9e-11   40.8   5.0  10.2   5   2   7  13  13  11  10 | SP+TM
VITVvi_vZin03_v1.1_P120.ver1.0.g237090.p01         -          LRR_8                PF13855.12   1.8e-42  142.0 112.8   4.9e-11   41.3   1.8  11.3   7   4   2  10  10  10   9 | SP+TM
VITVvi_vZin03_v1.1_P273.ver1.0.g354240.p01         -          LRR_8                PF13855.12   1.8e-42  141.9  58.2   3.3e-08   32.2   4.1   8.9   8   1   1   9   9   8   8 | SP+TM
VITVvi_vZin03_v1.1_P273.ver1.0.g354180.p01         -          LRR_8                PF13855.12   2.1e-42  141.7  55.0   3.9e-08   32.0   3.0   8.9   8   1   1   9   9   8   7 | SP+TM
VITVvi_vZin03_v1.1_P240.ver1.0.g338570.p01         -          LRR_8                PF13855.12   2.4e-42  141.5  66.9   4.3e-10   38.2   8.1   9.5   4   4   4   9   9   9   9 | TM
VITVvi_vZin03_v1.1_H000079F_014.ver1.0.g114300.p01 -          LRR_8                PF13855.12   2.6e-42  141.4  97.2   1.1e-08   33.7   6.1  12.0   5   3   7  13  13  11  10 | SP+TM
VITVvi_vZin03_v1.1_H000080F_012.ver1.0.g115650.p01 -          LRR_8                PF13855.12   3.8e-42  140.9  95.1   2.4e-07   29.5   0.1  13.1   6   3   3  12  12  11   8 | SP+TM
VITVvi_vZin03_v1.1_H000182F_002.ver1.0.g162490.p01 -          LRR_8                PF13855.12   3.9e-42  140.9  71.2   5.1e-05   22.0   0.7  14.7  10   4   4  15  15  10   8 | SP+TM
VITVvi_vZin03_v1.1_P15.ver1.0.g265280.p01          -          LRR_8                PF13855.12   4.1e-42  140.8  83.6   1.6e-08   33.2   7.9  10.7   4   1   9  14  14  13  11 | SP+TM
VITVvi_vZin03_v1.1_P71.ver1.0.g491620.p01          -          LRR_8                PF13855.12   5.3e-42  140.4  96.2   3.1e-08   32.3   5.3  13.6   7   4   4  12  12  11   9 | SP+TM
VITVvi_vZin03_v1.1_P135.ver1.0.g250390.p01         -          LRR_8                PF13855.12   5.8e-42  140.3  89.9   3.1e-09   35.5   6.0  11.2   7   5   3  10  10   9   9 | TM
VITVvi_vZin03_v1.1_P3.ver1.0.g364440.p01           -          LRR_8                PF13855.12   6.6e-42  140.2  54.1   2.4e-09   35.8   0.0   8.0   3   2   5   9   9   9   9 | TM
VITVvi_vZin03_v1.1_P114.ver1.0.g228770.p01         -          LRR_8                PF13855.12   7.9e-42  139.9 107.3   3.2e-11   41.8   1.2  12.5   3   1  13  17  17  16  16 | SP
VITVvi_vZin03_v1.1_H000286F_002.ver1.0.g184330.p01 -          LRR_8                PF13855.12   1.3e-41  139.2  69.7   3.4e-08   32.2   3.3  11.0   8   2   2  11  11   9   8 | SP+TM
VITVvi_vZin03_v1.1_P71.ver1.0.g491690.p01          -          LRR_8                PF13855.12   1.7e-41  138.8  91.1   4.7e-07   28.5   6.0  14.0   7   5  10  17  17  16  13 | SP+TM
VITVvi_vZin03_v1.1_P15.ver1.0.g265470.p01          -          LRR_8                PF13855.12   1.7e-41  138.8  83.5   7.7e-09   34.2   7.2  10.6   3   1   8  13  13  13  12 | SP+TM
VITVvi_vZin03_v1.1_H000019F_012.ver1.0.g053930.p01 -          LRR_8                PF13855.12   2.4e-41  138.4  65.6   4.4e-07   28.6   2.7  10.1   7   2   4  11  11  10  10 | TM
VITVvi_vZin03_v1.1_P572.ver1.0.g463520.p01         -          LRR_8                PF13855.12   2.7e-41  138.2 110.3   1.6e-07   30.0   6.9  14.0  11   3   3  15  15  12   9 | SP+TM
VITVvi_vZin03_v1.1_P2.ver1.0.g311130.p01           -          LRR_8                PF13855.12   2.9e-41  138.1  62.8   1.1e-07   30.6   6.6  10.3   6   3   2  10  10   8   8 | SP+TM
VITVvi_vZin03_v1.1_P40.ver1.0.g411680.p01          -          LRR_8                PF13855.12   3.5e-41  137.8 110.2   2.5e-08   32.6   4.0  13.2  10   4   3  14  14  11   8 | SP+TM
VITVvi_vZin03_v1.1_P76.ver1.0.g497510.p01          -          LRR_8                PF13855.12   3.6e-41  137.8 117.2   6.4e-09   34.5   7.3   6.6   2   1   7   9   9   9   9 | SP
VITVvi_vZin03_v1.1_P184.ver1.0.g298920.p01         -          LRR_8                PF13855.12   4.6e-41  137.4  37.4   1.7e-09   36.3   5.8   8.3   5   2   6  11  11  10   9 | SP+TM
VITVvi_vZin03_v1.1_H000029F_002.ver1.0.g066670.p01 -          LRR_8                PF13855.12   4.7e-41  137.4  84.2     6e-09   34.6   1.5  10.3   5   3   5  12  12  11  10 | SP+TM
VITVvi_vZin03_v1.1_H000089F_008.ver1.0.g121660.p01 -          LRR_8                PF13855.12   4.9e-41  137.4 109.0   7.9e-10   37.4   8.6   7.8   3   1   7  10  10   9   9 | SP
VITVvi_vZin03_v1.1_P224.ver1.0.g329700.p01         -          LRR_8                PF13855.12   5.1e-41  137.3  69.1   3.4e-08   32.2   3.3  11.4   7   2   6  13  13  10   9 | SP+TM
VITVvi_vZin03_v1.1_H000233F_004.ver1.0.g176400.p01 -          LRR_8                PF13855.12   5.2e-41  137.3  36.9   1.5e-09   36.5   5.6   8.3   5   2   6  11  11  10   9 | SP+TM
VITVvi_vZin03_v1.1_P440.ver1.0.g426490.p01         -          LRR_8                PF13855.12   5.4e-41  137.2  73.0   5.2e-10   38.0   3.8   9.9   4   3   6  12  12  11  10 | TM
VITVvi_vZin03_v1.1_H000006F_023.ver1.0.g026650.p01 -          LRR_8                PF13855.12   1.1e-40  136.3  53.5   9.2e-11   40.4   0.7   8.7   7   2   2   9   9   7   7 | SP
VITVvi_vZin03_v1.1_P53.ver1.0.g456650.p01          -          LRR_8                PF13855.12   1.3e-40  136.0 106.9   3.2e-08   32.2   7.2  14.4   7   5   9  17  17  14  12 | TM
VITVvi_vZin03_v1.1_P572.ver1.0.g463540.p01         -          LRR_8                PF13855.12   2.2e-40  135.3 106.6     4e-07   28.7   0.4  14.5   7   5   8  16  16  14  13 | SP+TM
VITVvi_vZin03_v1.1_P85.ver1.0.g510490.p01          -          LRR_8                PF13855.12   2.8e-40  134.9  68.8   3.4e-08   32.2   6.4   9.6   5   3   6  11  11  11  11 | SP
VITVvi_vZin03_v1.1_H000043F_008.ver1.0.g080940.p01 -          LRR_8                PF13855.12   2.9e-40  134.9  39.4     2e-08   32.9   5.7   8.0   8   0   0   8   8   7   7 | SP+TM
VITVvi_vZin03_v1.1_P40.ver1.0.g410000.p01          -          LRR_8                PF13855.12   4.4e-40  134.3  40.6     2e-08   32.9   5.7   7.9   8   0   0   8   8   7   7 | SP+TM
VITVvi_vZin03_v1.1_P53.ver1.0.g456560.p01          -          LRR_8                PF13855.12   4.7e-40  134.2  94.0   2.6e-09   35.8   6.8  13.2   5   4  10  16  16  15  14 | SP+TM
VITVvi_vZin03_v1.1_H000182F_002.ver1.0.g162270.p01 -          LRR_8                PF13855.12   8.8e-40  133.3  81.7     7e-09   34.4  10.9  11.2   9   2   2  11  11  10   9 | SP+TM
VITVvi_vZin03_v1.1_P138.ver1.0.g251680.p01         -          LRR_8                PF13855.12   9.1e-40  133.3  96.1   1.2e-07   30.4   1.4  11.3   6   3   4  11  11  10   9 | SP
VITVvi_vZin03_v1.1_P53.ver1.0.g456550.p01          -          LRR_8                PF13855.12   1.2e-39  132.9  79.7   2.4e-08   32.7   1.9  13.7   5   4   4  13  13  10   9 | SP+TM
VITVvi_vZin03_v1.1_P53.ver1.0.g456580.p01          -          LRR_8                PF13855.12   1.7e-39  132.4 120.0   1.7e-08   33.1   7.7  13.4   6   4   5  15  15  13  10 | SP+TM
VITVvi_vZin03_v1.1_P26.ver1.0.g347400.p01          -          LRR_8                PF13855.12     2e-39  132.2  67.2     8e-09   34.2   9.5   9.1   3   2   3   9   9   8   7 | SP+TM
VITVvi_vZin03_v1.1_P124.ver1.0.g240680.p01         -          LRR_8                PF13855.12   2.8e-39  131.7  93.0   3.7e-09   35.2   3.8  14.2   9   4   7  16  16  13  12 | TM
VITVvi_vZin03_v1.1_P365.ver1.0.g392630.p01         -          LRR_8                PF13855.12   3.5e-39  131.4  71.3   7.8e-09   34.2   9.4   9.2   2   1   9  12  12  11  10 | SP+TM
VITVvi_vZin03_v1.1_P26.ver1.0.g346540.p01          -          LRR_8                PF13855.12   4.6e-39  131.0  67.0   6.1e-12   44.2   0.9   8.5   5   3   2   8   8   8   6 | SP+TM
VITVvi_vZin03_v1.1_H000182F_002.ver1.0.g162360.p01 -          LRR_8                PF13855.12     5e-39  130.9  64.6   4.1e-06   25.5   1.9  13.5  11   3   2  13  13  10   8 | SP+TM
VITVvi_vZin03_v1.1_P53.ver1.0.g456570.p01          -          LRR_8                PF13855.12   5.2e-39  130.9 109.1   1.1e-08   33.7   7.9  14.3   7   4  11  18  18  16  13 | SP+TM
VITVvi_vZin03_v1.1_P127.ver1.0.g241780.p01         -          LRR_8                PF13855.12   5.6e-39  130.8  64.5   1.2e-09   36.8   4.1   9.2   5   3   3   9   9   8   6 | TM
VITVvi_vZin03_v1.1_H000182F_002.ver1.0.g162250.p01 -          LRR_8                PF13855.12   5.7e-39  130.7  85.4   7.3e-09   34.3   8.8  12.1   8   3   3  12  12  10   9 | SP+TM
VITVvi_vZin03_v1.1_P151.ver1.0.g270760.p01         -          LRR_8                PF13855.12   6.2e-39  130.6  76.4   7.1e-06   24.7   0.4  13.2  10   4   3  14  14  11   9 | SP
VITVvi_vZin03_v1.1_P71.ver1.0.g491600.p01          -          LRR_8                PF13855.12   1.5e-38  129.4  75.7   2.1e-08   32.8   3.1  11.4   5   2   9  14  14  12  10 | SP
VITVvi_vZin03_v1.1_P40.ver1.0.g411780.p01          -          LRR_8                PF13855.12   1.5e-38  129.4 109.7   7.5e-08   31.1   5.7  14.9   7   5   9  18  18  16  13 | SP+TM
VITVvi_vZin03_v1.1_P279.ver1.0.g355830.p01         -          LRR_8                PF13855.12   2.2e-38  128.9  92.9     9e-08   30.8   3.5  10.9   2   2   9  12  12  11  11 | SP+TM
VITVvi_vZin03_v1.1_H000084F_004.ver1.0.g118320.p01 -          LRR_8                PF13855.12   2.3e-38  128.8  35.4   3.1e-10   38.7   4.3   6.1   3   2   3   6   6   6   6 | SP
VITVvi_vZin03_v1.1_H000027F_017.ver1.0.g064960.p01 -          LRR_8                PF13855.12   2.4e-38  128.7  93.8   1.7e-08   33.2   0.7  12.4   4   2   8  14  14  12  11 | SP+TM
VITVvi_vZin03_v1.1_P25.ver1.0.g342190.p01          -          LRR_8                PF13855.12   2.4e-38  128.7  93.8   1.7e-08   33.2   0.7  12.4   4   2   8  14  14  12  11 | SP+TM
VITVvi_vZin03_v1.1_P53.ver1.0.g456620.p01          -          LRR_8                PF13855.12   2.5e-38  128.7 108.7   4.3e-09   35.1   8.4  13.9   6   5   9  17  17  15  13 | SP+TM
VITVvi_vZin03_v1.1_H000568F_002.ver1.0.g196580.p01 -          LRR_8                PF13855.12   2.6e-38  128.6  63.7   2.4e-09   35.8   2.0   9.6   4   3   6  10  10  10  10 | SP+TM
VITVvi_vZin03_v1.1_P1.ver1.0.g200810.p01           -          LRR_8                PF13855.12     3e-38  128.4  35.5   3.2e-10   38.6   4.3   6.2   3   2   3   6   6   6   6 | SP
VITVvi_vZin03_v1.1_P344.ver1.0.g386140.p01         -          LRR_8                PF13855.12   3.9e-38  128.1  63.7   2.4e-09   35.8   2.0   9.6   4   3   6  10  10  10   9 | SP+TM
VITVvi_vZin03_v1.1_P249.ver1.0.g341380.p01         -          LRR_8                PF13855.12   3.9e-38  128.1  82.2   2.9e-09   35.6   3.8  12.1   6   3   9  15  15  14  12 | SP+TM
VITVvi_vZin03_v1.1_P273.ver1.0.g354110.p01         -          LRR_8                PF13855.12   4.6e-38  127.8  58.5   1.9e-08   33.0   4.0   8.9   8   2   2  10  10   8   8 | SP+TM
VITVvi_vZin03_v1.1_P80.ver1.0.g503650.p01          -          LRR_8                PF13855.12   6.9e-38  127.3  73.1   1.4e-06   27.0   1.7  11.8   4   4   8  13  13  12  11 | SP+TM
VITVvi_vZin03_v1.1_P489.ver1.0.g438880.p01         -          LRR_8                PF13855.12   7.2e-38  127.2  74.5   1.4e-06   27.0   1.7  11.7   4   4   8  13  13  12  11 | SP+TM
VITVvi_vZin03_v1.1_P87.ver1.0.g515420.p01          -          LRR_8                PF13855.12   8.5e-38  127.0 101.7   7.1e-07   27.9   3.8  10.8   5   4   7  12  12  12  12 | TM
VITVvi_vZin03_v1.1_H000074F_005.ver1.0.g111190.p01 -          LRR_8                PF13855.12   9.4e-38  126.8  39.2   9.4e-10   37.2   0.9   7.9   5   2   2   7   7   7   6 | TM
VITVvi_vZin03_v1.1_P76.ver1.0.g497570.p01          -          LRR_8                PF13855.12   1.2e-37  126.5  51.8   2.2e-09   36.0   8.9   6.1   5   1   0   6   6   6   6 | SP
VITVvi_vZin03_v1.1_P67.ver1.0.g483450.p01          -          LRR_8                PF13855.12   2.3e-37  125.6  72.8   4.3e-08   31.9   4.6   9.8   3   2   7  10  10  10  10 | SP
VITVvi_vZin03_v1.1_P371.ver1.0.g395020.p01         -          LRR_8                PF13855.12     3e-37  125.2  93.3   1.4e-09   36.6   6.8  10.6   3   3   9  12  12  12  12 | SP
VITVvi_vZin03_v1.1_P273.ver1.0.g354220.p01         -          LRR_8                PF13855.12   4.2e-37  124.7  85.1   3.5e-08   32.1   5.8  12.7   7   5   7  14  14  13   8 | SP
VITVvi_vZin03_v1.1_H000029F_011.ver1.0.g067740.p01 -          LRR_8                PF13855.12   5.3e-37  124.4  64.1   1.7e-12   46.0   1.1   7.6   3   2   4   8   8   8   7 | SP
VITVvi_vZin03_v1.1_P312.ver1.0.g376060.p01         -          LRR_8                PF13855.12   5.4e-37  124.4  64.5   2.2e-06   26.4   0.0  10.1   5   4   6  12  12  11  10 | SP+TM
VITVvi_vZin03_v1.1_H000064F_013.ver1.0.g106080.p01 -          LRR_8                PF13855.12   6.3e-37  124.2  59.0   1.8e-08   33.0   1.9   9.8   5   3   4  10  10   9   8 | SP+TM
VITVvi_vZin03_v1.1_P56.ver1.0.g461560.p01          -          LRR_8                PF13855.12   7.6e-37  123.9  58.2   2.1e-07   29.7   7.1  10.0   7   1   5  12  12  10   9 | SP+TM
VITVvi_vZin03_v1.1_P38.ver1.0.g398050.p01          -          LRR_8                PF13855.12   9.6e-37  123.6  43.1   4.1e-07   28.7   0.7   9.1   8   1   0   8   8   7   7 | SP+TM
VITVvi_vZin03_v1.1_P398.ver1.0.g403100.p01         -          LRR_8                PF13855.12   9.8e-37  123.6  59.6   6.5e-07   28.1   8.9   9.0   4   4   6  10  10   9   9 | TM
VITVvi_vZin03_v1.1_H000087F_005.ver1.0.g120530.p01 -          LRR_8                PF13855.12   1.5e-36  123.0  47.7   7.1e-09   34.3   5.3  10.7   5   3   7  12  12  11   7 | SP+TM
VITVvi_vZin03_v1.1_P83.ver1.0.g509080.p01          -          LRR_8                PF13855.12   1.5e-36  123.0  47.7   7.1e-09   34.3   5.3  10.7   5   3   7  12  12  11   7 | SP+TM
VITVvi_vZin03_v1.1_H000182F_002.ver1.0.g162320.p01 -          LRR_8                PF13855.12   1.5e-36  123.0  65.2   4.1e-05   22.3   0.7  12.5   7   2   7  15  15  13  11 | TM
VITVvi_vZin03_v1.1_P71.ver1.0.g491670.p01          -          LRR_8                PF13855.12   1.7e-36  122.8  53.5   1.7e-08   33.2   3.4   8.7   6   2   1   8   8   8   8 | SP+TM
VITVvi_vZin03_v1.1_P450.ver1.0.g429020.p01         -          LRR_8                PF13855.12   2.5e-36  122.3  71.1   1.1e-08   33.7   4.0   9.3   4   2   5  10  10  10  10 | SP+TM
VITVvi_vZin03_v1.1_P240.ver1.0.g338720.p01         -          LRR_8                PF13855.12   3.1e-36  122.0  70.4   5.3e-08   31.5   4.4  10.5   5   3   5  11  11   9   9 | SP
VITVvi_vZin03_v1.1_P440.ver1.0.g426510.p01         -          LRR_8                PF13855.12   3.8e-36  121.7  64.9   1.5e-07   30.1   0.5   9.3   4   2   8  12  12  11  10 | SP
VITVvi_vZin03_v1.1_H000005F_004.ver1.0.g020140.p01 -          LRR_8                PF13855.12   4.5e-36  121.4  61.7   1.2e-07   30.4   1.6   9.7   3   2   8  12  12  12  11 | SP+TM
VITVvi_vZin03_v1.1_P6.ver1.0.g471210.p01           -          LRR_8                PF13855.12   4.6e-36  121.4  61.7   1.2e-07   30.4   1.6   9.7   3   2   8  12  12  12  11 | SP+TM
VITVvi_vZin03_v1.1_H000182F_002.ver1.0.g162450.p01 -          LRR_8                PF13855.12   6.1e-36  121.0  42.7     3e-06   26.0   0.6  10.6   6   1   2  10  10   8   8 | TM
VITVvi_vZin03_v1.1_P272.ver1.0.g353780.p01         -          LRR_8                PF13855.12     1e-35  120.4  70.7   9.6e-09   33.9   2.5  10.0   5   4   2   9   9   8   8 | TM
VITVvi_vZin03_v1.1_H000153F_005.ver1.0.g152850.p01 -          LRR_8                PF13855.12   1.1e-35  120.3  54.7   4.9e-10   38.1   2.3   6.9   5   2   1   6   6   6   5 | SP+TM
VITVvi_vZin03_v1.1_P249.ver1.0.g341360.p01         -          LRR_8                PF13855.12   1.3e-35  120.0  96.8   8.1e-08   31.0   3.0  13.6   6   4   7  15  15  14  10 | SP+TM
VITVvi_vZin03_v1.1_H000087F_009.ver1.0.g121060.p01 -          LRR_8                PF13855.12   3.7e-35  118.5  42.5   4.3e-10   38.2   2.9   7.5   4   1   4   8   8   8   7 | SP
VITVvi_vZin03_v1.1_P255.ver1.0.g345450.p01         -          LRR_8                PF13855.12   4.7e-35  118.2  72.8   1.7e-08   33.2   2.8   5.8   1   1   7   9   9   9   9 | SP+TM
VITVvi_vZin03_v1.1_H000080F_006.ver1.0.g115470.p01 -          LRR_8                PF13855.12   7.6e-35  117.5  81.3   1.2e-08   33.6   6.7   9.1   7   2   2   9   9   8   7 | SP+TM
VITVvi_vZin03_v1.1_P67.ver1.0.g483510.p01          -          LRR_8                PF13855.12   7.6e-35  117.5  81.3   1.2e-08   33.6   6.7   9.1   7   2   2   9   9   8   7 | SP+TM
VITVvi_vZin03_v1.1_P677.ver1.0.g484510.p01         -          LRR_8                PF13855.12   7.8e-35  117.5  64.9   5.5e-07   28.3   3.8  10.6   5   2   7  13  13  11  11 | TM
VITVvi_vZin03_v1.1_H000067F_008.ver1.0.g107850.p01 -          LRR_8                PF13855.12   7.9e-35  117.5  63.8   1.4e-08   33.4   2.8   9.0   4   2   4   9   9   8   8 | SP+TM
VITVvi_vZin03_v1.1_P31.ver1.0.g374080.p01          -          LRR_8                PF13855.12   1.5e-34  116.6  32.3   3.9e-10   38.4   5.1   7.3   2   1   4   8   8   8   8 | SP+TM
VITVvi_vZin03_v1.1_P298.ver1.0.g364000.p01         -          LRR_8                PF13855.12   1.8e-34  116.3  56.3   7.6e-07   27.8   7.4  10.0   6   2   4  11  11   8   7 | SP+TM
VITVvi_vZin03_v1.1_H000079F_014.ver1.0.g113870.p01 -          LRR_8                PF13855.12     3e-34  115.6  71.5   1.8e-09   36.3   4.0   9.6   5   2   4  10  10   8   7 | SP+TM
VITVvi_vZin03_v1.1_P224.ver1.0.g329650.p01         -          LRR_8                PF13855.12   3.4e-34  115.4  81.6   6.2e-08   31.3   1.7   9.7   4   2   5  10  10   9   9 | SP+TM
VITVvi_vZin03_v1.1_H000286F_002.ver1.0.g184270.p01 -          LRR_8                PF13855.12   3.6e-34  115.4  80.1   6.2e-08   31.3   1.7   9.9   5   2   5  11  11  10   9 | SP+TM
VITVvi_vZin03_v1.1_P152.ver1.0.g271120.p01         -          LRR_8                PF13855.12   5.2e-34  114.9  90.4     3e-09   35.6   6.8  10.8   3   3  11  14  14  13  11 | SP+TM
VITVvi_vZin03_v1.1_P298.ver1.0.g364070.p01         -          LRR_8                PF13855.12   6.5e-34  114.5  53.0   6.1e-08   31.4   2.7  10.4   8   1   3  11  11  10   7 | SP+TM
VITVvi_vZin03_v1.1_P175.ver1.0.g291210.p01         -          LRR_8                PF13855.12   9.1e-34  114.1  66.2     1e-06   27.4   2.0  10.2   3   2   7  12  12  11  11 | SP+TM
VITVvi_vZin03_v1.1_P272.ver1.0.g353530.p01         -          LRR_8                PF13855.12   9.6e-34  114.0  78.7   8.5e-07   27.7   9.4  12.0   6   4   6  12  12  11  11 | SP
VITVvi_vZin03_v1.1_P291.ver1.0.g362520.p01         -          LRR_8                PF13855.12     1e-33  113.9  43.5   1.3e-11   43.1   1.4   6.3   2   2   3   6   6   6   6 | SP
VITVvi_vZin03_v1.1_P68.ver1.0.g484920.p01          -          LRR_8                PF13855.12   1.3e-33  113.5  70.2   2.8e-09   35.6   4.0   9.3   5   2   5  10  10   8   7 | SP+TM
VITVvi_vZin03_v1.1_P304.ver1.0.g372350.p01         -          LRR_8                PF13855.12   1.6e-33  113.3  58.5   2.4e-09   35.8   1.6   9.5   4   2   6  10  10  10   9 | SP+TM
VITVvi_vZin03_v1.1_H000041F_010.ver1.0.g076670.p01 -          LRR_8                PF13855.12   3.4e-33  112.3  51.8   4.1e-08   31.9   4.4  10.2   6   4   4  10  10   7   7 | SP+TM
VITVvi_vZin03_v1.1_P36.ver1.0.g390310.p01          -          LRR_8                PF13855.12   3.4e-33  112.3  51.8   4.1e-08   31.9   4.4  10.2   6   4   4  10  10   7   7 | SP+TM
VITVvi_vZin03_v1.1_P151.ver1.0.g270680.p01         -          LRR_8                PF13855.12   4.4e-33  111.9  71.9   7.8e-09   34.2   8.8  12.1   8   3   5  13  13  10   9 | SP+TM
VITVvi_vZin03_v1.1_H000182F_002.ver1.0.g162420.p01 -          LRR_8                PF13855.12   5.5e-33  111.6  69.5   2.9e-05   22.8   1.6  12.7   8   4   9  17  17  14  12 | SP+TM
VITVvi_vZin03_v1.1_P64.ver1.0.g479370.p01          -          LRR_8                PF13855.12   5.9e-33  111.5  62.7   3.6e-09   35.3   8.3  10.0   3   3   7  12  12  12   9 | SP+TM
VITVvi_vZin03_v1.1_P83.ver1.0.g509400.p01          -          LRR_8                PF13855.12   8.4e-33  111.0  42.5   8.8e-10   37.3   2.8   7.3   4   1   1   6   6   6   6 | SP+TM
VITVvi_vZin03_v1.1_P52.ver1.0.g450560.p01          -          LRR_8                PF13855.12   1.6e-32  110.1  72.7   1.8e-07   29.9   2.8   9.5   2   2   8  12  12  12  11 | SP+TM
VITVvi_vZin03_v1.1_P142.ver1.0.g259020.p01         -          LRR_8                PF13855.12   1.6e-32  110.1  72.7   1.8e-07   29.9   2.8   9.5   2   2   8  12  12  12  11 | SP+TM
VITVvi_vZin03_v1.1_H000051F_004.ver1.0.g090330.p01 -          LRR_8                PF13855.12   2.2e-32  109.6  54.3   8.9e-07   27.6   4.9   8.0   4   2   6  10  10   9   8 | SP+TM
VITVvi_vZin03_v1.1_H000023F_021.ver1.0.g057950.p01 -          LRR_8                PF13855.12   3.1e-32  109.2  19.7     3e-09   35.5   0.9   4.5   4   1   0   4   4   4   4 | SP
VITVvi_vZin03_v1.1_H000084F_006.ver1.0.g118410.p01 -          LRR_8                PF13855.12   3.6e-32  109.0  75.2   2.4e-10   39.1   5.2   6.6   3   3   6   9   9   9   8 | TM
VITVvi_vZin03_v1.1_P298.ver1.0.g364100.p01         -          LRR_8                PF13855.12   4.3e-32  108.7  47.1   1.1e-08   33.7   1.8   9.8   7   3   2  10  10   9   6 | SP+TM
VITVvi_vZin03_v1.1_P14.ver1.0.g253590.p01          -          LRR_8                PF13855.12   4.6e-32  108.6  62.8   1.1e-11   43.3   0.1   9.9   5   2   6  11  11  11   9 | SP+TM
VITVvi_vZin03_v1.1_P18.ver1.0.g295150.p01          -          LRR_8                PF13855.12   5.3e-32  108.4  76.3   1.7e-10   39.5   4.8  11.8   7   4   5  12  12  10  10 | SP
VITVvi_vZin03_v1.1_P2.ver1.0.g309650.p01           -          LRR_8                PF13855.12   5.5e-32  108.4  61.1   1.3e-08   33.5   8.9   9.8   6   2   4  10  10   8   7 | SP+TM
VITVvi_vZin03_v1.1_H000020F_010.ver1.0.g054480.p01 -          LRR_8                PF13855.12   8.5e-32  107.8  63.4   1.6e-07   30.0   5.7   7.2   4   2   3   7   7   7   7 | SP
VITVvi_vZin03_v1.1_H000186F_004.ver1.0.g163510.p01 -          LRR_8                PF13855.12   1.1e-31  107.4  84.1   6.3e-09   34.5   8.0  10.3   5   4   5  11  11  10   8 | TM
VITVvi_vZin03_v1.1_P71.ver1.0.g491650.p01          -          LRR_8                PF13855.12   1.3e-31  107.2  67.5   5.2e-08   31.6   6.8   9.9   6   3   2   9   9   9   7 | SP
VITVvi_vZin03_v1.1_P24.ver1.0.g338310.p01          -          LRR_8                PF13855.12   1.8e-31  106.7  18.7   2.5e-09   35.8   0.9   4.3   4   0   0   4   4   4   4 | SP
VITVvi_vZin03_v1.1_H000027F_008.ver1.0.g063870.p01 -          LRR_8                PF13855.12   2.8e-31  106.1  48.4   9.5e-08   30.7   0.9   8.6   2   1  10  13  13  11  11 | TM
VITVvi_vZin03_v1.1_H000110F_013.ver1.0.g133630.p01 -          LRR_8                PF13855.12   3.1e-31  106.0  54.1   6.2e-07   28.1   0.2   8.1   6   1   1   8   8   7   6 | SP
VITVvi_vZin03_v1.1_P89.ver1.0.g519300.p01          -          LRR_8                PF13855.12   4.5e-31  105.4  54.6   1.7e-07   29.9   0.8   7.9   5   2   5  10  10   9   8 | SP
VITVvi_vZin03_v1.1_P477.ver1.0.g436510.p01         -          LRR_8                PF13855.12   5.5e-31  105.2  55.0   1.5e-05   23.7   2.7   9.9   5   2   7  12  12  12  11 | SP+TM
VITVvi_vZin03_v1.1_P40.ver1.0.g410640.p01          -          LRR_8                PF13855.12   6.3e-31  105.0  50.4   2.2e-07   29.6   4.1   9.6   6   2   3  10  10   8   8 | SP+TM
VITVvi_vZin03_v1.1_P25.ver1.0.g343190.p01          -          LRR_8                PF13855.12   6.8e-31  104.9  56.8   8.9e-07   27.6   4.9   8.0   3   3   7  10  10   9   8 | SP+TM
VITVvi_vZin03_v1.1_H000033F_008.ver1.0.g070000.p01 -          LRR_8                PF13855.12   7.5e-31  104.7  81.5   2.2e-06   26.4   2.9  10.4   6   3   3  10  10   9   9 | SP+TM
VITVvi_vZin03_v1.1_P51.ver1.0.g449180.p01          -          LRR_8                PF13855.12   7.7e-31  104.7  81.5   2.2e-06   26.4   2.9  10.4   6   3   3  10  10   9   9 | SP+TM
VITVvi_vZin03_v1.1_H000043F_003.ver1.0.g079770.p01 -          LRR_8                PF13855.12   1.3e-30  103.9  50.6   2.4e-07   29.5   4.2   9.6   6   2   4  11  11   9   9 | SP+TM
VITVvi_vZin03_v1.1_H000029F_002.ver1.0.g066700.p01 -          LRR_8                PF13855.12   1.5e-30  103.7  50.2   3.4e-08   32.2  10.1   6.2   4   2   1   6   6   5   5 | TM
VITVvi_vZin03_v1.1_H000153F_005.ver1.0.g152810.p01 -          LRR_8                PF13855.12   1.5e-30  103.7  33.3   3.3e-10   38.6   0.2   5.9   2   1   3   5   5   5   5 | SP+TM
VITVvi_vZin03_v1.1_P40.ver1.0.g411750.p01          -          LRR_8                PF13855.12   1.6e-30  103.7  68.8   4.9e-09   34.9   7.8  11.0   6   3   6  13  13  11   7 | TM
VITVvi_vZin03_v1.1_P53.ver1.0.g453150.p01          -          LRR_8                PF13855.12   2.1e-30  103.3  45.6   1.1e-07   30.5   6.3   6.6   2   2   4   7   7   6   6 | SP+TM
VITVvi_vZin03_v1.1_P124.ver1.0.g240540.p01         -          LRR_8                PF13855.12   2.1e-30  103.3  82.1   1.3e-08   33.5   8.7  10.2   5   4   5  10  10  10   8 | TM
VITVvi_vZin03_v1.1_P25.ver1.0.g342450.p01          -          LRR_8                PF13855.12   3.7e-30  102.5  47.4   1.4e-07   30.2   0.8   8.5   2   1  10  13  13  11  11 | TM
VITVvi_vZin03_v1.1_P112.ver1.0.g225380.p01         -          LRR_8                PF13855.12   4.3e-30  102.3  33.9     8e-10   37.4   8.6   5.8   4   1   1   5   5   5   4 | SP+TM
VITVvi_vZin03_v1.1_P53.ver1.0.g453130.p01          -          LRR_8                PF13855.12     5e-30  102.1  33.3   3.1e-10   38.7   0.2   5.8   2   1   4   6   6   6   6 | SP+TM
VITVvi_vZin03_v1.1_P511.ver1.0.g449700.p01         -          LRR_8                PF13855.12   5.4e-30  102.0  65.1   1.1e-07   30.5   5.1   7.9   5   2   2   7   7   7   6 | TM
VITVvi_vZin03_v1.1_P199.ver1.0.g308780.p01         -          LRR_8                PF13855.12   6.1e-30  101.8  54.1   1.1e-07   30.5   3.3   7.9   6   2   2   8   8   6   6 | SP+TM
VITVvi_vZin03_v1.1_P551.ver1.0.g461030.p01         -          LRR_8                PF13855.12   8.2e-30  101.4  60.5   6.6e-07   28.1   7.3  10.6   6   4   4  11  11   9   9 | SP
VITVvi_vZin03_v1.1_H000139F_004.ver1.0.g144600.p01 -          LRR_8                PF13855.12   8.8e-30  101.3  19.5   1.2e-11   43.2   0.7   4.9   5   0   0   5   5   3   3 | SP
VITVvi_vZin03_v1.1_H000233F_004.ver1.0.g176610.p01 -          LRR_8                PF13855.12   1.1e-29  101.0  14.7   1.1e-12   46.6   1.5   5.0   3   1   1   5   5   4   3 | SP
VITVvi_vZin03_v1.1_P184.ver1.0.g299140.p01         -          LRR_8                PF13855.12   1.1e-29  101.0  14.7   1.1e-12   46.6   1.5   5.0   3   1   1   5   5   4   3 | SP
VITVvi_vZin03_v1.1_H000012F_008.ver1.0.g038430.p01 -          LRR_8                PF13855.12   1.3e-29  100.8  66.8   2.1e-06   26.4   3.6   8.0   4   2   5   9   9   9   8 | TM
VITVvi_vZin03_v1.1_H000012F_011.ver1.0.g038800.p01 -          LRR_8                PF13855.12   1.3e-29  100.8  66.8   2.1e-06   26.4   3.6   8.0   4   2   5   9   9   9   8 | TM
VITVvi_vZin03_v1.1_P689.ver1.0.g486500.p01         -          LRR_8                PF13855.12   1.4e-29  100.7  36.9   3.6e-06   25.7   5.9   7.7   3   1   6   9   9   9   8 | TM
VITVvi_vZin03_v1.1_P199.ver1.0.g308810.p01         -          LRR_8                PF13855.12   1.6e-29  100.5  54.6   2.3e-08   32.7   6.9   9.1   3   2   7  10  10   8   8 | TM
VITVvi_vZin03_v1.1_H000019F_008.ver1.0.g052710.p01 -          LRR_8                PF13855.12   1.7e-29  100.4  58.3   4.6e-07   28.5   5.2   9.4   6   3   6  12  12  11  10 | SP+TM
VITVvi_vZin03_v1.1_P32.ver1.0.g377400.p01          -          LRR_8                PF13855.12   1.8e-29  100.3  46.2     3e-09   35.5   5.5   6.6   5   2   2   7   7   6   5 | TM
VITVvi_vZin03_v1.1_P112.ver1.0.g225360.p01         -          LRR_8                PF13855.12   2.2e-29  100.0  23.0   6.9e-09   34.4   0.1   5.8   3   2   2   6   6   4   4 | SP+TM
VITVvi_vZin03_v1.1_P125.ver1.0.g241040.p01         -          LRR_8                PF13855.12   2.3e-29  100.0  81.0   1.2e-06   27.2   4.0  10.1   3   3   6  11  11  10   8 | SP+TM
VITVvi_vZin03_v1.1_H000122F_003.ver1.0.g137770.p01 -          LRR_8                PF13855.12   2.6e-29   99.8  84.0   1.2e-06   27.2   4.0  10.2   3   3   6  11  11  10   8 | SP+TM
VITVvi_vZin03_v1.1_P595.ver1.0.g468130.p01         -          LRR_8                PF13855.12   2.9e-29   99.6  59.3   9.3e-13   46.8   4.8   7.6   5   2   5  10  10   7   7 | TM
VITVvi_vZin03_v1.1_P61.ver1.0.g474820.p01          -          LRR_8                PF13855.12   3.3e-29   99.4  66.4     2e-07   29.7   6.3   8.6   2   1   9  11  11  11  11 | TM
VITVvi_vZin03_v1.1_H000230F_001.ver1.0.g175090.p01 -          LRR_8                PF13855.12   3.4e-29   99.4  89.3   3.5e-08   32.1   5.3  10.7   3   3   9  12  12  12   9 | SP+TM
VITVvi_vZin03_v1.1_P19.ver1.0.g303210.p01          -          LRR_8                PF13855.12   3.4e-29   99.4  58.7   1.5e-05   23.7   2.7   9.8   3   3   8  12  12  12  11 | SP+TM
VITVvi_vZin03_v1.1_P112.ver1.0.g225320.p01         -          LRR_8                PF13855.12   4.6e-29   99.0  44.7   1.2e-07   30.5   2.9   6.2   3   2   5   8   8   7   7 | SP+TM
VITVvi_vZin03_v1.1_P119.ver1.0.g232300.p01         -          LRR_8                PF13855.12   4.9e-29   98.9  20.1   1.2e-11   43.2   0.7   5.1   5   1   1   6   6   3   3 | SP
VITVvi_vZin03_v1.1_P240.ver1.0.g338730.p01         -          LRR_8                PF13855.12     5e-29   98.9  46.8   2.8e-09   35.6   5.0   6.3   3   2   3   6   6   6   6 | TM
VITVvi_vZin03_v1.1_P110.ver1.0.g223860.p01         -          LRR_8                PF13855.12   5.6e-29   98.7  52.8   4.4e-07   28.6   8.6   9.1   3   3   6  10  10  10   7 | TM
VITVvi_vZin03_v1.1_P53.ver1.0.g452760.p01          -          LRR_8                PF13855.12   6.1e-29   98.6  38.3   1.1e-08   33.8   9.0   5.1   4   2   1   5   5   5   5 | SP
VITVvi_vZin03_v1.1_P279.ver1.0.g355750.p01         -          LRR_8                PF13855.12   6.6e-29   98.5  61.8   7.7e-08   31.0   5.1   8.2   1   1   9  11  11  11  10 | TM
VITVvi_vZin03_v1.1_P409.ver1.0.g413660.p01         -          LRR_8                PF13855.12   7.4e-29   98.4  84.1     3e-07   29.1   5.9   8.7   4   1   7  11  11  11  11 | SP+TM
VITVvi_vZin03_v1.1_H000182F_002.ver1.0.g162340.p01 -          LRR_8                PF13855.12   9.4e-29   98.0  57.1     3e-06   25.9   1.8  10.9   8   3   2  11  11   7   6 | SP
VITVvi_vZin03_v1.1_P405.ver1.0.g413070.p01         -          LRR_8                PF13855.12   1.1e-28   97.9  75.7   9.1e-07   27.6  11.0   7.1   3   2   5   8   8   8   8 | SP
VITVvi_vZin03_v1.1_P30.ver1.0.g370750.p01          -          LRR_8                PF13855.12   2.5e-28   96.7  45.9   2.5e-11   42.2   9.0   6.0   3   2   5   8   8   5   5 | SP+TM
VITVvi_vZin03_v1.1_P516.ver1.0.g449980.p01         -          LRR_8                PF13855.12   2.6e-28   96.6  24.8   3.7e-10   38.5   5.0   5.4   2   1   1   5   5   5   5 | SP
VITVvi_vZin03_v1.1_P368.ver1.0.g393030.p01         -          LRR_8                PF13855.12   3.7e-28   96.1  68.7   4.3e-09   35.0   7.6  10.0   4   4   8  12  12  11   7 | TM
VITVvi_vZin03_v1.1_P68.ver1.0.g485320.p01          -          LRR_8                PF13855.12   4.3e-28   95.9  54.7   5.7e-06   25.0   2.5   8.4   3   2   6   9   9   7   6 | SP
VITVvi_vZin03_v1.1_H000104F_007.ver1.0.g129350.p01 -          LRR_8                PF13855.12   5.7e-28   95.5  69.7   1.1e-07   30.5   6.1   8.8   3   1   3   9   9   9   7 | SP+TM
VITVvi_vZin03_v1.1_H000099F_005.ver1.0.g125720.p01 -          LRR_8                PF13855.12   6.2e-28   95.4  43.6   1.3e-06   27.1   0.9   7.0   3   3   5   8   8   8   8 | TM
VITVvi_vZin03_v1.1_P696.ver1.0.g487530.p01         -          LRR_8                PF13855.12   6.3e-28   95.4  20.4     1e-07   30.6   0.5   5.5   4   1   0   5   5   4   4 | SP
VITVvi_vZin03_v1.1_P124.ver1.0.g240610.p01         -          LRR_8                PF13855.12     7e-28   95.2  42.8   3.8e-09   35.2   0.3   7.6   6   2   2   8   8   7   6 | SP+TM
VITVvi_vZin03_v1.1_P4.ver1.0.g408120.p01           -          LRR_8                PF13855.12   7.3e-28   95.2  58.3   4.7e-10   38.1   6.2   5.4   1   1   5   6   6   5   5 | SP+TM
VITVvi_vZin03_v1.1_P75.ver1.0.g496630.p01          -          LRR_8                PF13855.12   7.5e-28   95.1  44.0   1.3e-06   27.1   0.9   6.7   3   3   4   8   8   8   8 | TM
VITVvi_vZin03_v1.1_P261.ver1.0.g348000.p01         -          LRR_8                PF13855.12   1.6e-27   94.1  20.3   1.2e-07   30.4   0.5   5.5   4   1   0   5   5   4   4 | TM
VITVvi_vZin03_v1.1_H000158F_001.ver1.0.g154420.p01 -          LRR_8                PF13855.12   2.1e-27   93.7  79.6   5.3e-08   31.6  11.0   8.9   6   2   3   9   9   7   7 | SP+TM
VITVvi_vZin03_v1.1_P127.ver1.0.g241650.p01         -          LRR_8                PF13855.12   2.1e-27   93.7  79.6   5.3e-08   31.6  11.0   8.9   6   2   3   9   9   7   7 | SP+TM
VITVvi_vZin03_v1.1_P714.ver1.0.g493080.p01         -          LRR_8                PF13855.12   2.4e-27   93.5  52.2   7.5e-09   34.3   5.5   7.2   5   2   1   7   7   6   5 | SP
VITVvi_vZin03_v1.1_P128.ver1.0.g242160.p01         -          LRR_8                PF13855.12   2.7e-27   93.4  14.3   8.8e-11   40.4   0.2   4.6   2   2   3   5   5   5   5 | SP
VITVvi_vZin03_v1.1_P88.ver1.0.g518050.p01          -          LRR_8                PF13855.12   3.6e-27   92.9  69.9   1.1e-07   30.5   6.1   8.8   3   1   3   9   9   9   7 | SP+TM
VITVvi_vZin03_v1.1_P123.ver1.0.g239770.p01         -          LRR_8                PF13855.12   5.3e-27   92.4  66.9   1.3e-08   33.5   2.5  11.1   6   4   5  12  12   8   7 | SP+TM
VITVvi_vZin03_v1.1_H000152F_005.ver1.0.g151320.p01 -          LRR_8                PF13855.12   6.1e-27   92.2  15.0   4.9e-08   31.7   0.2   5.0   2   2   3   5   5   5   5 | SP
VITVvi_vZin03_v1.1_H000005F_004.ver1.0.g020790.p01 -          LRR_8                PF13855.12   7.1e-27   92.0  41.2   4.4e-08   31.8   7.0   5.5   3   1   2   5   5   5   5 | TM
VITVvi_vZin03_v1.1_P6.ver1.0.g471960.p01           -          LRR_8                PF13855.12   7.1e-27   92.0  41.2   4.4e-08   31.8   7.0   5.5   3   1   2   5   5   5   5 | TM
VITVvi_vZin03_v1.1_P36.ver1.0.g390290.p01          -          LRR_8                PF13855.12   8.3e-27   91.8  50.7   1.1e-05   24.1   0.5   8.3   6   2   3   9   9   7   6 | SP+TM
VITVvi_vZin03_v1.1_P249.ver1.0.g341390.p01         -          LRR_8                PF13855.12   8.7e-27   91.7  63.1   4.9e-07   28.5   4.6   9.5   6   3   3   9   9   8   6 | TM
VITVvi_vZin03_v1.1_P171.ver1.0.g289380.p01         -          LRR_8                PF13855.12     1e-26   91.5  53.9   2.9e-07   29.2   7.7   7.8   2   2   7   9   9   8   7 | TM
VITVvi_vZin03_v1.1_P677.ver1.0.g484540.p01         -          LRR_8                PF13855.12   1.2e-26   91.3  40.9   7.6e-09   34.2   4.8   7.1   5   1   2   7   7   6   4 | TM
VITVvi_vZin03_v1.1_H000104F_007.ver1.0.g129840.p01 -          LRR_8                PF13855.12   1.3e-26   91.2  58.9   1.3e-07   30.4   4.6   8.7   5   2   4  10  10   8   7 | SP+TM
VITVvi_vZin03_v1.1_P240.ver1.0.g338670.p01         -          LRR_8                PF13855.12   1.4e-26   91.0  42.0   1.3e-07   30.3   4.1   6.5   2   1   4   7   7   7   7 | SP
VITVvi_vZin03_v1.1_H000125F_002.ver1.0.g138380.p01 -          LRR_8                PF13855.12     2e-26   90.6  45.6     5e-10   38.0   6.6   4.7   3   1   2   5   5   5   5 | SP
VITVvi_vZin03_v1.1_P110.ver1.0.g224860.p01         -          LRR_8                PF13855.12     2e-26   90.6  45.6     5e-10   38.0   6.6   4.7   3   1   2   5   5   5   5 | SP
VITVvi_vZin03_v1.1_P298.ver1.0.g364010.p01         -          LRR_8                PF13855.12     2e-26   90.6  46.5   7.8e-06   24.6   4.2   8.7   4   2   3   9   9   6   6 | TM
VITVvi_vZin03_v1.1_P88.ver1.0.g518490.p01          -          LRR_8                PF13855.12   2.6e-26   90.2  59.4   1.3e-07   30.4   4.6   8.5   5   2   4  10  10   8   7 | SP+TM
VITVvi_vZin03_v1.1_H000008F_010.ver1.0.g029130.p01 -          LRR_8                PF13855.12   2.7e-26   90.1  49.8   2.2e-05   23.2   5.9   8.7   4   2   2   8   8   8   7 | TM
VITVvi_vZin03_v1.1_H000024F_012.ver1.0.g059030.p01 -          LRR_8                PF13855.12   3.4e-26   89.8  19.8   2.2e-06   26.4   0.1   6.0   1   1   5   7   7   7   7 | SP
VITVvi_vZin03_v1.1_P112.ver1.0.g225410.p01         -          LRR_8                PF13855.12   3.8e-26   89.7  40.2   1.9e-08   33.0   8.2   6.1   5   3   0   6   6   4   4 | SP+TM
VITVvi_vZin03_v1.1_P494.ver1.0.g441470.p01         -          LRR_8                PF13855.12   3.9e-26   89.6  33.8   2.4e-09   35.8   3.3   6.7   4   2   1   7   7   6   5 | TM
VITVvi_vZin03_v1.1_P9.ver1.0.g521000.p01           -          LRR_8                PF13855.12   5.1e-26   89.3  61.2   7.3e-06   24.7  11.6   9.6   4   2   4  11  11  10   9 | SP+TM
VITVvi_vZin03_v1.1_H000012F_008.ver1.0.g038420.p01 -          LRR_8                PF13855.12   5.8e-26   89.1  50.9   6.1e-07   28.1  14.0   6.6   2   2   6   8   8   8   8 | SP
VITVvi_vZin03_v1.1_P2.ver1.0.g309610.p01           -          LRR_8                PF13855.12   9.4e-26   88.4  30.0   2.9e-07   29.2   7.5   6.4   3   1   5   8   8   7   6 | SP
VITVvi_vZin03_v1.1_H000041F_010.ver1.0.g076650.p01 -          LRR_8                PF13855.12   9.6e-26   88.4  53.5   1.4e-05   23.8   0.7   8.2   6   2   2   8   8   7   6 | SP+TM
VITVvi_vZin03_v1.1_P254.ver1.0.g345160.p01         -          LRR_8                PF13855.12   3.5e-25   86.6  34.3   1.7e-14   52.4   2.3   3.9   1   1   3   4   4   4   4 | TM
VITVvi_vZin03_v1.1_P3.ver1.0.g364430.p01           -          LRR_8                PF13855.12   6.5e-25   85.7  39.2     1e-06   27.5   2.7   6.7   1   1   5   7   7   7   7 | SP
VITVvi_vZin03_v1.1_H000146F_009.ver1.0.g148750.p01 -          LRR_8                PF13855.12   8.3e-25   85.4  31.1     3e-06   26.0   0.5   5.6   6   0   0   6   6   5   5 | TM
VITVvi_vZin03_v1.1_H000095F_003.ver1.0.g124910.p01 -          LRR_8                PF13855.12   8.6e-25   85.3  44.0     1e-10   40.3   3.4   6.0   3   1   4   7   7   7   7 | TM
VITVvi_vZin03_v1.1_P7.ver1.0.g490480.p01           -          LRR_8                PF13855.12   9.1e-25   85.2  27.3   1.1e-08   33.7   0.4   4.5   3   1   0   4   4   4   4 | SP
VITVvi_vZin03_v1.1_P272.ver1.0.g353660.p01         -          LRR_8                PF13855.12   9.2e-25   85.2  44.1   2.7e-06   26.1   0.4   9.4   4   4   5   9   9   7   6 | SP+TM
VITVvi_vZin03_v1.1_H000816F_002.ver1.0.g198590.p01 -          LRR_8                PF13855.12   9.3e-25   85.2  51.9   3.1e-06   25.9   8.2   8.4   5   3   3   8   8   8   7 | SP+TM
VITVvi_vZin03_v1.1_P53.ver1.0.g453140.p01          -          LRR_8                PF13855.12   9.9e-25   85.1  37.5   1.8e-08   33.1   2.1   5.7   2   2   4   6   6   5   5 | SP+TM
VITVvi_vZin03_v1.1_H000230F_001.ver1.0.g175070.p01 -          LRR_8                PF13855.12     1e-24   85.1  57.0   4.8e-07   28.5   5.0   6.8   4   2   3   7   7   7   7 | TM
VITVvi_vZin03_v1.1_H000153F_005.ver1.0.g152830.p01 -          LRR_8                PF13855.12     1e-24   85.1  39.7   1.6e-07   30.0   2.3   5.8   2   2   4   6   6   5   5 | SP+TM
VITVvi_vZin03_v1.1_P87.ver1.0.g516380.p01          -          LRR_8                PF13855.12   1.4e-24   84.6  33.1   2.5e-06   26.2   0.7   5.8   5   1   1   6   6   5   5 | TM
VITVvi_vZin03_v1.1_P830.ver1.0.g509660.p01         -          LRR_8                PF13855.12   1.4e-24   84.6  26.3   1.1e-08   33.7   0.4   4.5   3   1   0   4   4   4   4 | SP
VITVvi_vZin03_v1.1_P287.ver1.0.g360850.p01         -          LRR_8                PF13855.12   1.7e-24   84.4  43.9   6.3e-11   40.9   2.6   6.1   3   1   3   6   6   6   6 | SP+TM
VITVvi_vZin03_v1.1_H000039F_008.ver1.0.g075100.p01 -          LRR_8                PF13855.12   1.9e-24   84.2  56.1   1.2e-05   24.0   0.4   9.1   3   3   5   9   9   9   7 | TM
VITVvi_vZin03_v1.1_P122.ver1.0.g239360.p01         -          LRR_8                PF13855.12     2e-24   84.2  66.3   5.3e-06   25.1   5.6   9.6   3   2   8  12  12  11   9 | SP
VITVvi_vZin03_v1.1_P140.ver1.0.g257870.p01         -          LRR_8                PF13855.12   2.4e-24   83.9  55.3     3e-06   25.9   6.4   7.6   2   1   7  10  10   9   9 | SP+TM
VITVvi_vZin03_v1.1_H000150F_006.ver1.0.g150270.p01 -          LRR_8                PF13855.12   2.6e-24   83.8  32.0   3.5e-08   32.1   4.3   5.3   3   2   2   5   5   5   5 | SP
VITVvi_vZin03_v1.1_P122.ver1.0.g238800.p01         -          LRR_8                PF13855.12   2.6e-24   83.8  32.0   3.5e-08   32.1   4.3   5.3   3   2   2   5   5   5   5 | SP
VITVvi_vZin03_v1.1_P140.ver1.0.g257840.p01         -          LRR_8                PF13855.12   2.7e-24   83.7  41.2   3.9e-09   35.2   2.5   9.1   8   1   0   9   9   5   3 | SP+TM
VITVvi_vZin03_v1.1_P366.ver1.0.g392730.p01         -          LRR_8                PF13855.12   3.4e-24   83.4  37.8   6.3e-10   37.7   0.7   6.2   3   2   1   5   5   5   4 | SP
VITVvi_vZin03_v1.1_P298.ver1.0.g364110.p01         -          LRR_8                PF13855.12   6.3e-24   82.6  45.5   1.5e-06   26.9   3.0   8.5   4   2   7  11  11   8   8 | TM
VITVvi_vZin03_v1.1_P286.ver1.0.g360560.p01         -          LRR_8                PF13855.12     1e-23   81.9  61.5   4.5e-06   25.4   0.4   9.4   6   3   3  10  10   7   6 | SP
VITVvi_vZin03_v1.1_P365.ver1.0.g392600.p01         -          LRR_8                PF13855.12   1.1e-23   81.8  31.8   4.8e-12   44.5   2.0   6.4   5   2   2   7   7   5   4 | SP+TM
VITVvi_vZin03_v1.1_H000028F_009.ver1.0.g066080.p01 -          LRR_8                PF13855.12   1.1e-23   81.8  29.5   1.7e-08   33.1   2.1   5.1   3   1   3   6   6   5   5 | SP
VITVvi_vZin03_v1.1_P28.ver1.0.g356240.p01          -          LRR_8                PF13855.12   1.1e-23   81.8  29.5   1.7e-08   33.1   2.1   5.1   3   1   3   6   6   5   5 | SP
VITVvi_vZin03_v1.1_P183.ver1.0.g298460.p01         -          LRR_8                PF13855.12   1.1e-23   81.7  56.8   1.2e-06   27.2   5.2   7.1   4   2   3   7   7   7   7 | TM
VITVvi_vZin03_v1.1_P73.ver1.0.g495430.p01          -          LRR_8                PF13855.12   1.5e-23   81.3  88.7   2.8e-06   26.0   4.8   9.7   1   1  13  14  14  13  12 | SP+TM
VITVvi_vZin03_v1.1_P572.ver1.0.g463530.p01         -          LRR_8                PF13855.12   3.8e-23   80.1  46.0   6.1e-10   37.7   8.2   5.9   2   2   6   8   8   8   8 | TM
VITVvi_vZin03_v1.1_P272.ver1.0.g353500.p01         -          LRR_8                PF13855.12   5.4e-23   79.6  51.1   9.5e-08   30.7   9.0   8.0   3   1   7  10  10   9   8 | SP
VITVvi_vZin03_v1.1_P127.ver1.0.g241480.p01         -          LRR_8                PF13855.12   5.5e-23   79.5  43.4   3.6e-09   35.3   4.3   6.1   2   2   2   6   6   4   4 | TM
VITVvi_vZin03_v1.1_H000074F_005.ver1.0.g111180.p01 -          LRR_8                PF13855.12   6.3e-23   79.4  72.1   1.6e-07   30.0   5.7   8.8   4   2   7  11  11  10   9 | SP
VITVvi_vZin03_v1.1_P127.ver1.0.g241470.p01         -          LRR_8                PF13855.12   6.4e-23   79.3  40.8   1.2e-09   36.9   4.4   6.2   5   1   1   6   6   5   4 | TM
VITVvi_vZin03_v1.1_P118.ver1.0.g232090.p01         -          LRR_8                PF13855.12   8.1e-23   79.0  31.9   2.9e-05   22.8   0.3   6.4   5   1   1   6   6   4   4 | SP+TM
VITVvi_vZin03_v1.1_H000027F_017.ver1.0.g065010.p01 -          LRR_8                PF13855.12   1.2e-22   78.5  68.3   5.4e-07   28.3   8.2   8.7   2   2   5   8   8   7   5 | TM
VITVvi_vZin03_v1.1_H000136F_002.ver1.0.g143730.p01 -          LRR_8                PF13855.12   1.2e-22   78.5  33.0   2.9e-05   22.8   0.3   6.4   5   1   1   6   6   4   4 | SP+TM
VITVvi_vZin03_v1.1_P32.ver1.0.g377930.p01          -          LRR_8                PF13855.12   1.2e-22   78.4  64.6   7.1e-06   24.7   7.9   9.9   4   2   7  11  11   8   5 | SP+TM
VITVvi_vZin03_v1.1_P129.ver1.0.g242950.p01         -          LRR_8                PF13855.12   1.6e-22   78.0  22.8   1.9e-07   29.8   1.3   5.5   4   2   1   5   5   4   3 | SP+TM
VITVvi_vZin03_v1.1_H000162F_003.ver1.0.g155310.p01 -          LRR_8                PF13855.12   1.6e-22   78.0  22.8   1.9e-07   29.8   1.3   5.5   4   2   1   5   5   4   3 | SP+TM
VITVvi_vZin03_v1.1_P518.ver1.0.g450220.p01         -          LRR_8                PF13855.12   1.7e-22   78.0  27.5   7.1e-09   34.4   3.3   3.3   1   1   3   4   4   4   4 | TM
VITVvi_vZin03_v1.1_P88.ver1.0.g518500.p01          -          LRR_8                PF13855.12   2.2e-22   77.6  37.4   7.3e-07   27.9   2.1   6.4   4   2   3   7   7   6   5 | TM
VITVvi_vZin03_v1.1_H000000F_019.ver1.0.g001680.p01 -          LRR_8                PF13855.12   2.3e-22   77.5  11.3   1.2e-07   30.5   0.0   4.2   2   1   2   4   4   4   4 | SP
VITVvi_vZin03_v1.1_H000000F_011.ver1.0.g000350.p01 -          LRR_8                PF13855.12   2.3e-22   77.5  11.3   1.2e-07   30.5   0.0   4.2   2   1   2   4   4   4   4 | SP
VITVvi_vZin03_v1.1_P61.ver1.0.g474720.p01          -          LRR_8                PF13855.12   2.4e-22   77.5  37.3   9.7e-08   30.7   4.2   6.4   2   1   6   8   8   7   7 | TM
VITVvi_vZin03_v1.1_P67.ver1.0.g484190.p01          -          LRR_8                PF13855.12   2.6e-22   77.4  24.2   1.3e-07   30.3   0.1   5.3   4   2   1   6   6   5   3 | TM
VITVvi_vZin03_v1.1_P516.ver1.0.g449990.p01         -          LRR_8                PF13855.12   2.8e-22   77.3  38.0   1.4e-07   30.2   1.0   6.5   5   1   0   5   5   4   4 | TM
VITVvi_vZin03_v1.1_P160.ver1.0.g280300.p01         -          LRR_8                PF13855.12   2.9e-22   77.2  49.8   1.4e-07   30.2   3.0   4.9   2   2   5   7   7   7   7 | SP
VITVvi_vZin03_v1.1_H000037F_018.ver1.0.g074900.p01 -          LRR_8                PF13855.12   3.4e-22   77.0  40.6   1.3e-06   27.0   2.9   7.0   4   2   2   6   6   5   4 | TM
VITVvi_vZin03_v1.1_P32.ver1.0.g377360.p01          -          LRR_8                PF13855.12   3.7e-22   76.9  43.6   1.1e-09   36.9   4.1   6.2   3   2   1   5   5   4   4 | TM
VITVvi_vZin03_v1.1_H000132F_003.ver1.0.g140820.p01 -          LRR_8                PF13855.12     4e-22   76.8  34.5   8.7e-12   43.7   3.3   5.5   4   2   1   5   5   4   4 | SP
VITVvi_vZin03_v1.1_P109.ver1.0.g219810.p01         -          LRR_8                PF13855.12     4e-22   76.8  34.5   8.7e-12   43.7   3.3   5.5   4   2   1   5   5   4   4 | SP
VITVvi_vZin03_v1.1_H000197F_003.ver1.0.g166280.p01 -          LRR_8                PF13855.12   4.2e-22   76.7  43.7   4.2e-07   28.7   5.3   6.6   4   1   3   7   7   6   5 | TM
VITVvi_vZin03_v1.1_H000026F_007.ver1.0.g062370.p01 -          LRR_8                PF13855.12   4.5e-22   76.6  33.5   1.6e-11   42.8   9.0   4.4   2   1   2   5   5   4   4 | SP+TM
VITVvi_vZin03_v1.1_P85.ver1.0.g511310.p01          -          LRR_8                PF13855.12   5.4e-22   76.4  28.7   3.4e-10   38.6   4.5   4.3   1   1   4   5   5   5   5 | TM
VITVvi_vZin03_v1.1_P272.ver1.0.g353760.p01         -          LRR_8                PF13855.12   6.1e-22   76.2  43.3   3.2e-05   22.6   7.1   6.5   3   1   1   6   6   5   5 | SP
VITVvi_vZin03_v1.1_P2.ver1.0.g309570.p01           -          LRR_8                PF13855.12   6.2e-22   76.2  25.7   3.8e-07   28.8   0.8   5.6   2   2   4   6   6   6   5 | SP
VITVvi_vZin03_v1.1_P15.ver1.0.g265330.p01          -          LRR_8                PF13855.12   6.7e-22   76.1  25.7   4.6e-08   31.7   1.5   4.4   2   1   0   4   4   4   4 | SP
VITVvi_vZin03_v1.1_H000012F_011.ver1.0.g038790.p01 -          LRR_8                PF13855.12   6.8e-22   76.0  44.2   2.4e-06   26.3   0.6   6.0   2   2   2   5   5   5   5 | SP
VITVvi_vZin03_v1.1_H000031F_003.ver1.0.g067950.p01 -          LRR_8                PF13855.12   6.9e-22   76.0  66.8   7.1e-06   24.7   7.9  10.0   4   2   7  11  11   8   4 | SP+TM
VITVvi_vZin03_v1.1_P26.ver1.0.g346530.p01          -          LRR_8                PF13855.12     7e-22   76.0  36.1   1.1e-09   37.0   1.0   6.5   4   2   2   7   7   6   6 | SP
VITVvi_vZin03_v1.1_P74.ver1.0.g495750.p01          -          LRR_8                PF13855.12   8.1e-22   75.8  27.1   2.6e-07   29.3   2.9   4.5   4   0   0   4   4   4   4 | TM
VITVvi_vZin03_v1.1_P155.ver1.0.g273930.p01         -          LRR_8                PF13855.12   8.5e-22   75.7  17.4   2.8e-09   35.6   0.5   4.0   3   1   0   3   3   3   3 | SP+TM
VITVvi_vZin03_v1.1_H000183F_001.ver1.0.g162680.p01 -          LRR_8                PF13855.12   2.1e-21   74.5  17.1   6.3e-09   34.5   0.4   3.7   3   1   0   3   3   3   3 | SP+TM
VITVvi_vZin03_v1.1_P368.ver1.0.g393060.p01         -          LRR_8                PF13855.12   2.4e-21   74.3  43.4   1.5e-07   30.1   5.9   5.6   3   3   0   5   5   5   4 | TM
VITVvi_vZin03_v1.1_H000086F_006.ver1.0.g120370.p01 -          LRR_8                PF13855.12   3.3e-21   73.9  58.8   8.6e-07   27.7   7.6   5.0   3   2   2   5   5   5   5 | TM
VITVvi_vZin03_v1.1_P402.ver1.0.g412650.p01         -          LRR_8                PF13855.12   4.1e-21   73.5  71.4   6.2e-06   24.9   7.7   7.1   2   2   5   8   8   7   7 | SP
VITVvi_vZin03_v1.1_H000318F_005.ver1.0.g187610.p01 -          LRR_8                PF13855.12   5.7e-21   73.1  30.7     2e-07   29.7   3.1   5.4   4   1   1   5   5   4   4 | SP+TM
VITVvi_vZin03_v1.1_H000027F_017.ver1.0.g065000.p01 -          LRR_8                PF13855.12   7.2e-21   72.8  18.8   8.6e-07   27.7   0.8   4.6   2   2   1   4   4   4   3 | SP
VITVvi_vZin03_v1.1_P405.ver1.0.g413060.p01         -          LRR_8                PF13855.12   8.9e-21   72.5  75.1   2.3e-06   26.3   4.6   9.1   1   1  10  12  12  10   9 | SP+TM
VITVvi_vZin03_v1.1_H000153F_005.ver1.0.g152800.p01 -          LRR_8                PF13855.12   9.6e-21   72.4  30.1   7.4e-09   34.3   6.3   4.5   2   1   3   5   5   4   4 | SP+TM
VITVvi_vZin03_v1.1_P405.ver1.0.g413080.p01         -          LRR_8                PF13855.12   1.2e-20   72.1  40.4   2.5e-07   29.4   2.2   6.3   1   1   5   7   7   7   6 | TM
VITVvi_vZin03_v1.1_P53.ver1.0.g456730.p01          -          LRR_8                PF13855.12   1.4e-20   71.8  76.1   1.3e-09   36.7   4.4   9.8   5   2   4  10  10   8   7 | TM
VITVvi_vZin03_v1.1_P71.ver1.0.g491630.p01          -          LRR_8                PF13855.12   2.5e-20   71.0  42.4   5.8e-08   31.4   7.2   6.1   3   3   1   5   5   5   4 | SP
VITVvi_vZin03_v1.1_P77.ver1.0.g498080.p01          -          LRR_8                PF13855.12   3.1e-20   70.7  27.0   2.3e-08   32.7   5.1   4.9   4   1   0   4   4   4   4 | SP+TM
VITVvi_vZin03_v1.1_P61.ver1.0.g474830.p01          -          LRR_8                PF13855.12   3.2e-20   70.7  56.6   5.9e-08   31.4  12.9   5.5   1   1   3   5   5   5   3 | SP
VITVvi_vZin03_v1.1_H000196F_003.ver1.0.g166120.p01 -          LRR_8                PF13855.12   3.2e-20   70.7  50.1   1.4e-06   27.0   3.5   5.0   2   2   5   7   7   7   7 | SP
VITVvi_vZin03_v1.1_P494.ver1.0.g441440.p01         -          LRR_8                PF13855.12   5.1e-20   70.0  15.0   1.6e-09   36.4   2.3   3.9   4   0   0   4   4   2   2 | TM
VITVvi_vZin03_v1.1_H000001F_021.ver1.0.g004440.p01 -          LRR_8                PF13855.12   6.4e-20   69.7  26.9   1.8e-07   29.9   3.8   6.0   4   2   0   5   5   5   3 | SP+TM
VITVvi_vZin03_v1.1_H000208F_004.ver1.0.g170000.p01 -          LRR_8                PF13855.12     7e-20   69.6  16.0   6.7e-09   34.4   8.5   3.9   1   1   2   3   3   3   3 | TM
VITVvi_vZin03_v1.1_P453.ver1.0.g429260.p01         -          LRR_8                PF13855.12   7.3e-20   69.5  21.2   1.9e-07   29.8   0.0   5.0   1   1   6   7   7   6   5 | TM
VITVvi_vZin03_v1.1_P49.ver1.0.g439440.p01          -          LRR_8                PF13855.12   1.2e-19   68.9  19.3   3.3e-07   29.0   0.7   5.7   3   2   1   5   5   4   3 | SP+TM
VITVvi_vZin03_v1.1_H000136F_002.ver1.0.g143740.p01 -          LRR_8                PF13855.12     2e-19   68.2  30.1   3.6e-06   25.7   2.8   6.3   4   1   1   6   6   5   5 | SP+TM
VITVvi_vZin03_v1.1_H000057F_001.ver1.0.g098300.p01 -          LRR_8                PF13855.12   2.1e-19   68.1  21.4   3.9e-08   32.0   0.5   5.8   3   1   4   7   7   6   6 | SP+TM
VITVvi_vZin03_v1.1_P40.ver1.0.g411730.p01          -          LRR_8                PF13855.12   2.7e-19   67.7  48.8   3.8e-07   28.8   3.7   7.9   4   3   5   9   9   7   5 | TM
VITVvi_vZin03_v1.1_H000232F_006.ver1.0.g176080.p01 -          LRR_8                PF13855.12   2.8e-19   67.7  31.9     2e-06   26.5   3.2   5.7   4   1   1   5   5   5   4 | SP+TM
VITVvi_vZin03_v1.1_H000005F_004.ver1.0.g021850.p01 -          LRR_8                PF13855.12   3.2e-19   67.5  25.5   2.2e-09   35.9   2.1   5.5   5   1   0   5   5   4   3 | SP
VITVvi_vZin03_v1.1_P6.ver1.0.g472980.p01           -          LRR_8                PF13855.12   3.2e-19   67.5  25.5   2.2e-09   35.9   2.1   5.5   5   1   0   5   5   4   3 | SP
VITVvi_vZin03_v1.1_P368.ver1.0.g393020.p01         -          LRR_8                PF13855.12   4.2e-19   67.1  52.7   7.9e-08   31.0   2.9   7.7   7   1   1   8   8   5   4 | SP
VITVvi_vZin03_v1.1_P199.ver1.0.g308710.p01         -          LRR_8                PF13855.12   4.5e-19   67.0  30.6   9.5e-08   30.7   5.5   5.6   4   2   2   6   6   4   4 | SP
VITVvi_vZin03_v1.1_P188.ver1.0.g302650.p01         -          LRR_8                PF13855.12   4.6e-19   67.0  32.1     2e-06   26.5   3.2   5.7   4   1   1   5   5   5   5 | SP+TM
VITVvi_vZin03_v1.1_H000146F_009.ver1.0.g148780.p01 -          LRR_8                PF13855.12   4.9e-19   66.9  16.7   1.8e-06   26.7   0.7   4.6   5   0   0   5   5   3   3 | TM
VITVvi_vZin03_v1.1_H000057F_001.ver1.0.g098310.p01 -          LRR_8                PF13855.12     9e-19   66.0  21.9   8.3e-09   34.1   0.8   6.1   2   2   2   6   6   5   5 | TM
VITVvi_vZin03_v1.1_H000057F_001.ver1.0.g098320.p01 -          LRR_8                PF13855.12   9.9e-19   65.9  23.6   7.4e-09   34.3   1.2   5.8   2   2   4   7   7   6   6 | SP+TM
VITVvi_vZin03_v1.1_P1.ver1.0.g208460.p01           -          LRR_8                PF13855.12   1.1e-18   65.7  34.7   1.8e-09   36.3   3.4   5.0   2   2   0   4   4   4   3 | SP+TM
VITVvi_vZin03_v1.1_P49.ver1.0.g439430.p01          -          LRR_8                PF13855.12   1.3e-18   65.6  27.2     1e-06   27.4   0.6   6.0   2   1   3   6   6   5   3 | SP+TM
VITVvi_vZin03_v1.1_H000057F_001.ver1.0.g098330.p01 -          LRR_8                PF13855.12   1.3e-18   65.5  39.0   1.5e-07   30.1   2.2   5.7   2   2   4   7   7   6   6 | SP+TM
VITVvi_vZin03_v1.1_P118.ver1.0.g232100.p01         -          LRR_8                PF13855.12   1.5e-18   65.3  31.9   1.3e-05   23.9   3.9   6.3   4   1   1   6   6   5   5 | SP+TM
VITVvi_vZin03_v1.1_P224.ver1.0.g329680.p01         -          LRR_8                PF13855.12   1.6e-18   65.2  44.5   6.3e-07   28.1   6.0   6.7   2   2   7   9   9   8   7 | TM
VITVvi_vZin03_v1.1_H000286F_002.ver1.0.g184300.p01 -          LRR_8                PF13855.12   1.8e-18   65.1  43.4   6.7e-07   28.0   6.1   6.7   2   2   6   8   8   7   7 | TM
VITVvi_vZin03_v1.1_P40.ver1.0.g411720.p01          -          LRR_8                PF13855.12   2.2e-18   64.8  54.2   8.1e-08   31.0   3.0   8.1   7   2   2   9   9   6   4 | SP
VITVvi_vZin03_v1.1_H000026F_002.ver1.0.g061810.p01 -          LRR_8                PF13855.12   2.6e-18   64.6   4.0   1.8e-08   33.1   1.0   3.4   3   0   0   3   3   2   2 | SP
VITVvi_vZin03_v1.1_P30.ver1.0.g369600.p01          -          LRR_8                PF13855.12   2.6e-18   64.6   4.0   1.8e-08   33.1   1.0   3.4   3   0   0   3   3   2   2 | SP
VITVvi_vZin03_v1.1_P714.ver1.0.g493090.p01         -          LRR_8                PF13855.12     3e-18   64.4  28.8   4.7e-08   31.7   3.2   3.7   2   2   2   4   4   4   4 | TM
VITVvi_vZin03_v1.1_P744.ver1.0.g496250.p01         -          LRR_8                PF13855.12     3e-18   64.4  28.8   4.7e-08   31.7   3.2   3.8   2   2   2   4   4   4   4 | TM
VITVvi_vZin03_v1.1_P85.ver1.0.g511410.p01          -          LRR_8                PF13855.12   3.1e-18   64.3  32.1     3e-09   35.5   4.6   5.7   4   1   2   6   6   5   3 | SP
VITVvi_vZin03_v1.1_P61.ver1.0.g474780.p01          -          LRR_8                PF13855.12   3.2e-18   64.3  30.6   5.6e-08   31.5   5.0   4.2   4   1   0   4   4   3   3 | TM
VITVvi_vZin03_v1.1_H000057F_001.ver1.0.g098290.p01 -          LRR_8                PF13855.12   3.3e-18   64.3  28.6   3.5e-06   25.7   0.9   6.0   2   1   3   6   6   5   3 | SP+TM
VITVvi_vZin03_v1.1_P49.ver1.0.g439460.p01          -          LRR_8                PF13855.12   3.5e-18   64.2  19.4   5.2e-07   28.4   0.9   5.3   2   2   4   6   6   6   6 | TM
VITVvi_vZin03_v1.1_P400.ver1.0.g412340.p01         -          LRR_8                PF13855.12   3.7e-18   64.1  18.3     8e-08   31.0   6.5   4.8   2   2   1   4   4   4   3 | SP
VITVvi_vZin03_v1.1_P85.ver1.0.g511330.p01          -          LRR_8                PF13855.12   3.9e-18   64.0  17.0   6.3e-12   44.1   4.6   2.5   2   0   0   2   2   2   2 | TM
VITVvi_vZin03_v1.1_P44.ver1.0.g426390.p01          -          LRR_8                PF13855.12     4e-18   64.0  21.3     9e-08   30.8   4.8   5.4   4   2   1   5   5   5   4 | SP+TM
VITVvi_vZin03_v1.1_P5.ver1.0.g442680.p01           -          LRR_8                PF13855.12   4.7e-18   63.7  77.5   2.2e-05   23.2   6.8   8.4   1   1   7   9   9   9   8 | SP
VITVvi_vZin03_v1.1_H000028F_008.ver1.0.g065970.p01 -          LRR_8                PF13855.12   5.4e-18   63.6   7.4   3.1e-07   29.1   0.0   5.0   2   1   1   4   4   4   4 | SP+TM
VITVvi_vZin03_v1.1_P22.ver1.0.g327530.p01          -          LRR_8                PF13855.12   5.5e-18   63.5  45.5   9.7e-08   30.7   8.7   5.5   4   3   1   5   5   4   4 | TM
VITVvi_vZin03_v1.1_P25.ver1.0.g341890.p01          -          LRR_8                PF13855.12   5.7e-18   63.5  19.4   4.4e-08   31.8   3.5   5.5   3   1   3   6   6   4   4 | SP
VITVvi_vZin03_v1.1_P41.ver1.0.g414090.p01          -          LRR_8                PF13855.12     6e-18   63.4  19.7   1.2e-09   36.8   0.7   3.4   3   0   0   3   3   3   3 | SP+TM
VITVvi_vZin03_v1.1_P9.ver1.0.g520990.p01           -          LRR_8                PF13855.12   6.2e-18   63.4  23.3   0.00089   18.0   0.0   6.5   3   1   1   6   6   5   4 | TM
VITVvi_vZin03_v1.1_H000011F_011.ver1.0.g035870.p01 -          LRR_8                PF13855.12   8.1e-18   63.0  36.9   4.5e-07   28.6   3.7   5.5   3   1   3   7   7   5   5 | SP
VITVvi_vZin03_v1.1_P11.ver1.0.g221810.p01          -          LRR_8                PF13855.12   8.1e-18   63.0  36.9   4.5e-07   28.6   3.7   5.5   3   1   3   7   7   5   5 | SP
VITVvi_vZin03_v1.1_H000027F_017.ver1.0.g064660.p01 -          LRR_8                PF13855.12   9.3e-18   62.8  19.0   4.2e-08   31.9   3.5   5.4   3   1   3   6   6   4   4 | SP
VITVvi_vZin03_v1.1_P368.ver1.0.g393070.p01         -          LRR_8                PF13855.12     1e-17   62.6  38.7   2.4e-06   26.2   8.8   7.0   4   3   3   7   7   6   4 | TM
VITVvi_vZin03_v1.1_P40.ver1.0.g411670.p01          -          LRR_8                PF13855.12     1e-17   62.6  38.7   2.4e-06   26.2   8.8   7.0   4   3   3   7   7   6   4 | TM
VITVvi_vZin03_v1.1_H000286F_001.ver1.0.g184240.p01 -          LRR_8                PF13855.12   1.6e-17   62.0  31.2     1e-08   33.8   1.6   4.7   3   1   1   5   5   4   3 | SP
VITVvi_vZin03_v1.1_P138.ver1.0.g251770.p01         -          LRR_8                PF13855.12   1.8e-17   61.9  25.2   8.3e-09   34.1   4.0   4.0   2   1   3   5   5   4   3 | TM
VITVvi_vZin03_v1.1_P128.ver1.0.g242040.p01         -          LRR_8                PF13855.12   1.8e-17   61.9  10.5   8.9e-08   30.8   2.0   4.5   3   2   2   5   5   4   4 | SP
VITVvi_vZin03_v1.1_P518.ver1.0.g450240.p01         -          LRR_8                PF13855.12   2.1e-17   61.6  25.5   2.7e-06   26.1   1.5   4.7   1   1   5   6   6   6   6 | SP
VITVvi_vZin03_v1.1_H000027F_009.ver1.0.g063990.p01 -          LRR_8                PF13855.12   2.3e-17   61.5  11.8   7.7e-07   27.8   0.9   3.6   2   1   0   3   3   3   3 | SP
VITVvi_vZin03_v1.1_P28.ver1.0.g357250.p01          -          LRR_8                PF13855.12     3e-17   61.2  11.5   2.3e-07   29.5   0.0   5.1   3   1   1   5   5   4   4 | SP+TM
VITVvi_vZin03_v1.1_H000040F_001.ver1.0.g075530.p01 -          LRR_8                PF13855.12     3e-17   61.1  18.2   2.4e-05   23.1   0.2   5.5   5   1   0   5   5   4   3 | SP+TM
VITVvi_vZin03_v1.1_P71.ver1.0.g491640.p01          -          LRR_8                PF13855.12   3.1e-17   61.1  21.0   1.1e-08   33.8   5.2   4.5   2   2   2   4   4   4   4 | TM
VITVvi_vZin03_v1.1_P279.ver1.0.g355740.p01         -          LRR_8                PF13855.12   3.1e-17   61.1  32.0     1e-07   30.6   3.8   5.0   2   1   5   7   7   6   6 | TM
VITVvi_vZin03_v1.1_H000057F_001.ver1.0.g098140.p01 -          LRR_8                PF13855.12   3.1e-17   61.1   7.6   6.3e-08   31.3   0.1   4.8   3   1   2   5   5   4   3 | SP
VITVvi_vZin03_v1.1_P269.ver1.0.g350920.p01         -          LRR_8                PF13855.12   3.3e-17   61.0  19.0   1.9e-05   23.3   0.0   4.7   2   1   1   4   4   4   4 | TM
VITVvi_vZin03_v1.1_P409.ver1.0.g413650.p01         -          LRR_8                PF13855.12   3.5e-17   60.9  27.2     2e-11   42.5   5.4   3.6   2   1   0   3   3   3   3 | TM
VITVvi_vZin03_v1.1_P49.ver1.0.g439480.p01          -          LRR_8                PF13855.12   3.6e-17   60.9  21.4   1.6e-07   30.0   2.3   5.7   2   2   2   6   6   5   5 | SP+TM
VITVvi_vZin03_v1.1_H000152F_005.ver1.0.g151200.p01 -          LRR_8                PF13855.12   4.1e-17   60.7  11.3   2.6e-07   29.3   2.5   4.7   3   2   2   5   5   4   4 | SP
VITVvi_vZin03_v1.1_P409.ver1.0.g413600.p01         -          LRR_8                PF13855.12   4.3e-17   60.7  42.8   2.2e-06   26.4   3.2   5.5   2   2   5   7   7   7   6 | TM
VITVvi_vZin03_v1.1_H000001F_017.ver1.0.g003350.p01 -          LRR_8                PF13855.12   5.5e-17   60.3  16.2   1.9e-05   23.4   0.3   4.3   2   1   1   4   4   4   4 | SP
VITVvi_vZin03_v1.1_P249.ver1.0.g341500.p01         -          LRR_8                PF13855.12   5.5e-17   60.3  15.0     9e-09   34.0   4.2   3.4   2   1   1   3   3   3   3 | TM
VITVvi_vZin03_v1.1_P133.ver1.0.g248510.p01         -          LRR_8                PF13855.12   5.7e-17   60.3  11.6   1.3e-07   30.3   1.7   3.5   2   1   1   3   3   3   2 | SP+TM
VITVvi_vZin03_v1.1_P34.ver1.0.g385100.p01          -          LRR_8                PF13855.12   5.8e-17   60.3  19.3   2.4e-05   23.1   0.2   5.6   5   1   0   5   5   4   3 | SP+TM
VITVvi_vZin03_v1.1_P193.ver1.0.g306890.p01         -          LRR_8                PF13855.12   6.6e-17   60.1  20.7   7.6e-09   34.3   4.9   5.1   3   2   2   5   5   4   2 | SP
VITVvi_vZin03_v1.1_P155.ver1.0.g274530.p01         -          LRR_8                PF13855.12   7.7e-17   59.9  18.2   6.9e-07   28.0   4.4   6.4   4   2   3   7   7   5   4 | SP+TM
VITVvi_vZin03_v1.1_P16.ver1.0.g278090.p01          -          LRR_8                PF13855.12   1.1e-16   59.3  37.6   4.8e-06   25.3   5.4   7.4   5   2   3   8   8   7   4 | SP
VITVvi_vZin03_v1.1_P88.ver1.0.g518720.p01          -          LRR_8                PF13855.12   1.6e-16   58.8  19.8   1.9e-08   33.0   3.9   5.1   3   2   2   5   5   4   2 | SP
VITVvi_vZin03_v1.1_H000169F_007.ver1.0.g157590.p01 -          LRR_8                PF13855.12   2.1e-16   58.4  11.2   1.3e-07   30.3   1.7   3.5   2   1   1   3   3   3   2 | SP+TM
VITVvi_vZin03_v1.1_P3.ver1.0.g364470.p01           -          LRR_8                PF13855.12   2.2e-16   58.4  32.8   5.8e-07   28.2   5.5   4.4   1   1   4   5   5   5   5 | TM
VITVvi_vZin03_v1.1_P53.ver1.0.g456450.p01          -          LRR_8                PF13855.12   2.2e-16   58.4  23.8   2.8e-08   32.4   1.2   4.5   2   1   2   4   4   4   3 | TM
VITVvi_vZin03_v1.1_P237.ver1.0.g336770.p01         -          LRR_8                PF13855.12   2.5e-16   58.2  23.0   4.6e-08   31.8   1.6   4.7   1   1   3   5   5   5   4 | SP
VITVvi_vZin03_v1.1_P40.ver1.0.g411710.p01          -          LRR_8                PF13855.12   2.5e-16   58.2  49.3   1.1e-08   33.7   9.7   6.4   3   3   5   8   8   8   5 | TM
VITVvi_vZin03_v1.1_P409.ver1.0.g413680.p01         -          LRR_8                PF13855.12   3.4e-16   57.8  22.2   5.1e-12   44.4   4.9   3.2   2   1   0   2   2   2   2 | TM
VITVvi_vZin03_v1.1_P49.ver1.0.g439500.p01          -          LRR_8                PF13855.12   3.4e-16   57.8  20.0   4.3e-07   28.6   0.9   5.1   3   2   1   5   5   4   4 | TM
VITVvi_vZin03_v1.1_H000019F_012.ver1.0.g053840.p01 -          LRR_8                PF13855.12   3.9e-16   57.6  26.0   0.00018   20.2   0.6   4.7   3   1   1   4   4   4   4 | TM
VITVvi_vZin03_v1.1_P654.ver1.0.g481380.p01         -          LRR_8                PF13855.12   4.5e-16   57.4  17.1   5.4e-07   28.3   0.1   4.9   3   1   3   6   6   5   5 | SP
VITVvi_vZin03_v1.1_P54.ver1.0.g457670.p01          -          LRR_8                PF13855.12   5.3e-16   57.2  33.9   5.8e-05   21.8   3.1   5.4   3   3   1   5   5   4   4 | TM
VITVvi_vZin03_v1.1_H000001F_003.ver1.0.g002250.p01 -          LRR_8                PF13855.12   6.5e-16   56.9  20.5   6.6e-09   34.4   2.8   6.0   4   1   2   7   7   4   3 | TM
VITVvi_vZin03_v1.1_P2.ver1.0.g314670.p01           -          LRR_8                PF13855.12   6.5e-16   56.9  20.5   6.6e-09   34.4   2.8   6.0   4   1   2   7   7   4   3 | TM
VITVvi_vZin03_v1.1_P165.ver1.0.g283850.p01         -          LRR_8                PF13855.12   6.8e-16   56.8  12.1   3.2e-05   22.7   0.7   5.6   4   1   0   5   5   4   3 | SP+TM
VITVvi_vZin03_v1.1_H000397F_001.ver1.0.g191480.p01 -          LRR_8                PF13855.12   7.2e-16   56.8  55.8   2.3e-06   26.3  12.4   7.8   2   2   6   9   9   7   5 | SP
VITVvi_vZin03_v1.1_H000040F_002.ver1.0.g075950.p01 -          LRR_8                PF13855.12   7.3e-16   56.7  48.5   2.4e-05   23.1   4.9   6.1   4   2   0   5   5   5   4 | SP+TM
VITVvi_vZin03_v1.1_P34.ver1.0.g384560.p01          -          LRR_8                PF13855.12   7.3e-16   56.7  48.5   2.4e-05   23.1   4.9   6.1   4   2   0   5   5   5   4 | SP+TM
VITVvi_vZin03_v1.1_P155.ver1.0.g274430.p01         -          LRR_8                PF13855.12   8.1e-16   56.6  14.9   1.1e-06   27.3   0.3   4.7   2   1   2   5   5   5   4 | SP
VITVvi_vZin03_v1.1_P654.ver1.0.g481410.p01         -          LRR_8                PF13855.12   1.5e-15   55.7  15.6   0.00019   20.2   6.9   5.0   3   1   1   4   4   4   4 | SP+TM
VITVvi_vZin03_v1.1_H000024F_012.ver1.0.g059310.p01 -          LRR_8                PF13855.12   1.8e-15   55.5  18.6   1.9e-08   32.9   3.1   3.8   3   1   1   4   4   3   3 | SP+TM
VITVvi_vZin03_v1.1_P37.ver1.0.g393910.p01          -          LRR_8                PF13855.12   1.9e-15   55.4  11.9   3.8e-09   35.2   1.1   4.2   4   0   0   4   4   3   2 | SP+TM
VITVvi_vZin03_v1.1_H000037F_013.ver1.0.g074380.p01 -          LRR_8                PF13855.12   1.9e-15   55.4  11.9   3.8e-09   35.2   1.1   4.2   4   0   0   4   4   3   2 | SP+TM
VITVvi_vZin03_v1.1_P249.ver1.0.g341330.p01         -          LRR_8                PF13855.12   2.1e-15   55.2  14.1   8.2e-10   37.3   4.3   3.3   2   1   1   3   3   3   3 | TM
VITVvi_vZin03_v1.1_P28.ver1.0.g357690.p01          -          LRR_8                PF13855.12   2.2e-15   55.2  45.4   0.00095   17.9   0.2   7.3   3   2   3   7   7   7   5 | TM
VITVvi_vZin03_v1.1_P7.ver1.0.g488190.p01           -          LRR_8                PF13855.12   2.4e-15   55.1  11.7     1e-06   27.5   2.7   3.9   3   1   1   4   4   3   3 | TM
VITVvi_vZin03_v1.1_P1.ver1.0.g208420.p01           -          LRR_8                PF13855.12   2.6e-15   55.0  15.2   1.6e-07   30.0   0.5   3.4   3   0   0   3   3   3   3 | SP+TM
VITVvi_vZin03_v1.1_H000062F_009.ver1.0.g103540.p01 -          LRR_8                PF13855.12   2.8e-15   54.9  22.1   2.9e-08   32.4   1.2   4.7   2   1   3   5   5   5   4 | SP+TM
VITVvi_vZin03_v1.1_H000053F_010.ver1.0.g093370.p01 -          LRR_8                PF13855.12     3e-15   54.7   7.7   1.1e-07   30.5   0.5   3.6   2   2   1   3   3   3   2 | SP
VITVvi_vZin03_v1.1_P52.ver1.0.g450870.p01          -          LRR_8                PF13855.12     3e-15   54.7   7.7   1.1e-07   30.5   0.5   3.6   2   2   1   3   3   3   2 | SP
VITVvi_vZin03_v1.1_P272.ver1.0.g353600.p01         -          LRR_8                PF13855.12   3.6e-15   54.5  24.9    0.0004   19.1   0.0   6.2   5   2   1   6   6   5   3 | SP
VITVvi_vZin03_v1.1_P774.ver1.0.g498390.p01         -          LRR_8                PF13855.12     4e-15   54.4  18.5   1.7e-09   36.3   5.3   3.1   1   1   2   3   3   3   3 | TM
VITVvi_vZin03_v1.1_P31.ver1.0.g374340.p01          -          LRR_8                PF13855.12   4.7e-15   54.1   8.8   4.5e-08   31.8   2.5   3.8   2   1   2   4   4   3   3 | SP+TM
VITVvi_vZin03_v1.1_P44.ver1.0.g426280.p01          -          LRR_8                PF13855.12   5.8e-15   53.8  28.8   4.7e-06   25.3   3.8   5.8   4   1   2   6   6   5   3 | TM
VITVvi_vZin03_v1.1_P155.ver1.0.g274380.p01         -          LRR_8                PF13855.12   7.5e-15   53.5  10.3   1.3e-06   27.1   4.6   5.1   4   1   0   5   5   3   2 | SP
VITVvi_vZin03_v1.1_P123.ver1.0.g239740.p01         -          LRR_8                PF13855.12     8e-15   53.4  19.3   3.8e-09   35.2   2.4   4.1   2   2   2   4   4   4   3 | TM
VITVvi_vZin03_v1.1_H000019F_012.ver1.0.g053440.p01 -          LRR_8                PF13855.12   8.3e-15   53.3  13.8     5e-07   28.4   0.0   3.4   3   0   0   3   3   3   3 | SP+TM
VITVvi_vZin03_v1.1_H000040F_002.ver1.0.g075940.p01 -          LRR_8                PF13855.12   8.6e-15   53.3  48.2     1e-05   24.3   6.7   5.7   3   1   4   7   7   6   5 | SP+TM
VITVvi_vZin03_v1.1_P34.ver1.0.g384550.p01          -          LRR_8                PF13855.12   8.6e-15   53.3  48.2     1e-05   24.3   6.7   5.7   3   1   4   7   7   6   5 | SP+TM
VITVvi_vZin03_v1.1_P302.ver1.0.g372040.p01         -          LRR_8                PF13855.12   9.2e-15   53.2  19.0   3.5e-10   38.5   6.8   1.9   1   1   1   2   2   2   2 | TM
VITVvi_vZin03_v1.1_P46.ver1.0.g432560.p01          -          LRR_8                PF13855.12   1.2e-14   52.8  37.6   2.9e-06   26.0   4.8   5.8   2   1   5   7   7   7   5 | SP+TM
VITVvi_vZin03_v1.1_H000070F_007.ver1.0.g109950.p01 -          LRR_8                PF13855.12   1.8e-14   52.3  27.7   1.7e-07   30.0   3.2   4.5   2   1   1   4   4   4   2 | SP+TM
VITVvi_vZin03_v1.1_P49.ver1.0.g439310.p01          -          LRR_8                PF13855.12   1.9e-14   52.2  11.3   4.8e-06   25.3   0.0   4.7   3   1   2   5   5   4   3 | SP+TM
VITVvi_vZin03_v1.1_P38.ver1.0.g397860.p01          -          LRR_8                PF13855.12   2.1e-14   52.0  16.3   9.2e-08   30.8   1.7   4.0   2   2   2   4   4   3   2 | SP
VITVvi_vZin03_v1.1_P71.ver1.0.g491860.p01          -          LRR_8                PF13855.12   2.5e-14   51.8  11.9   7.2e-06   24.7   1.0   4.2   1   1   3   4   4   4   4 | SP+TM
VITVvi_vZin03_v1.1_H000057F_001.ver1.0.g098100.p01 -          LRR_8                PF13855.12   3.1e-14   51.5   9.5   2.6e-06   26.2   0.1   4.6   3   1   2   5   5   4   3 | SP+TM
VITVvi_vZin03_v1.1_P49.ver1.0.g439490.p01          -          LRR_8                PF13855.12   3.2e-14   51.5  23.1   7.3e-08   31.1   1.0   6.2   2   2   4   7   7   6   5 | TM
VITVvi_vZin03_v1.1_P58.ver1.0.g464310.p01          -          LRR_8                PF13855.12   3.3e-14   51.4  14.5   5.4e-06   25.1   0.3   4.1   2   1   2   4   4   4   4 | SP
VITVvi_vZin03_v1.1_H000152F_005.ver1.0.g151210.p01 -          LRR_8                PF13855.12   3.6e-14   51.3  17.0   2.1e-06   26.4   1.5   5.5   2   2   4   6   6   5   5 | SP
VITVvi_vZin03_v1.1_P123.ver1.0.g239750.p01         -          LRR_8                PF13855.12   4.1e-14   51.1  33.6   8.6e-07   27.7   7.4   6.2   3   2   4   7   7   4   4 | SP
VITVvi_vZin03_v1.1_H000192F_007.ver1.0.g165250.p01 -          LRR_8                PF13855.12   4.8e-14   50.9   9.0   1.2e-06   27.2   2.1   5.1   4   1   1   5   5   4   2 | SP+TM
VITVvi_vZin03_v1.1_H000008F_010.ver1.0.g029140.p01 -          LRR_8                PF13855.12     5e-14   50.9  21.6     4e-06   25.5  11.6   4.1   1   1   3   5   5   5   5 | TM
VITVvi_vZin03_v1.1_P479.ver1.0.g436670.p01         -          LRR_8                PF13855.12     5e-14   50.8  35.9   1.1e-07   30.6   7.8   5.1   3   2   2   5   5   5   3 | TM
VITVvi_vZin03_v1.1_P265.ver1.0.g349510.p01         -          LRR_8                PF13855.12   5.8e-14   50.7  14.3   3.8e-10   38.4   1.8   4.8   4   0   0   4   4   3   2 | SP+TM
VITVvi_vZin03_v1.1_P155.ver1.0.g274500.p01         -          LRR_8                PF13855.12   6.1e-14   50.6  25.0   0.00025   19.8   7.1   6.6   3   3   5   8   8   7   5 | SP+TM
VITVvi_vZin03_v1.1_P10.ver1.0.g211750.p01          -          LRR_8                PF13855.12   6.7e-14   50.4  14.2   3.1e-10   38.7   1.6   4.8   4   0   0   4   4   3   2 | SP+TM
VITVvi_vZin03_v1.1_P24.ver1.0.g337510.p01          -          LRR_8                PF13855.12   7.2e-14   50.3  39.6     6e-06   25.0   2.3   5.8   1   1   7   8   8   7   6 | SP
VITVvi_vZin03_v1.1_H000060F_006.ver1.0.g101630.p01 -          LRR_8                PF13855.12   7.6e-14   50.3  37.8     2e-07   29.7   7.7   5.6   3   1   4   7   7   5   4 | SP+TM
VITVvi_vZin03_v1.1_P85.ver1.0.g512570.p01          -          LRR_8                PF13855.12   8.1e-14   50.2  15.8   1.7e-07   29.9   2.5   3.4   3   0   0   3   3   2   2 | SP+TM
VITVvi_vZin03_v1.1_P3.ver1.0.g364420.p01           -          LRR_8                PF13855.12   9.2e-14   50.0   1.3   3.9e-13   48.0   1.1   2.1   1   1   0   1   1   1   1 | TM
VITVvi_vZin03_v1.1_P50.ver1.0.g446890.p01          -          LRR_8                PF13855.12   9.3e-14   50.0  37.8     2e-07   29.7   7.7   5.8   3   1   0   5   5   4   3 | SP+TM
VITVvi_vZin03_v1.1_H000002F_005.ver1.0.g008250.p01 -          LRR_8                PF13855.12   9.4e-14   50.0   4.3   3.5e-07   28.9   0.1   3.1   3   1   1   4   4   2   2 | SP
VITVvi_vZin03_v1.1_H000214F_005.ver1.0.g172290.p01 -          LRR_8                PF13855.12     1e-13   49.9  23.9   3.2e-08   32.3   3.4   4.3   1   1   3   5   5   3   3 | SP+TM
VITVvi_vZin03_v1.1_P98.ver1.0.g532800.p01          -          LRR_8                PF13855.12   1.2e-13   49.7   9.4   6.6e-07   28.0   0.4   3.7   2   1   3   5   5   4   4 | SP
VITVvi_vZin03_v1.1_H000057F_001.ver1.0.g098340.p01 -          LRR_8                PF13855.12   1.2e-13   49.7  23.6   9.2e-08   30.8   1.2   6.1   2   2   6   8   8   6   4 | TM
VITVvi_vZin03_v1.1_P341.ver1.0.g385630.p01         -          LRR_8                PF13855.12   1.2e-13   49.6   9.4   6.7e-07   28.0   0.4   3.7   2   1   3   5   5   4   4 | SP
VITVvi_vZin03_v1.1_H000707F_001.ver1.0.g197880.p01 -          LRR_8                PF13855.12   1.3e-13   49.6  44.4   5.9e-07   28.2   1.6   6.4   2   2   3   6   6   5   3 | TM
VITVvi_vZin03_v1.1_H000016F_011.ver1.0.g047830.p01 -          LRR_8                PF13855.12   1.6e-13   49.3   8.9   8.5e-07   27.7   0.5   3.6   3   1   0   3   3   2   2 | SP
VITVvi_vZin03_v1.1_P17.ver1.0.g287030.p01          -          LRR_8                PF13855.12   1.9e-13   49.0   9.6   8.5e-07   27.7   0.5   3.6   3   1   0   3   3   2   2 | SP
VITVvi_vZin03_v1.1_H000057F_001.ver1.0.g098260.p01 -          LRR_8                PF13855.12     3e-13   48.3  10.9   4.6e-06   25.3   0.4   4.8   3   1   1   5   5   4   2 | SP+TM
VITVvi_vZin03_v1.1_P165.ver1.0.g283870.p01         -          LRR_8                PF13855.12   3.2e-13   48.3  20.8   4.5e-05   22.2   5.5   5.6   2   2   3   5   5   5   4 | SP
VITVvi_vZin03_v1.1_P49.ver1.0.g439400.p01          -          LRR_8                PF13855.12   4.9e-13   47.7  13.1   4.6e-06   25.4   0.4   5.0   3   1   2   5   5   4   3 | SP+TM
VITVvi_vZin03_v1.1_P478.ver1.0.g436530.p01         -          LRR_8                PF13855.12   5.8e-13   47.4   8.8   1.2e-06   27.2   3.2   4.2   2   1   2   4   4   3   2 | TM
VITVvi_vZin03_v1.1_P272.ver1.0.g353470.p01         -          LRR_8                PF13855.12   6.1e-13   47.4  11.6    0.0022   16.7   0.0   5.7   3   2   2   5   5   5   3 | SP
VITVvi_vZin03_v1.1_P214.ver1.0.g323840.p01         -          LRR_8                PF13855.12   6.7e-13   47.2  29.6   9.6e-09   33.9   5.3   6.1   5   2   1   7   7   3   3 | SP
VITVvi_vZin03_v1.1_P148.ver1.0.g264120.p01         -          LRR_8                PF13855.12   6.7e-13   47.2  23.9   8.1e-06   24.6   2.0   4.2   2   1   2   4   4   4   3 | TM
VITVvi_vZin03_v1.1_H000103F_002.ver1.0.g128470.p01 -          LRR_8                PF13855.12   6.8e-13   47.2  15.8   3.5e-07   28.9   2.5   3.4   3   0   0   3   3   2   2 | SP+TM
VITVvi_vZin03_v1.1_P165.ver1.0.g284160.p01         -          LRR_8                PF13855.12   6.9e-13   47.2  20.7   1.8e-07   29.9   4.3   5.4   2   2   3   6   6   4   4 | SP
VITVvi_vZin03_v1.1_P201.ver1.0.g317190.p01         -          LRR_8                PF13855.12   8.9e-13   46.8  36.6   0.00066   18.4   6.2   5.6   4   1   1   5   5   5   4 | SP+TM
VITVvi_vZin03_v1.1_P113.ver1.0.g227580.p01         -          LRR_8                PF13855.12   9.9e-13   46.7  25.3   9.5e-10   37.1   6.2   3.6   1   1   1   3   3   2   2 | SP+TM
VITVvi_vZin03_v1.1_H000139F_004.ver1.0.g144560.p01 -          LRR_8                PF13855.12   1.1e-12   46.6   7.4   1.3e-06   27.1   1.3   3.7   2   1   2   4   4   3   3 | SP
VITVvi_vZin03_v1.1_H000060F_006.ver1.0.g101610.p01 -          LRR_8                PF13855.12   1.1e-12   46.6  37.1   7.9e-07   27.8   8.0   5.9   3   1   2   6   6   5   4 | SP+TM
VITVvi_vZin03_v1.1_P119.ver1.0.g232260.p01         -          LRR_8                PF13855.12   1.1e-12   46.5   7.4   1.3e-06   27.1   1.3   3.7   2   1   2   4   4   3   3 | SP
VITVvi_vZin03_v1.1_H000299F_003.ver1.0.g186330.p01 -          LRR_8                PF13855.12   1.2e-12   46.4  27.9   0.00085   18.1   7.8   5.7   2   2   5   7   7   7   6 | SP+TM
VITVvi_vZin03_v1.1_P498.ver1.0.g441560.p01         -          LRR_8                PF13855.12   1.2e-12   46.4   6.6   4.5e-07   28.6   4.4   3.7   3   0   0   3   3   3   1 | TM
VITVvi_vZin03_v1.1_P165.ver1.0.g283860.p01         -          LRR_8                PF13855.12   1.7e-12   45.9  10.4   8.5e-05   21.3   3.0   5.1   3   1   3   6   6   5   3 | SP+TM
VITVvi_vZin03_v1.1_P479.ver1.0.g436690.p01         -          LRR_8                PF13855.12     2e-12   45.7  25.5   4.4e-06   25.4   4.8   3.8   2   1   1   3   3   3   3 | SP
VITVvi_vZin03_v1.1_H000008F_010.ver1.0.g029150.p01 -          LRR_8                PF13855.12     2e-12   45.7  19.1   3.1e-05   22.7   3.5   4.2   1   1   3   5   5   5   5 | SP
VITVvi_vZin03_v1.1_P339.ver1.0.g384120.p01         -          LRR_8                PF13855.12   2.1e-12   45.6  22.1     4e-05   22.3   8.2   4.7   3   2   2   5   5   5   4 | SP
VITVvi_vZin03_v1.1_P50.ver1.0.g446870.p01          -          LRR_8                PF13855.12   2.2e-12   45.6  38.2   2.4e-06   26.2   9.6   6.0   2   2   2   6   6   5   4 | SP+TM
VITVvi_vZin03_v1.1_P14.ver1.0.g255960.p01          -          LRR_8                PF13855.12     3e-12   45.2   8.6   6.7e-12   44.0   8.6   1.7   1   0   0   1   1   1   1 | TM
VITVvi_vZin03_v1.1_H000192F_007.ver1.0.g165260.p01 -          LRR_8                PF13855.12   3.1e-12   45.1  20.8   8.2e-05   21.3   5.3   5.4   2   2   3   5   5   5   4 | SP+TM
VITVvi_vZin03_v1.1_P261.ver1.0.g347930.p01         -          LRR_8                PF13855.12   3.1e-12   45.1  19.1   6.7e-08   31.2   5.6   4.0   2   1   3   6   6   4   4 | SP+TM
VITVvi_vZin03_v1.1_P529.ver1.0.g452620.p01         -          LRR_8                PF13855.12   3.1e-12   45.1  19.1   6.7e-08   31.2   5.6   4.0   2   1   3   6   6   4   4 | SP+TM
VITVvi_vZin03_v1.1_H000013F_002.ver1.0.g040860.p01 -          LRR_8                PF13855.12   3.5e-12   44.9   7.9   4.6e-12   44.6   6.7   1.9   2   0   0   2   2   1   1 | TM
VITVvi_vZin03_v1.1_P14.ver1.0.g255980.p01          -          LRR_8                PF13855.12   3.7e-12   44.9   7.7   7.9e-12   43.8   7.7   1.6   1   0   0   1   1   1   1 | TM
VITVvi_vZin03_v1.1_P194.ver1.0.g307500.p01         -          LRR_8                PF13855.12   3.9e-12   44.8   9.2   5.7e-08   31.5   1.1   2.8   3   0   0   3   3   2   2 | SP+TM
VITVvi_vZin03_v1.1_P157.ver1.0.g276780.p01         -          LRR_8                PF13855.12   5.4e-12   44.3   9.2   6.6e-08   31.3   1.1   2.8   3   0   0   3   3   2   2 | TM
VITVvi_vZin03_v1.1_P298.ver1.0.g363980.p01         -          LRR_8                PF13855.12   6.7e-12   44.0  16.5   4.2e-08   31.9   2.7   3.4   2   1   0   3   3   3   2 | TM
VITVvi_vZin03_v1.1_H000061F_001.ver1.0.g102160.p01 -          LRR_8                PF13855.12   7.5e-12   43.9  35.6   2.5e-05   23.0   1.6   6.2   1   1   7   8   8   7   5 | SP
VITVvi_vZin03_v1.1_H000041F_010.ver1.0.g076380.p01 -          LRR_8                PF13855.12   7.7e-12   43.8   9.7   1.3e-06   27.1   6.8   2.7   2   0   0   2   2   2   2 | SP+TM
VITVvi_vZin03_v1.1_P36.ver1.0.g390010.p01          -          LRR_8                PF13855.12   7.7e-12   43.8   9.7   1.3e-06   27.1   6.8   2.7   2   0   0   2   2   2   2 | SP+TM
VITVvi_vZin03_v1.1_P3.ver1.0.g367860.p01           -          LRR_8                PF13855.12   8.8e-12   43.7   7.4   2.2e-05   23.2   0.2   2.7   2   0   0   2   2   2   2 | SP+TM
VITVvi_vZin03_v1.1_P122.ver1.0.g239370.p01         -          LRR_8                PF13855.12     1e-11   43.5   4.8     1e-11   43.5   4.8   2.6   3   0   0   3   3   1   1 | TM
VITVvi_vZin03_v1.1_P14.ver1.0.g255950.p01          -          LRR_8                PF13855.12   1.1e-11   43.4   6.6   2.3e-11   42.3   6.6   1.6   1   0   0   1   1   1   1 | SP+TM
VITVvi_vZin03_v1.1_H000013F_003.ver1.0.g041060.p01 -          LRR_8                PF13855.12   1.1e-11   43.3   5.7   2.4e-11   42.3   5.7   1.6   1   0   0   1   1   1   1 | SP+TM
VITVvi_vZin03_v1.1_H000013F_002.ver1.0.g040830.p01 -          LRR_8                PF13855.12   1.1e-11   43.3   6.6   2.3e-11   42.3   6.6   1.6   1   0   0   1   1   1   1 | SP+TM
VITVvi_vZin03_v1.1_P22.ver1.0.g327660.p01          -          LRR_8                PF13855.12   1.2e-11   43.2  12.1   4.6e-08   31.7   8.2   3.4   2   1   1   3   3   3   2 | TM
VITVvi_vZin03_v1.1_H000135F_008.ver1.0.g143140.p01 -          LRR_8                PF13855.12   1.2e-11   43.2   4.7   7.3e-09   34.3   0.1   3.6   2   1   0   3   3   2   1 | SP+TM
VITVvi_vZin03_v1.1_P14.ver1.0.g256140.p01          -          LRR_8                PF13855.12   1.3e-11   43.1   5.7   2.7e-11   42.1   5.7   1.6   1   0   0   1   1   1   1 | SP+TM
VITVvi_vZin03_v1.1_H000013F_002.ver1.0.g040840.p01 -          LRR_8                PF13855.12   1.4e-11   43.0   9.0   3.1e-11   41.9   9.0   1.6   1   0   0   1   1   1   1 | TM
VITVvi_vZin03_v1.1_P2.ver1.0.g309580.p01           -          LRR_8                PF13855.12   1.6e-11   42.9  16.1   1.5e-05   23.7   4.5   4.1   4   1   1   5   5   2   2 | SP
VITVvi_vZin03_v1.1_P779.ver1.0.g498650.p01         -          LRR_8                PF13855.12   1.6e-11   42.8  13.9   0.00029   19.6   2.3   3.7   2   1   0   3   3   3   3 | TM
VITVvi_vZin03_v1.1_P111.ver1.0.g225050.p01         -          LRR_8                PF13855.12   1.7e-11   42.7   4.4   7.3e-09   34.3   0.1   3.6   2   1   0   3   3   2   1 | SP+TM
VITVvi_vZin03_v1.1_H000091F_004.ver1.0.g121840.p01 -          LRR_8                PF13855.12   1.7e-11   42.7   9.1     3e-06   25.9   0.6   2.6   2   0   0   2   2   2   2 | SP+TM
VITVvi_vZin03_v1.1_P80.ver1.0.g505240.p01          -          LRR_8                PF13855.12   1.7e-11   42.7   9.1     3e-06   25.9   0.6   2.6   2   0   0   2   2   2   2 | SP+TM
VITVvi_vZin03_v1.1_P689.ver1.0.g486520.p01         -          LRR_8                PF13855.12   1.7e-11   42.7  11.2   9.4e-06   24.4   0.6   2.4   2   0   0   2   2   2   2 | TM
VITVvi_vZin03_v1.1_H000183F_001.ver1.0.g162810.p01 -          LRR_8                PF13855.12     2e-11   42.5  32.6   1.6e-08   33.2   4.7   5.6   4   1   0   6   6   3   3 | SP+TM
VITVvi_vZin03_v1.1_H000183F_001.ver1.0.g162640.p01 -          LRR_8                PF13855.12     2e-11   42.5  12.0     1e-08   33.9   1.6   2.1   1   1   1   2   2   2   2 | SP+TM
VITVvi_vZin03_v1.1_H000050F_004.ver1.0.g089470.p01 -          LRR_8                PF13855.12   2.1e-11   42.5  16.9   3.6e-07   28.9   3.1   3.7   2   1   1   3   3   3   3 | SP+TM
VITVvi_vZin03_v1.1_P14.ver1.0.g254180.p01          -          LRR_8                PF13855.12   2.9e-11   42.0   6.4   4.8e-06   25.3   0.3   3.8   3   1   1   4   4   3   2 | SP+TM
VITVvi_vZin03_v1.1_H000055F_002.ver1.0.g095890.p01 -          LRR_8                PF13855.12   2.9e-11   42.0   6.4   2.1e-08   32.8   1.6   3.1   3   0   0   3   3   2   2 | TM
VITVvi_vZin03_v1.1_H000052F_011.ver1.0.g091920.p01 -          LRR_8                PF13855.12   2.9e-11   42.0  25.9   6.8e-07   28.0   9.1   4.7   1   1   4   5   5   5   5 | SP+TM
VITVvi_vZin03_v1.1_H000183F_003.ver1.0.g162960.p01 -          LRR_8                PF13855.12   2.9e-11   42.0  11.9   1.1e-08   33.7   1.5   2.1   1   1   1   2   2   2   2 | SP+TM
VITVvi_vZin03_v1.1_P37.ver1.0.g394480.p01          -          LRR_8                PF13855.12     3e-11   42.0  12.8   1.4e-07   30.2   5.8   3.6   3   1   1   4   4   3   3 | TM
VITVvi_vZin03_v1.1_H000029F_002.ver1.0.g066660.p01 -          LRR_8                PF13855.12   3.6e-11   41.7  12.8   5.1e-07   28.4   1.0   2.9   2   1   2   4   4   3   3 | TM
VITVvi_vZin03_v1.1_P49.ver1.0.g439330.p01          -          LRR_8                PF13855.12   3.8e-11   41.6   0.2   0.00087   18.0   0.1   3.5   2   1   1   3   3   2   2 | TM
VITVvi_vZin03_v1.1_P150.ver1.0.g269620.p01         -          LRR_8                PF13855.12   3.9e-11   41.6   8.9   1.3e-08   33.5   0.7   4.1   3   1   1   4   4   2   2 | SP+TM
VITVvi_vZin03_v1.1_P14.ver1.0.g255970.p01          -          LRR_8                PF13855.12   4.1e-11   41.5   6.3     8e-11   40.6   6.3   1.5   1   0   0   1   1   1   1 | SP+TM
VITVvi_vZin03_v1.1_H000052F_006.ver1.0.g090990.p01 -          LRR_8                PF13855.12   4.3e-11   41.5  18.3   1.8e-10   39.4   6.7   3.2   2   1   1   3   3   2   2 | SP+TM
VITVvi_vZin03_v1.1_P155.ver1.0.g273990.p01         -          LRR_8                PF13855.12   4.7e-11   41.3  10.7     2e-05   23.3   0.7   2.5   2   0   0   2   2   2   2 | SP+TM
VITVvi_vZin03_v1.1_P9.ver1.0.g525040.p01           -          LRR_8                PF13855.12   4.8e-11   41.3   6.8   2.5e-08   32.6   1.6   3.1   3   0   0   3   3   2   2 | SP+TM
VITVvi_vZin03_v1.1_H000165F_007.ver1.0.g156210.p01 -          LRR_8                PF13855.12   5.1e-11   41.2  38.0   3.6e-08   32.1   8.1   6.4   3   2   5   8   8   5   4 | SP+TM
VITVvi_vZin03_v1.1_P131.ver1.0.g246520.p01         -          LRR_8                PF13855.12   5.1e-11   41.2  38.0   3.6e-08   32.1   8.1   6.4   3   2   5   8   8   5   4 | SP+TM
VITVvi_vZin03_v1.1_P44.ver1.0.g426380.p01          -          LRR_8                PF13855.12   5.2e-11   41.2  33.9   5.5e-05   21.9   1.6   5.8   2   2   5   7   7   6   3 | SP+TM
VITVvi_vZin03_v1.1_P14.ver1.0.g256150.p01          -          LRR_8                PF13855.12   5.4e-11   41.1   8.1   5.4e-11   41.1   8.1   2.0   2   0   0   2   2   1   1 | SP+TM
VITVvi_vZin03_v1.1_P658.ver1.0.g481500.p01         -          LRR_8                PF13855.12   5.4e-11   41.1  10.3   1.7e-07   29.9   0.7   2.8   2   0   0   2   2   2   2 | TM
VITVvi_vZin03_v1.1_H000443F_002.ver1.0.g193500.p01 -          LRR_8                PF13855.12   5.6e-11   41.1   5.1    0.0011   17.7   0.0   4.6   4   2   1   5   5   4   2 | SP
VITVvi_vZin03_v1.1_H000121F_001.ver1.0.g136960.p01 -          LRR_8                PF13855.12   5.8e-11   41.0  14.5   1.8e-08   33.0   1.0   3.2   3   0   0   3   3   2   2 | SP+TM
VITVvi_vZin03_v1.1_P98.ver1.0.g533280.p01          -          LRR_8                PF13855.12   5.8e-11   41.0  14.5   1.8e-08   33.0   1.0   3.2   3   0   0   3   3   2   2 | SP+TM
VITVvi_vZin03_v1.1_P34.ver1.0.g384230.p01          -          LRR_8                PF13855.12   5.9e-11   41.0  26.5   0.00082   18.1   7.8   5.2   2   2   4   6   6   6   5 | SP+TM
VITVvi_vZin03_v1.1_H000244F_004.ver1.0.g178710.p01 -          LRR_8                PF13855.12   6.5e-11   40.9  22.9   0.00035   19.3   3.1   4.5   3   1   1   4   4   4   3 | SP
VITVvi_vZin03_v1.1_P14.ver1.0.g256040.p01          -          LRR_8                PF13855.12   7.1e-11   40.8   6.6   1.8e-10   39.4   6.6   1.8   1   0   0   1   1   1   1 | SP+TM
VITVvi_vZin03_v1.1_H000060F_006.ver1.0.g101600.p01 -          LRR_8                PF13855.12   7.6e-11   40.7  37.7   2.2e-05   23.2   9.5   5.8   3   1   3   6   6   4   3 | SP+TM
VITVvi_vZin03_v1.1_H000048F_010.ver1.0.g086610.p01 -          LRR_8                PF13855.12     8e-11   40.6   2.8   3.2e-08   32.2   1.2   2.8   2   0   0   2   2   2   1 | SP+TM
VITVvi_vZin03_v1.1_P12.ver1.0.g235320.p01          -          LRR_8                PF13855.12   8.1e-11   40.6  18.0   3.8e-06   25.6   4.9   3.7   2   1   1   3   3   3   3 | SP+TM
VITVvi_vZin03_v1.1_P50.ver1.0.g446860.p01          -          LRR_8                PF13855.12   8.5e-11   40.5  39.9   2.2e-05   23.2   9.5   5.8   3   1   3   6   6   5   3 | SP+TM
VITVvi_vZin03_v1.1_H000181F_005.ver1.0.g161380.p01 -          LRR_8                PF13855.12   8.8e-11   40.5   9.7     6e-08   31.4   1.1   4.1   3   1   1   4   4   2   2 | SP+TM
VITVvi_vZin03_v1.1_H000790F_001.ver1.0.g198410.p01 -          LRR_8                PF13855.12   1.2e-10   40.1  35.1   6.1e-06   24.9   5.7   3.7   1   1   3   4   4   4   4 | TM
VITVvi_vZin03_v1.1_P14.ver1.0.g253620.p01          -          LRR_8                PF13855.12   1.4e-10   39.9  22.3   8.9e-10   37.2   7.2   3.8   2   1   2   4   4   3   2 | SP+TM
VITVvi_vZin03_v1.1_P12.ver1.0.g234840.p01          -          LRR_8                PF13855.12   1.4e-10   39.8  17.4   1.6e-07   30.0   0.1   4.5   3   1   1   4   4   2   2 | TM
VITVvi_vZin03_v1.1_H000464F_001.ver1.0.g194280.p01 -          LRR_8                PF13855.12   1.4e-10   39.8   6.5   5.4e-08   31.5   5.5   2.5   1   1   1   2   2   2   2 | TM
VITVvi_vZin03_v1.1_P288.ver1.0.g360900.p01         -          LRR_8                PF13855.12   1.6e-10   39.6  19.6   4.7e-05   22.1   6.0   5.3   2   2   3   6   6   6   4 | TM
VITVvi_vZin03_v1.1_P13.ver1.0.g245140.p01          -          LRR_8                PF13855.12   1.8e-10   39.5  24.7   7.6e-06   24.6   5.2   4.4   2   2   2   4   4   4   4 | TM
VITVvi_vZin03_v1.1_H000013F_002.ver1.0.g040880.p01 -          LRR_8                PF13855.12   1.8e-10   39.4   7.5   3.6e-10   38.5   7.5   1.5   1   0   0   1   1   1   1 | TM
VITVvi_vZin03_v1.1_P414.ver1.0.g417810.p01         -          LRR_8                PF13855.12     2e-10   39.3  15.4    0.0057   15.4   0.7   5.0   2   1   3   5   5   5   3 | SP
VITVvi_vZin03_v1.1_P397.ver1.0.g402930.p01         -          LRR_8                PF13855.12   2.2e-10   39.2   9.2   5.8e-08   31.4   4.9   2.6   2   0   0   2   2   2   1 | TM
VITVvi_vZin03_v1.1_P14.ver1.0.g256000.p01          -          LRR_8                PF13855.12   2.3e-10   39.1   7.5   4.4e-10   38.2   7.5   1.5   1   0   0   1   1   1   1 | SP+TM
VITVvi_vZin03_v1.1_P50.ver1.0.g446880.p01          -          LRR_8                PF13855.12   2.3e-10   39.1  30.8   4.3e-07   28.6   8.6   5.3   3   1   3   6   6   4   2 | SP+TM
VITVvi_vZin03_v1.1_H000373F_003.ver1.0.g190780.p01 -          LRR_8                PF13855.12   2.7e-10   38.9  17.8   2.2e-05   23.2   5.3   5.2   2   2   3   6   6   5   4 | TM
VITVvi_vZin03_v1.1_P499.ver1.0.g441670.p01         -          LRR_8                PF13855.12   2.7e-10   38.9   2.5   2.7e-10   38.9   2.5   2.3   2   1   0   2   2   1   1 | SP+TM
VITVvi_vZin03_v1.1_H000397F_002.ver1.0.g191500.p01 -          LRR_8                PF13855.12   2.7e-10   38.9  37.2   0.00021   20.0   5.1   5.8   2   2   5   7   7   6   6 | SP
VITVvi_vZin03_v1.1_H000012F_018.ver1.0.g039950.p01 -          LRR_8                PF13855.12   2.9e-10   38.8  24.6   8.6e-06   24.5   5.2   4.4   2   2   2   4   4   4   4 | TM
VITVvi_vZin03_v1.1_P90.ver1.0.g527010.p01          -          LRR_8                PF13855.12   3.3e-10   38.6  18.8   0.00021   20.0   0.1   4.0   3   1   0   4   4   3   3 | SP+TM
VITVvi_vZin03_v1.1_P408.ver1.0.g413520.p01         -          LRR_8                PF13855.12   3.7e-10   38.4  17.1   2.2e-05   23.2   1.7   3.2   2   1   1   3   3   3   2 | SP+TM
VITVvi_vZin03_v1.1_P361.ver1.0.g391890.p01         -          LRR_8                PF13855.12   3.7e-10   38.4  17.1   2.2e-05   23.2   1.7   3.2   2   1   1   3   3   3   2 | SP+TM
VITVvi_vZin03_v1.1_H000013F_003.ver1.0.g040980.p01 -          LRR_8                PF13855.12   3.8e-10   38.4   8.2   1.2e-09   36.9   7.7   2.2   2   0   0   2   2   1   1 | SP+TM
VITVvi_vZin03_v1.1_H000060F_006.ver1.0.g101620.p01 -          LRR_8                PF13855.12     4e-10   38.4  31.1   4.4e-07   28.6   8.6   5.3   3   1   2   5   5   4   3 | SP+TM
VITVvi_vZin03_v1.1_H000092F_008.ver1.0.g123550.p01 -          LRR_8                PF13855.12     4e-10   38.3  14.9   0.00049   18.8   0.1   3.9   2   1   1   3   3   3   3 | SP+TM
VITVvi_vZin03_v1.1_P273.ver1.0.g354400.p01         -          LRR_8                PF13855.12   4.8e-10   38.1   6.0    0.0022   16.7   1.2   3.5   2   1   1   3   3   3   3 | TM
VITVvi_vZin03_v1.1_P2.ver1.0.g309590.p01           -          LRR_8                PF13855.12   5.1e-10   38.0  15.7     9e-08   30.8   7.5   3.5   2   1   1   3   3   3   1 | TM
VITVvi_vZin03_v1.1_P261.ver1.0.g348100.p01         -          LRR_8                PF13855.12   5.8e-10   37.8  14.5     0.014   14.1   0.5   5.1   2   2   3   5   5   5   3 | SP
VITVvi_vZin03_v1.1_P33.ver1.0.g380220.p01          -          LRR_8                PF13855.12   5.8e-10   37.8   4.5     1e-09   37.0   3.9   1.8   1   1   0   1   1   1   1 | SP+TM
VITVvi_vZin03_v1.1_P155.ver1.0.g274410.p01         -          LRR_8                PF13855.12   5.8e-10   37.8  14.1    0.0013   17.5   0.1   5.1   2   2   5   7   7   4   4 | SP+TM
VITVvi_vZin03_v1.1_H000013F_003.ver1.0.g041000.p01 -          LRR_8                PF13855.12   5.9e-10   37.8  10.8   6.8e-10   37.6   9.3   2.0   2   0   0   2   2   1   1 | SP+TM
VITVvi_vZin03_v1.1_P182.ver1.0.g297940.p01         -          LRR_8                PF13855.12   6.2e-10   37.7  15.8   2.6e-05   22.9   5.9   2.7   1   1   1   2   2   2   2 | SP+TM
VITVvi_vZin03_v1.1_H000183F_001.ver1.0.g162760.p01 -          LRR_8                PF13855.12   6.2e-10   37.7  14.1   2.8e-05   22.8   1.3   2.5   2   0   0   2   2   2   2 | SP+TM
VITVvi_vZin03_v1.1_P41.ver1.0.g416750.p01          -          LRR_8                PF13855.12     7e-10   37.6   4.8   2.6e-08   32.5   0.8   2.8   1   1   2   3   3   3   2 | SP+TM
VITVvi_vZin03_v1.1_P14.ver1.0.g256090.p01          -          LRR_8                PF13855.12   7.2e-10   37.5  10.8   7.8e-10   37.4   9.3   1.9   2   0   0   2   2   1   1 | SP+TM
VITVvi_vZin03_v1.1_P87.ver1.0.g517330.p01          -          LRR_8                PF13855.12   7.3e-10   37.5  34.1   1.2e-07   30.5   6.6   5.1   4   2   1   5   5   3   2 | SP
VITVvi_vZin03_v1.1_P654.ver1.0.g481340.p01         -          LRR_8                PF13855.12   7.3e-10   37.5   6.2     0.004   15.9   0.0   3.6   1   1   4   5   5   5   5 | SP
VITVvi_vZin03_v1.1_P645.ver1.0.g480640.p01         -          LRR_8                PF13855.12   7.4e-10   37.5  10.6   1.9e-06   26.6   6.7   3.4   2   1   1   3   3   3   3 | SP+TM
VITVvi_vZin03_v1.1_P50.ver1.0.g446820.p01          -          LRR_8                PF13855.12     8e-10   37.4   8.7   9.9e-06   24.3   8.4   3.2   2   1   1   3   3   2   2 | TM
VITVvi_vZin03_v1.1_P272.ver1.0.g353770.p01         -          LRR_8                PF13855.12   8.1e-10   37.4  19.5    0.0001   21.0   2.5   3.9   3   1   0   3   3   2   2 | SP
VITVvi_vZin03_v1.1_P117.ver1.0.g231460.p01         -          LRR_8                PF13855.12   8.3e-10   37.3   5.7   9.6e-10   37.1   0.0   3.4   2   2   1   3   3   2   1 | SP+TM
VITVvi_vZin03_v1.1_H000051F_004.ver1.0.g090350.p01 -          LRR_8                PF13855.12   8.5e-10   37.3  21.7   4.7e-07   28.5   4.1   3.4   2   1   1   3   3   3   2 | SP+TM
VITVvi_vZin03_v1.1_P14.ver1.0.g256020.p01          -          LRR_8                PF13855.12   8.5e-10   37.3   8.0   2.1e-09   36.0   8.0   1.7   1   0   0   1   1   1   1 | SP+TM
VITVvi_vZin03_v1.1_P25.ver1.0.g343230.p01          -          LRR_8                PF13855.12   8.6e-10   37.3  21.7   4.7e-07   28.5   4.1   3.4   2   1   1   3   3   3   2 | SP+TM
VITVvi_vZin03_v1.1_P107.ver1.0.g216980.p01         -          LRR_8                PF13855.12   9.4e-10   37.2  15.9   7.6e-09   34.2   9.4   2.4   1   1   1   2   2   2   2 | SP+TM
VITVvi_vZin03_v1.1_P108.ver1.0.g218440.p01         -          LRR_8                PF13855.12   9.4e-10   37.2  15.9   7.6e-09   34.2   9.4   2.4   1   1   1   2   2   2   2 | SP+TM
VITVvi_vZin03_v1.1_P239.ver1.0.g337260.p01         -          LRR_8                PF13855.12   9.6e-10   37.1   0.0   9.6e-10   37.1   0.0   3.5   3   2   1   4   4   2   1 | SP+TM
VITVvi_vZin03_v1.1_H000034F_005.ver1.0.g071210.p01 -          LRR_8                PF13855.12     1e-09   37.1  21.2   1.6e-07   30.0   8.3   4.0   1   1   4   5   5   4   3 | SP
VITVvi_vZin03_v1.1_P440.ver1.0.g426500.p01         -          LRR_8                PF13855.12     1e-09   37.0  15.8   7.1e-06   24.7   8.0   3.2   1   1   1   2   2   2   2 | TM
VITVvi_vZin03_v1.1_H000013F_003.ver1.0.g040990.p01 -          LRR_8                PF13855.12   1.1e-09   37.0   7.7     2e-09   36.1   7.7   1.5   1   0   0   1   1   1   1 | SP+TM
VITVvi_vZin03_v1.1_H000464F_001.ver1.0.g194340.p01 -          LRR_8                PF13855.12   1.2e-09   36.8  10.4   7.2e-08   31.1   1.4   2.4   1   1   1   2   2   2   2 | TM
VITVvi_vZin03_v1.1_P237.ver1.0.g336830.p01         -          LRR_8                PF13855.12   1.6e-09   36.4  16.3   6.3e-07   28.1   9.8   2.7   2   1   1   3   3   2   2 | TM
VITVvi_vZin03_v1.1_P44.ver1.0.g426360.p01          -          LRR_8                PF13855.12   1.6e-09   36.4  16.9     2e-07   29.7   4.7   3.9   3   1   0   3   3   2   1 | TM
VITVvi_vZin03_v1.1_P15.ver1.0.g265320.p01          -          LRR_8                PF13855.12   1.6e-09   36.4  17.5   4.7e-06   25.3   0.6   3.5   1   1   2   3   3   3   3 | TM
VITVvi_vZin03_v1.1_H000027F_009.ver1.0.g064000.p01 -          LRR_8                PF13855.12   1.8e-09   36.3  15.7   3.5e-06   25.7   6.7   3.0   2   1   1   3   3   3   3 | TM
VITVvi_vZin03_v1.1_P14.ver1.0.g256030.p01          -          LRR_8                PF13855.12     2e-09   36.1   7.8   4.5e-09   35.0   7.8   1.7   1   0   0   1   1   1   1 | TM
VITVvi_vZin03_v1.1_P645.ver1.0.g480630.p01         -          LRR_8                PF13855.12   2.6e-09   35.8  14.6   3.8e-05   22.4   4.6   2.7   1   1   1   2   2   2   2 | SP+TM
VITVvi_vZin03_v1.1_H000001F_014.ver1.0.g003260.p01 -          LRR_8                PF13855.12   2.9e-09   35.6   6.2     4e-08   31.9   1.5   3.7   2   2   2   4   4   2   2 | SP+TM
VITVvi_vZin03_v1.1_P2.ver1.0.g312000.p01           -          LRR_8                PF13855.12   2.9e-09   35.6   6.2     4e-08   31.9   1.5   3.7   2   2   2   4   4   2   2 | SP+TM
VITVvi_vZin03_v1.1_P39.ver1.0.g400230.p01          -          LRR_8                PF13855.12   3.2e-09   35.5   3.5    0.0007   18.3   0.0   3.4   3   1   0   4   4   2   2 | SP+TM
VITVvi_vZin03_v1.1_H000035F_001.ver1.0.g072300.p01 -          LRR_8                PF13855.12   3.2e-09   35.5   3.5    0.0007   18.3   0.0   3.4   3   1   0   4   4   2   2 | SP+TM
VITVvi_vZin03_v1.1_P206.ver1.0.g318700.p01         -          LRR_8                PF13855.12   4.2e-09   35.1  13.5   5.5e-06   25.1   7.6   2.7   1   1   1   2   2   2   2 | SP+TM
VITVvi_vZin03_v1.1_P26.ver1.0.g346160.p01          -          LRR_8                PF13855.12   4.9e-09   34.8  15.9   6.9e-06   24.8   9.1   3.5   2   1   1   3   3   2   2 | SP+TM
VITVvi_vZin03_v1.1_H000057F_001.ver1.0.g098170.p01 -          LRR_8                PF13855.12   5.1e-09   34.8   6.7    0.0011   17.7   2.8   4.8   3   1   2   5   5   3   2 | TM
VITVvi_vZin03_v1.1_P58.ver1.0.g464340.p01          -          LRR_8                PF13855.12   8.4e-09   34.1  20.1   2.4e-08   32.7   5.4   3.4   2   1   1   3   3   2   2 | SP+TM
VITVvi_vZin03_v1.1_P58.ver1.0.g464850.p01          -          LRR_8                PF13855.12   9.1e-09   34.0  16.6   2.6e-07   29.3  11.5   2.5   1   1   1   2   2   2   2 | SP+TM
VITVvi_vZin03_v1.1_H000120F_003.ver1.0.g135830.p01 -          LRR_8                PF13855.12   9.8e-09   33.9  14.0   3.4e-07   29.0   8.6   2.6   1   1   1   2   2   2   2 | TM
VITVvi_vZin03_v1.1_H000298F_005.ver1.0.g186210.p01 -          LRR_8                PF13855.12     1e-08   33.9  13.4   9.1e-06   24.4   7.6   2.7   1   1   1   2   2   2   2 | SP+TM
VITVvi_vZin03_v1.1_H000079F_014.ver1.0.g113840.p01 -          LRR_8                PF13855.12     1e-08   33.8  15.3   6.9e-06   24.8   7.5   2.9   1   1   1   2   2   2   2 | SP
VITVvi_vZin03_v1.1_P2.ver1.0.g309620.p01           -          LRR_8                PF13855.12   1.4e-08   33.4  16.3   2.1e-06   26.4   3.3   3.3   2   1   0   3   3   3   1 | TM
VITVvi_vZin03_v1.1_P221.ver1.0.g328430.p01         -          LRR_8                PF13855.12   1.5e-08   33.3  16.8     7e-06   24.8   9.1   3.5   2   1   1   3   3   2   2 | SP+TM
VITVvi_vZin03_v1.1_H000192F_007.ver1.0.g165270.p01 -          LRR_8                PF13855.12   1.9e-08   33.0  24.8   0.00013   20.7   0.6   5.2   4   2   1   5   5   3   3 | SP+TM
VITVvi_vZin03_v1.1_H000057F_007.ver1.0.g098700.p01 -          LRR_8                PF13855.12   2.1e-08   32.8   1.5   6.6e-08   31.2   1.5   2.0   1   0   0   1   1   1   1 | SP+TM
VITVvi_vZin03_v1.1_P49.ver1.0.g439860.p01          -          LRR_8                PF13855.12   2.2e-08   32.8   1.5   6.6e-08   31.2   1.5   1.9   1   0   0   1   1   1   1 | SP+TM
VITVvi_vZin03_v1.1_P165.ver1.0.g283890.p01         -          LRR_8                PF13855.12   2.3e-08   32.7  24.9   0.00013   20.7   0.6   5.4   3   1   1   5   5   3   3 | SP+TM
VITVvi_vZin03_v1.1_P444.ver1.0.g426740.p01         -          LRR_8                PF13855.12   2.4e-08   32.6  16.4   4.6e-07   28.5  11.6   2.5   1   1   1   2   2   2   2 | SP+TM
VITVvi_vZin03_v1.1_P260.ver1.0.g347760.p01         -          LRR_8                PF13855.12   2.5e-08   32.6  22.8   6.3e-07   28.1  12.3   2.8   1   1   1   2   2   2   2 | SP+TM
VITVvi_vZin03_v1.1_H000092F_001.ver1.0.g122890.p01 -          LRR_8                PF13855.12   2.5e-08   32.6   6.2    0.0021   16.8   1.2   3.4   3   1   1   4   4   3   3 | SP+TM
VITVvi_vZin03_v1.1_P209.ver1.0.g319520.p01         -          LRR_8                PF13855.12   2.7e-08   32.5  23.1   6.8e-07   28.0  12.7   2.7   1   1   1   2   2   2   2 | SP+TM
VITVvi_vZin03_v1.1_P240.ver1.0.g338680.p01         -          LRR_8                PF13855.12   3.1e-08   32.3  11.3   6.1e-08   31.3   9.2   2.2   1   1   1   2   2   2   2 | TM
VITVvi_vZin03_v1.1_P90.ver1.0.g526360.p01          -          LRR_8                PF13855.12   3.1e-08   32.3   5.9    0.0027   16.5   0.9   3.4   2   1   1   4   4   3   3 | SP+TM
VITVvi_vZin03_v1.1_H000153F_001.ver1.0.g152070.p01 -          LRR_8                PF13855.12   3.5e-08   32.1   3.5   4.3e-05   22.2   2.1   2.6   1   1   1   2   2   2   2 | SP+TM
VITVvi_vZin03_v1.1_P58.ver1.0.g464900.p01          -          LRR_8                PF13855.12   3.5e-08   32.1   7.1   3.5e-08   32.1   7.1   2.3   2   0   0   2   2   1   1 | SP+TM
VITVvi_vZin03_v1.1_P68.ver1.0.g484900.p01          -          LRR_8                PF13855.12   3.6e-08   32.1  14.0   3.3e-05   22.6   7.4   2.7   1   1   1   2   2   2   2 | SP+TM
VITVvi_vZin03_v1.1_P9.ver1.0.g525070.p01           -          LRR_8                PF13855.12   3.6e-08   32.1   2.2    0.0042   15.8   0.0   4.6   4   1   1   5   5   2   1 | SP
VITVvi_vZin03_v1.1_P53.ver1.0.g453660.p01          -          LRR_8                PF13855.12   6.7e-08   31.2   3.7    0.0054   15.5   0.3   2.6   1   1   0   2   2   2   2 | SP+TM
VITVvi_vZin03_v1.1_H000182F_002.ver1.0.g162460.p01 -          LRR_8                PF13855.12   8.6e-08   30.9  23.4   0.00053   18.7   1.2   4.0   2   2   2   4   4   3   2 | SP
VITVvi_vZin03_v1.1_H000055F_002.ver1.0.g095920.p01 -          LRR_8                PF13855.12     1e-07   30.7   2.3    0.0041   15.9   0.0   4.6   4   1   1   5   5   2   1 | SP
VITVvi_vZin03_v1.1_P231.ver1.0.g335270.p01         -          LRR_8                PF13855.12   1.2e-07   30.4   1.6    0.0039   16.0   0.3   2.5   2   0   0   2   2   2   2 | TM
VITVvi_vZin03_v1.1_P161.ver1.0.g281210.p01         -          LRR_8                PF13855.12   1.2e-07   30.4   1.6    0.0039   16.0   0.3   2.5   2   0   0   2   2   2   2 | TM
VITVvi_vZin03_v1.1_H000013F_003.ver1.0.g041020.p01 -          LRR_8                PF13855.12   1.4e-07   30.2   0.0   3.3e-07   29.0   0.0   1.5   1   0   0   1   1   1   1 | TM
VITVvi_vZin03_v1.1_P14.ver1.0.g256110.p01          -          LRR_8                PF13855.12   1.4e-07   30.2   0.0   3.3e-07   29.0   0.0   1.5   1   0   0   1   1   1   1 | TM
VITVvi_vZin03_v1.1_P35.ver1.0.g387690.p01          -          LRR_8                PF13855.12   1.6e-07   30.0  10.4   0.00015   20.5   4.3   2.6   1   1   1   2   2   2   2 | SP+TM
VITVvi_vZin03_v1.1_P33.ver1.0.g381240.p01          -          LRR_8                PF13855.12   2.7e-07   29.3   7.1   2.7e-07   29.3   7.1   3.3   2   1   1   3   3   2   2 | SP+TM
VITVvi_vZin03_v1.1_P492.ver1.0.g441250.p01         -          LRR_8                PF13855.12     3e-07   29.2   2.5   2.7e-06   26.1   3.3   2.2   2   1   0   2   2   1   1 | SP+TM
VITVvi_vZin03_v1.1_H000046F_010.ver1.0.g081980.p01 -          LRR_8                PF13855.12     3e-07   29.1  21.7   5.3e-06   25.1   7.3   3.6   3   0   0   3   3   3   1 | SP+TM
VITVvi_vZin03_v1.1_P42.ver1.0.g419410.p01          -          LRR_8                PF13855.12   3.2e-07   29.1  24.7   1.9e-06   26.6   6.9   3.7   3   1   0   4   4   3   1 | SP+TM
VITVvi_vZin03_v1.1_P53.ver1.0.g454220.p01          -          LRR_8                PF13855.12     4e-07   28.7   8.1    0.0013   17.5   0.0   3.5   2   1   0   3   3   2   1 | SP+TM
VITVvi_vZin03_v1.1_P193.ver1.0.g307010.p01         -          LRR_8                PF13855.12   4.8e-07   28.5  20.3   8.1e-05   21.4  10.2   3.8   1   1   3   5   5   4   3 | SP+TM
VITVvi_vZin03_v1.1_P88.ver1.0.g518590.p01          -          LRR_8                PF13855.12   4.8e-07   28.5  20.3   8.1e-05   21.4  10.2   3.8   1   1   3   5   5   4   3 | SP+TM
VITVvi_vZin03_v1.1_H000042F_003.ver1.0.g078620.p01 -          LRR_8                PF13855.12   5.6e-07   28.3  10.2   0.00033   19.4   4.2   2.7   1   1   1   2   2   2   2 | SP+TM
VITVvi_vZin03_v1.1_P14.ver1.0.g255860.p01          -          LRR_8                PF13855.12   5.7e-07   28.2   6.6   2.5e-06   26.2   7.0   1.9   2   0   0   2   2   1   1 | SP+TM
VITVvi_vZin03_v1.1_P101.ver1.0.g213750.p01         -          LRR_8                PF13855.12   6.3e-07   28.1   6.7   6.3e-07   28.1   6.7   2.6   1   1   1   2   2   1   1 | SP+TM
VITVvi_vZin03_v1.1_P133.ver1.0.g248720.p01         -          LRR_8                PF13855.12     8e-07   27.8  16.9   0.00012   20.8   4.0   3.0   2   1   0   3   3   2   2 | SP+TM
VITVvi_vZin03_v1.1_H000013F_002.ver1.0.g040760.p01 -          LRR_8                PF13855.12   8.9e-07   27.6   7.0   2.5e-06   26.2   7.0   1.8   1   0   0   1   1   1   1 | SP+TM
VITVvi_vZin03_v1.1_P44.ver1.0.g425870.p01          -          LRR_8                PF13855.12   9.5e-07   27.5   3.9     2e-05   23.3   4.8   2.6   2   1   0   2   2   1   1 | SP+TM
VITVvi_vZin03_v1.1_P9.ver1.0.g525060.p01           -          LRR_8                PF13855.12   9.6e-07   27.5   2.9   9.4e-06   24.3   0.2   2.3   2   0   0   2   2   1   1 | SP
VITVvi_vZin03_v1.1_P155.ver1.0.g274350.p01         -          LRR_8                PF13855.12     1e-06   27.4  23.5   4.3e-05   22.2   1.3   5.4   3   1   4   7   7   4   1 | SP+TM
VITVvi_vZin03_v1.1_P171.ver1.0.g289370.p01         -          LRR_8                PF13855.12     1e-06   27.4  20.9    0.0007   18.3   7.2   3.5   1   1   3   4   4   4   4 | SP
VITVvi_vZin03_v1.1_P4.ver1.0.g409220.p01           -          LRR_8                PF13855.12   1.1e-06   27.4   0.9   1.9e-05   23.4   0.1   2.7   2   1   1   3   3   1   1 | SP
VITVvi_vZin03_v1.1_H000055F_002.ver1.0.g095910.p01 -          LRR_8                PF13855.12   1.1e-06   27.4   3.0     1e-05   24.2   0.3   2.4   2   0   0   2   2   1   1 | SP
VITVvi_vZin03_v1.1_H000120F_006.ver1.0.g136650.p01 -          LRR_8                PF13855.12   1.1e-06   27.3   6.6   1.1e-06   27.3   6.6   2.5   1   1   1   2   2   1   1 | SP+TM
VITVvi_vZin03_v1.1_P157.ver1.0.g275900.p01         -          LRR_8                PF13855.12   1.2e-06   27.2   8.2    0.0013   17.5   0.0   3.4   2   1   0   3   3   2   1 | SP+TM
VITVvi_vZin03_v1.1_H000004F_005.ver1.0.g016950.p01 -          LRR_8                PF13855.12   1.2e-06   27.2   5.6   1.9e-05   23.4   2.8   2.4   2   0   0   2   2   1   1 | SP+TM
VITVvi_vZin03_v1.1_P8.ver1.0.g501500.p01           -          LRR_8                PF13855.12   1.3e-06   27.1   7.7       1.4    7.8   0.1   5.2   5   0   0   5   5   2   0 | SP+TM
VITVvi_vZin03_v1.1_P494.ver1.0.g441420.p01         -          LRR_8                PF13855.12   1.3e-06   27.1  21.6    0.0042   15.9   1.9   4.4   1   1   5   6   6   5   4 | SP
VITVvi_vZin03_v1.1_P468.ver1.0.g433880.p01         -          LRR_8                PF13855.12   1.8e-06   26.6   3.9     0.002   16.9   0.9   2.5   1   1   0   2   2   2   2 | SP+TM
VITVvi_vZin03_v1.1_P397.ver1.0.g402950.p01         -          LRR_8                PF13855.12   2.1e-06   26.5  19.4     0.002   16.9   9.1   3.6   2   1   2   4   4   3   3 | SP
VITVvi_vZin03_v1.1_H000012F_015.ver1.0.g039350.p01 -          LRR_8                PF13855.12   2.1e-06   26.4  11.5   0.00046   18.9   0.1   3.6   2   1   1   3   3   2   2 | SP+TM
VITVvi_vZin03_v1.1_H000041F_010.ver1.0.g076970.p01 -          LRR_8                PF13855.12   2.5e-06   26.2   6.2   0.00029   19.6   0.6   2.6   1   1   1   2   2   2   2 | TM
VITVvi_vZin03_v1.1_H000013F_002.ver1.0.g040820.p01 -          LRR_8                PF13855.12   2.9e-06   26.0   3.0   6.8e-06   24.8   3.0   1.6   1   0   0   1   1   1   1 | TM
VITVvi_vZin03_v1.1_P13.ver1.0.g243910.p01          -          LRR_8                PF13855.12     3e-06   25.9  10.4   0.00046   18.9   0.1   3.5   2   1   1   3   3   2   2 | SP+TM
VITVvi_vZin03_v1.1_P71.ver1.0.g492640.p01          -          LRR_8                PF13855.12   3.2e-06   25.8   4.6    0.0031   16.3   1.1   2.5   1   1   1   2   2   2   2 | SP+TM
VITVvi_vZin03_v1.1_H000075F_002.ver1.0.g111860.p01 -          LRR_8                PF13855.12   3.5e-06   25.7   1.9   3.5e-06   25.7   1.9   2.9   2   1   1   3   3   2   2 | SP+TM
VITVvi_vZin03_v1.1_P69.ver1.0.g486630.p01          -          LRR_8                PF13855.12   3.5e-06   25.7   1.9   3.5e-06   25.7   1.9   2.9   2   1   1   3   3   2   2 | SP+TM
VITVvi_vZin03_v1.1_P5.ver1.0.g443720.p01           -          LRR_8                PF13855.12   3.7e-06   25.6   2.6    0.0002   20.1   0.7   2.4   2   0   0   2   2   1   1 | SP
VITVvi_vZin03_v1.1_P14.ver1.0.g255910.p01          -          LRR_8                PF13855.12   4.4e-06   25.4   2.3     1e-05   24.2   2.3   1.6   1   0   0   1   1   1   1 | TM
VITVvi_vZin03_v1.1_H000013F_002.ver1.0.g040810.p01 -          LRR_8                PF13855.12     7e-06   24.8   2.3   1.5e-05   23.7   2.3   1.6   1   0   0   1   1   1   1 | SP+TM
VITVvi_vZin03_v1.1_P12.ver1.0.g234880.p01          -          LRR_8                PF13855.12   7.9e-06   24.6   6.6    0.0015   17.3   6.6   2.9   2   1   1   3   3   2   1 | TM
VITVvi_vZin03_v1.1_H000013F_002.ver1.0.g040770.p01 -          LRR_8                PF13855.12   1.7e-05   23.6   1.7   3.4e-05   22.5   1.7   1.6   1   0   0   1   1   1   1 | TM
VITVvi_vZin03_v1.1_H000038F_001.ver1.0.g075070.p01 -          LRR_8                PF13855.12   1.9e-05   23.4   5.1    0.0013   17.5   0.4   2.6   1   1   0   2   2   2   1 | SP
VITVvi_vZin03_v1.1_P261.ver1.0.g348500.p01         -          LRR_8                PF13855.12   2.4e-05   23.0   4.9    0.0015   17.3   0.5   2.6   1   1   2   3   3   3   2 | SP
VITVvi_vZin03_v1.1_P36.ver1.0.g390570.p01          -          LRR_8                PF13855.12   2.4e-05   23.0   7.4   0.00039   19.2   0.6   2.5   1   1   1   2   2   2   2 | SP+TM
VITVvi_vZin03_v1.1_P1.ver1.0.g204320.p01           -          LRR_8                PF13855.12   3.2e-05   22.6   1.2   3.2e-05   22.6   1.2   2.9   2   0   0   2   2   1   1 | SP+TM
VITVvi_vZin03_v1.1_P368.ver1.0.g393010.p01         -          LRR_8                PF13855.12   3.4e-05   22.6  11.2    0.0035   16.1   1.6   2.7   1   1   1   3   3   3   2 | TM
VITVvi_vZin03_v1.1_P14.ver1.0.g255870.p01          -          LRR_8                PF13855.12     4e-05   22.3   1.9   8.5e-05   21.3   1.9   1.6   1   0   0   1   1   1   1 | TM
VITVvi_vZin03_v1.1_P53.ver1.0.g452810.p01          -          LRR_8                PF13855.12   4.2e-05   22.3   1.7    0.0001   21.0   1.7   1.7   1   0   0   1   1   1   1 | TM
VITVvi_vZin03_v1.1_H000182F_002.ver1.0.g162280.p01 -          LRR_8                PF13855.12   6.8e-05   21.6  30.1    0.0024   16.6   3.2   4.5   3   2   2   5   5   4   3 | SP
VITVvi_vZin03_v1.1_H000013F_003.ver1.0.g040970.p01 -          LRR_8                PF13855.12   9.3e-05   21.2   7.4    0.0002   20.1   7.4   1.6   1   0   0   1   1   1   1 | SP+TM
VITVvi_vZin03_v1.1_P50.ver1.0.g446900.p01          -          LRR_8                PF13855.12   9.9e-05   21.1  22.9   0.00045   19.0   7.4   2.7   1   1   2   3   3   2   2 | TM
VITVvi_vZin03_v1.1_H000077F_008.ver1.0.g113160.p01 -          LRR_8                PF13855.12   0.00033   19.4  10.2      0.11   11.3   7.6   2.6   2   0   0   2   2   2   1 | SP+TM
VITVvi_vZin03_v1.1_P63.ver1.0.g477680.p01          -          LRR_8                PF13855.12   0.00033   19.4  10.2      0.11   11.3   7.6   2.6   2   0   0   2   2   2   1 | SP+TM
VITVvi_vZin03_v1.1_P155.ver1.0.g274420.p01         -          LRR_8                PF13855.12   0.00036   19.3   0.2   0.00078   18.2   0.2   1.6   1   0   0   1   1   1   1 | SP+TM
VITVvi_vZin03_v1.1_H000005F_004.ver1.0.g021090.p01 -          LRR_8                PF13855.12   0.00046   18.9   7.0    0.0005   18.8   4.7   2.2   1   1   1   2   2   1   1 | TM
VITVvi_vZin03_v1.1_P17.ver1.0.g286130.p01          -          LRR_8                PF13855.12   0.00071   18.3  11.3    0.0011   17.7   2.8   2.5   1   1   1   2   2   2   2 | SP
VITVvi_vZin03_v1.1_H000016F_005.ver1.0.g046980.p01 -          LRR_8                PF13855.12   0.00073   18.3  12.3     0.001   17.8   2.6   2.5   1   1   1   2   2   2   2 | SP
VITVvi_vZin03_v1.1_P231.ver1.0.g335290.p01         -          LRR_8                PF13855.12   0.00096   17.9   0.4    0.0021   16.8   0.4   1.5   1   0   0   1   1   1   1 | TM
VITVvi_vZin03_v1.1_P49.ver1.0.g439470.p01          -          LRR_8                PF13855.12    0.0028   16.4   4.8      0.01   14.6   0.2   3.2   2   1   0   3   3   1   1 | TM
VITVvi_vZin03_v1.1_H000132F_003.ver1.0.g141050.p01 -          LRR_8                PF13855.12    0.0033   16.2   5.9    0.0033   16.2   5.9   2.5   1   1   1   2   2   2   2 | SP+TM
VITVvi_vZin03_v1.1_P109.ver1.0.g220060.p01         -          LRR_8                PF13855.12    0.0035   16.1   5.9    0.0035   16.1   5.9   2.7   1   1   1   2   2   2   2 | SP+TM
VITVvi_vZin03_v1.1_H000094F_004.ver1.0.g124400.p01 -          LRR_8                PF13855.12    0.0041   15.9   0.8      0.07   12.0   1.5   2.4   2   0   0   2   2   1   1 | SP+TM
VITVvi_vZin03_v1.1_P79.ver1.0.g500940.p01          -          LRR_8                PF13855.12    0.0041   15.9   0.8      0.07   12.0   1.5   2.4   2   0   0   2   2   1   1 | SP+TM
VITVvi_vZin03_v1.1_P43.ver1.0.g423550.p01          -          LRR_8                PF13855.12    0.0074   15.1   0.5     0.025   13.4   0.1   2.2   2   0   0   2   2   1   1 | TM
VITVvi_vZin03_v1.1_H000001F_017.ver1.0.g003360.p01 -          LRR_8                PF13855.12     0.012   14.4  12.7     0.074   11.9   1.8   3.6   4   0   0   4   4   1   0 | TM
VITVvi_vZin03_v1.1_H000217F_003.ver1.0.g172950.p01 -          LRR_8                PF13855.12      0.11   11.3   7.6      0.97    8.3   0.7   3.2   3   0   0   3   3   2   0 | TM
VITVvi_vZin03_v1.1_H000217F_006.ver1.0.g173070.p01 -          LRR_8                PF13855.12      0.16   10.8  11.7       1.5    7.7   0.1   4.5   3   1   1   5   5   2   0 | TM
#
# Program:         hmmsearch
# Version:         3.4 (Aug 2023)
# Pipeline mode:   SEARCH
# Query file:      pfam_models/PF13855.hmm
# Target file:     filtered_tm_sp_proteins.fasta
# Option settings: hmmsearch -A LRR3_alignment.stk --tblout LRR3_domains.txt -E 1 --domE 1 --incE 0.01 --incdomE 0.04 --cpu 8 pfam_models/PF13855.hmm filtered_tm_sp_proteins.fasta 
# Current dir:     /Users/briansu/workspace/mamp_prediction_ml/11_grape_analysis/Zinfandel_cl_03
# Date:            Tue May 26 16:42:29 2026
# [ok]
