#                                                                                             --- full sequence ---- --- best 1 domain ---- --- domain number estimation ----
# target name                                      accession  query name           accession    E-value  score  bias   E-value  score  bias   exp reg clu  ov env dom rep inc description of target
#                              ------------------- ---------- -------------------- ---------- --------- ------ ----- --------- ------ -----   --- --- --- --- --- --- --- --- ---------------------
VITVvi_vZin03_v1.1_P22.ver1.0.g327520.p01          -          LRR_6                PF13516.12   6.1e-22   75.0  64.0      0.11   11.7   0.1  18.7  16   3   3  19  19  10   3 | SP
VITVvi_vZin03_v1.1_P171.ver1.0.g289350.p01         -          LRR_6                PF13516.12   1.6e-18   64.3  88.6     0.089   12.0   0.3  25.9  29   0   0  29  29  10   1 | SP
VITVvi_vZin03_v1.1_P249.ver1.0.g341380.p01         -          LRR_6                PF13516.12   1.6e-18   64.3  63.8   0.00027   19.8   0.3  18.1  20   0   0  20  20   8   2 | SP+TM
VITVvi_vZin03_v1.1_H000087F_009.ver1.0.g121060.p01 -          LRR_6                PF13516.12   1.4e-17   61.4  33.3      0.11   11.7   0.3  13.8  14   0   0  14  14   8   1 | SP
VITVvi_vZin03_v1.1_H000125F_002.ver1.0.g138310.p01 -          LRR_6                PF13516.12   1.4e-17   61.4  43.1      0.22   10.7   0.1  17.8  18   0   0  18  18   5   1 | SP+TM
VITVvi_vZin03_v1.1_P110.ver1.0.g224780.p01         -          LRR_6                PF13516.12   1.4e-17   61.3  43.4      0.22   10.7   0.1  17.9  18   0   0  18  18   5   1 | SP+TM
VITVvi_vZin03_v1.1_H000019F_012.ver1.0.g053860.p01 -          LRR_6                PF13516.12   3.3e-17   60.2  81.2      0.14   11.4   0.1  21.1  20   3   3  23  23  10   2 | SP
VITVvi_vZin03_v1.1_P68.ver1.0.g485320.p01          -          LRR_6                PF13516.12   1.8e-16   57.9  48.2     0.077   12.2   0.4  14.4  15   0   0  15  15   7   2 | SP
VITVvi_vZin03_v1.1_P208.ver1.0.g319480.p01         -          LRR_6                PF13516.12   3.1e-15   54.0 105.7      0.27   10.5   1.2  26.2  28   0   0  28  28  13   1 | SP+TM
VITVvi_vZin03_v1.1_H000099F_005.ver1.0.g125720.p01 -          LRR_6                PF13516.12     4e-15   53.7  29.8      0.11   11.7   0.1  12.2  12   0   0  12  12   5   1 | TM
VITVvi_vZin03_v1.1_H000448F_001.ver1.0.g193600.p01 -          LRR_6                PF13516.12   5.9e-15   53.1 119.8     0.016   14.3   0.7  28.3  31   0   0  31  31   9   3 | TM
VITVvi_vZin03_v1.1_P138.ver1.0.g251660.p01         -          LRR_6                PF13516.12   9.3e-15   52.5  57.3      0.06   12.5   0.3  18.5  20   0   0  20  20   7   1 | SP
VITVvi_vZin03_v1.1_H000079F_014.ver1.0.g113870.p01 -          LRR_6                PF13516.12   1.2e-14   52.1  66.5     0.048   12.8   0.4  17.2  19   0   0  19  19   7   2 | SP+TM
VITVvi_vZin03_v1.1_P75.ver1.0.g496630.p01          -          LRR_6                PF13516.12   1.4e-14   52.0  30.9      0.11   11.7   0.1  12.1  12   0   0  12  12   5   1 | TM
VITVvi_vZin03_v1.1_P71.ver1.0.g491630.p01          -          LRR_6                PF13516.12   1.5e-14   51.9  33.6     6e-05   21.9   0.8   9.9  10   0   0  10  10   6   3 | SP
VITVvi_vZin03_v1.1_H000006F_023.ver1.0.g026650.p01 -          LRR_6                PF13516.12   3.5e-14   50.7  50.9      0.83    8.9   0.1  17.2  19   0   0  19  19   8   0 | SP
VITVvi_vZin03_v1.1_P339.ver1.0.g384140.p01         -          LRR_6                PF13516.12   3.9e-14   50.6  68.0      0.12   11.6   0.3  18.6  19   0   0  19  19   8   1 | TM
VITVvi_vZin03_v1.1_H000232F_006.ver1.0.g175810.p01 -          LRR_6                PF13516.12   5.6e-14   50.1  62.4      0.16   11.2   2.0  15.7  16   0   0  16  16  10   1 | SP+TM
VITVvi_vZin03_v1.1_P188.ver1.0.g302390.p01         -          LRR_6                PF13516.12   5.6e-14   50.1  62.4      0.16   11.2   2.0  15.7  16   0   0  16  16  10   1 | SP+TM
VITVvi_vZin03_v1.1_P83.ver1.0.g509400.p01          -          LRR_6                PF13516.12   8.8e-14   49.5  34.6      0.21   10.8   0.3  13.8  14   0   0  14  14   5   1 | SP+TM
VITVvi_vZin03_v1.1_P677.ver1.0.g484510.p01         -          LRR_6                PF13516.12   2.4e-13   48.1  25.7     0.032   13.3   0.2  11.8  12   0   0  12  12   5   2 | TM
VITVvi_vZin03_v1.1_P291.ver1.0.g362520.p01         -          LRR_6                PF13516.12     3e-13   47.8  38.4     0.032   13.4   0.1  10.2  11   0   0  11  11   6   5 | SP
VITVvi_vZin03_v1.1_H000084F_006.ver1.0.g118410.p01 -          LRR_6                PF13516.12   3.5e-13   47.6  30.6      0.17   11.1   0.8  12.0  13   0   0  13  13   6   1 | TM
VITVvi_vZin03_v1.1_H000001F_033.ver1.0.g006390.p01 -          LRR_6                PF13516.12   6.8e-13   46.7  51.9      0.44    9.8   0.3  16.1  18   0   0  18  18   6   3 | SP
VITVvi_vZin03_v1.1_P138.ver1.0.g251760.p01         -          LRR_6                PF13516.12   8.7e-13   46.4  61.5     0.046   12.8   0.1  19.7  23   0   0  23  23   7   1 | SP
VITVvi_vZin03_v1.1_P53.ver1.0.g453150.p01          -          LRR_6                PF13516.12     1e-12   46.1  52.8     0.027   13.6   0.1  12.3  13   0   0  13  13   6   4 | SP+TM
VITVvi_vZin03_v1.1_P28.ver1.0.g357680.p01          -          LRR_6                PF13516.12   1.1e-12   46.1  74.7     0.033   13.3   0.1  20.7  22   0   0  22  22   7   2 | TM
VITVvi_vZin03_v1.1_P272.ver1.0.g353780.p01         -          LRR_6                PF13516.12   1.5e-12   45.7  72.1     0.093   11.9   0.2  18.6  19   0   0  19  19   7   1 | TM
VITVvi_vZin03_v1.1_P53.ver1.0.g453140.p01          -          LRR_6                PF13516.12   1.7e-12   45.5  49.9    0.0063   15.6   0.3  10.5  11   0   0  11  11   6   5 | SP+TM
VITVvi_vZin03_v1.1_H000153F_005.ver1.0.g152850.p01 -          LRR_6                PF13516.12   2.3e-12   45.0  59.3     0.041   13.0   0.3  13.2  13   1   1  14  14   9   4 | SP+TM
VITVvi_vZin03_v1.1_P456.ver1.0.g429780.p01         -          LRR_6                PF13516.12   2.3e-12   45.0 101.2      0.18   11.0   0.1  24.4  27   0   0  27  27   9   1 | SP+TM
VITVvi_vZin03_v1.1_P87.ver1.0.g515400.p01          -          LRR_6                PF13516.12   3.4e-12   44.5 118.5      0.46    9.7   0.1  27.8  30   1   0  30  30  12   1 | TM
VITVvi_vZin03_v1.1_P117.ver1.0.g230880.p01         -          LRR_6                PF13516.12   4.3e-12   44.2  83.0      0.35   10.1   0.0  22.2  23   0   0  23  23   8   2 | SP+TM
VITVvi_vZin03_v1.1_P138.ver1.0.g251680.p01         -          LRR_6                PF13516.12   8.7e-12   43.2  77.1     0.055   12.6   0.1  20.1  22   0   0  22  22   6   1 | SP
VITVvi_vZin03_v1.1_P68.ver1.0.g484920.p01          -          LRR_6                PF13516.12   1.1e-11   43.0  66.8     0.073   12.2   0.4  17.0  19   0   0  19  19   7   2 | SP+TM
VITVvi_vZin03_v1.1_P22.ver1.0.g327620.p01          -          LRR_6                PF13516.12   1.7e-11   42.3  47.1    0.0062   15.6   0.2  12.4  13   0   0  13  13   8   1 | SP
VITVvi_vZin03_v1.1_P71.ver1.0.g491600.p01          -          LRR_6                PF13516.12   2.4e-11   41.8  60.4   0.00026   19.9   0.8  16.0  18   0   0  18  18   5   3 | SP
VITVvi_vZin03_v1.1_P371.ver1.0.g395020.p01         -          LRR_6                PF13516.12     3e-11   41.6  74.5      0.23   10.7   0.0  18.8  20   0   0  20  20   7   2 | SP
VITVvi_vZin03_v1.1_P135.ver1.0.g250040.p01         -          LRR_6                PF13516.12   4.5e-11   41.0  52.6       2.1    7.7   0.1  17.1  18   0   0  18  18   5   0 | SP+TM
VITVvi_vZin03_v1.1_H000182F_002.ver1.0.g162260.p01 -          LRR_6                PF13516.12   6.7e-11   40.5  47.0       1.5    8.1   0.0  18.0  21   0   0  21  21   4   0 | TM
VITVvi_vZin03_v1.1_P108.ver1.0.g218000.p01         -          LRR_6                PF13516.12   6.8e-11   40.4  91.0      0.84    8.9   0.1  21.0  24   0   0  24  24   9   0 | SP+TM
VITVvi_vZin03_v1.1_P123.ver1.0.g239770.p01         -          LRR_6                PF13516.12     8e-11   40.2  51.3       1.8    7.9   0.1  15.8  16   0   0  16  16   5   0 | SP+TM
VITVvi_vZin03_v1.1_H000027F_017.ver1.0.g064660.p01 -          LRR_6                PF13516.12   8.8e-11   40.1   2.0       2.3    7.6   0.1   7.3   7   0   0   7   7   4   0 | SP
VITVvi_vZin03_v1.1_P25.ver1.0.g341890.p01          -          LRR_6                PF13516.12   8.9e-11   40.1   2.0       2.3    7.6   0.1   7.3   7   0   0   7   7   4   0 | SP
VITVvi_vZin03_v1.1_H000332F_002.ver1.0.g188040.p01 -          LRR_6                PF13516.12   1.1e-10   39.8  85.4   0.00031   19.6   0.3  21.2  25   0   0  25  25   7   2 | TM
VITVvi_vZin03_v1.1_P2.ver1.0.g312350.p01           -          LRR_6                PF13516.12   1.1e-10   39.8  47.7      0.73    9.1   0.3  15.5  17   0   0  17  17   5   0 | SP+TM
VITVvi_vZin03_v1.1_P344.ver1.0.g386140.p01         -          LRR_6                PF13516.12   1.6e-10   39.3  44.9      0.14   11.4   0.3  14.1  15   0   0  15  15   4   1 | SP+TM
VITVvi_vZin03_v1.1_P339.ver1.0.g384130.p01         -          LRR_6                PF13516.12     2e-10   39.0  81.5      0.76    9.1   0.2  20.2  22   0   0  22  22   7   0 | TM
VITVvi_vZin03_v1.1_H000568F_002.ver1.0.g196580.p01 -          LRR_6                PF13516.12     2e-10   39.0  44.9      0.14   11.4   0.3  13.9  15   0   0  15  15   4   1 | SP+TM
VITVvi_vZin03_v1.1_P87.ver1.0.g516400.p01          -          LRR_6                PF13516.12   2.1e-10   38.9  78.8      0.59    9.4   0.0  22.2  24   0   0  24  24   7   1 | SP+TM
VITVvi_vZin03_v1.1_P689.ver1.0.g486500.p01         -          LRR_6                PF13516.12   2.5e-10   38.7  37.7      0.53    9.6   0.1  12.6  13   0   0  13  13   5   1 | TM
VITVvi_vZin03_v1.1_P240.ver1.0.g338580.p01         -          LRR_6                PF13516.12   3.2e-10   38.3  84.6      0.55    9.5   0.2  22.4  24   0   0  24  24   7   1 | TM
VITVvi_vZin03_v1.1_H000011F_011.ver1.0.g035870.p01 -          LRR_6                PF13516.12   4.4e-10   37.9  12.5     0.088   12.0   0.3   7.2   8   0   0   8   8   4   2 | SP
VITVvi_vZin03_v1.1_P11.ver1.0.g221810.p01          -          LRR_6                PF13516.12   4.4e-10   37.9  12.5     0.088   12.0   0.3   7.2   8   0   0   8   8   4   2 | SP
VITVvi_vZin03_v1.1_P255.ver1.0.g345450.p01         -          LRR_6                PF13516.12   4.9e-10   37.8  23.0     0.052   12.7   0.7   8.0   7   0   0   7   7   3   2 | SP+TM
VITVvi_vZin03_v1.1_P104.ver1.0.g215590.p01         -          LRR_6                PF13516.12   4.9e-10   37.8  86.0      0.44    9.8   0.1  20.1  21   0   0  21  21   9   1 | TM
VITVvi_vZin03_v1.1_P312.ver1.0.g376060.p01         -          LRR_6                PF13516.12   6.2e-10   37.5  39.5     0.077   12.2   0.1  13.4  14   0   0  14  14   4   2 | SP+TM
VITVvi_vZin03_v1.1_H000153F_005.ver1.0.g152830.p01 -          LRR_6                PF13516.12   7.3e-10   37.2  49.7     0.054   12.6   0.3  10.6  11   0   0  11  11   5   5 | SP+TM
VITVvi_vZin03_v1.1_P22.ver1.0.g327730.p01          -          LRR_6                PF13516.12   1.2e-09   36.6  81.4      0.04   13.1   0.0  18.0  20   0   0  20  20   7   3 | SP
VITVvi_vZin03_v1.1_H000020F_010.ver1.0.g054480.p01 -          LRR_6                PF13516.12   1.3e-09   36.4  58.6       0.3   10.3   0.0  14.6  15   0   0  15  15   7   2 | SP
VITVvi_vZin03_v1.1_H000152F_005.ver1.0.g151200.p01 -          LRR_6                PF13516.12   1.7e-09   36.1  15.3     0.014   14.5   0.4   7.6   8   0   0   8   8   3   2 | SP
VITVvi_vZin03_v1.1_P696.ver1.0.g487530.p01         -          LRR_6                PF13516.12   2.4e-09   35.6   8.0     0.062   12.4   0.1   8.0   9   0   0   9   9   3   1 | SP
VITVvi_vZin03_v1.1_P494.ver1.0.g441440.p01         -          LRR_6                PF13516.12   2.9e-09   35.3  19.8       1.2    8.4   0.8   7.6   8   0   0   8   8   5   0 | TM
VITVvi_vZin03_v1.1_P677.ver1.0.g484580.p01         -          LRR_6                PF13516.12   3.3e-09   35.2  33.3     0.047   12.8   0.1  12.9  15   0   0  15  15   4   2 | TM
VITVvi_vZin03_v1.1_H000084F_004.ver1.0.g118310.p01 -          LRR_6                PF13516.12   3.3e-09   35.2  81.2      0.24   10.6   0.2  21.2  23   1   1  24  24   8   1 | SP
VITVvi_vZin03_v1.1_P74.ver1.0.g495760.p01          -          LRR_6                PF13516.12   3.4e-09   35.1  83.4       4.1    6.8   0.0  24.9  27   0   0  27  27   4   0 | TM
VITVvi_vZin03_v1.1_P298.ver1.0.g364100.p01         -          LRR_6                PF13516.12   3.4e-09   35.1  31.7       1.3    8.3   0.1  12.4  14   0   0  14  14   4   0 | SP+TM
VITVvi_vZin03_v1.1_P2.ver1.0.g309610.p01           -          LRR_6                PF13516.12   3.4e-09   35.1  19.1      0.39   10.0   0.5   8.4   9   0   0   9   9   5   1 | SP
VITVvi_vZin03_v1.1_P128.ver1.0.g242040.p01         -          LRR_6                PF13516.12   4.5e-09   34.7  17.6     0.014   14.5   0.4   7.7   8   0   0   8   8   3   2 | SP
VITVvi_vZin03_v1.1_P240.ver1.0.g338640.p01         -          LRR_6                PF13516.12   4.7e-09   34.7  70.2         1    8.7   0.3  18.5  19   0   0  19  19   7   0 | SP
VITVvi_vZin03_v1.1_P104.ver1.0.g215620.p01         -          LRR_6                PF13516.12   4.7e-09   34.7  96.2      0.38   10.0   0.0  22.3  24   0   0  24  24   8   1 | SP+TM
VITVvi_vZin03_v1.1_P272.ver1.0.g353580.p01         -          LRR_6                PF13516.12   5.6e-09   34.5 106.0      0.42    9.9   0.2  24.1  27   0   0  27  27   8   1 | TM
VITVvi_vZin03_v1.1_P87.ver1.0.g515420.p01          -          LRR_6                PF13516.12   5.8e-09   34.4  60.7       1.3    8.3   0.4  18.3  20   0   0  20  20   5   0 | TM
VITVvi_vZin03_v1.1_H000182F_002.ver1.0.g162360.p01 -          LRR_6                PF13516.12   6.3e-09   34.3  52.6         2    7.7   0.0  17.7  20   0   0  20  20   4   0 | SP+TM
VITVvi_vZin03_v1.1_P53.ver1.0.g456580.p01          -          LRR_6                PF13516.12     7e-09   34.2  81.3     0.059   12.5   0.0  19.4  21   0   0  21  21   7   2 | SP+TM
VITVvi_vZin03_v1.1_P160.ver1.0.g280300.p01         -          LRR_6                PF13516.12   7.5e-09   34.1  13.4      0.39   10.0   0.1   7.8   7   0   0   7   7   3   1 | SP
VITVvi_vZin03_v1.1_P119.ver1.0.g232300.p01         -          LRR_6                PF13516.12   7.6e-09   34.0  19.3      0.23   10.7   0.1   8.3   8   0   0   8   8   4   1 | SP
VITVvi_vZin03_v1.1_P240.ver1.0.g338670.p01         -          LRR_6                PF13516.12     8e-09   34.0  24.3       2.1    7.7   0.1  10.3  10   0   0  10  10   3   0 | SP
VITVvi_vZin03_v1.1_P171.ver1.0.g289370.p01         -          LRR_6                PF13516.12   8.6e-09   33.9  11.7      0.02   14.0   0.1   5.4   5   0   0   5   5   3   1 | SP
VITVvi_vZin03_v1.1_H001003F_001.ver1.0.g199210.p01 -          LRR_6                PF13516.12   8.7e-09   33.9  76.3       6.9    6.1   0.1  23.5  26   0   0  26  26   6   0 | TM
VITVvi_vZin03_v1.1_P366.ver1.0.g392730.p01         -          LRR_6                PF13516.12   8.9e-09   33.8  40.1     0.026   13.6   0.1  10.3  10   0   0  10  10   3   2 | SP
VITVvi_vZin03_v1.1_P261.ver1.0.g348000.p01         -          LRR_6                PF13516.12   9.5e-09   33.7   8.3     0.073   12.2   0.1   7.9   9   0   0   9   9   3   1 | TM
VITVvi_vZin03_v1.1_P85.ver1.0.g510490.p01          -          LRR_6                PF13516.12   1.1e-08   33.6  57.0     0.072   12.3   0.0  16.9  18   0   0  18  18   3   1 | SP
VITVvi_vZin03_v1.1_P272.ver1.0.g353530.p01         -          LRR_6                PF13516.12   1.4e-08   33.2  61.3       1.3    8.4   0.0  17.4  20   0   0  20  20   6   0 | SP
VITVvi_vZin03_v1.1_P677.ver1.0.g484610.p01         -          LRR_6                PF13516.12   1.5e-08   33.1  55.9     0.032   13.4   0.1  14.5  15   0   0  15  15   5   2 | TM
VITVvi_vZin03_v1.1_P104.ver1.0.g215550.p01         -          LRR_6                PF13516.12   1.7e-08   32.9 100.5      0.15   11.3   0.1  23.7  26   0   0  26  26   9   2 | SP+TM
VITVvi_vZin03_v1.1_P511.ver1.0.g449700.p01         -          LRR_6                PF13516.12   2.3e-08   32.6  47.3       1.2    8.5   0.0  15.0  16   0   0  16  16   5   0 | TM
VITVvi_vZin03_v1.1_H000139F_004.ver1.0.g144600.p01 -          LRR_6                PF13516.12   2.5e-08   32.5  21.3      0.23   10.7   0.1   8.4   8   0   0   8   8   4   1 | SP
VITVvi_vZin03_v1.1_P114.ver1.0.g228770.p01         -          LRR_6                PF13516.12   2.5e-08   32.4  90.5     0.056   12.6   0.1  21.1  23   0   0  23  23   9   1 | SP
VITVvi_vZin03_v1.1_H000164F_003.ver1.0.g155770.p01 -          LRR_6                PF13516.12   2.8e-08   32.3  54.6       2.9    7.2   0.1  16.9  18   0   0  18  18   5   0 | SP+TM
VITVvi_vZin03_v1.1_P61.ver1.0.g474720.p01          -          LRR_6                PF13516.12   2.8e-08   32.3  31.0      0.22   10.7   0.2   9.9  10   0   0  10  10   4   2 | TM
VITVvi_vZin03_v1.1_P74.ver1.0.g495780.p01          -          LRR_6                PF13516.12   2.9e-08   32.2  91.3       5.6    6.3   0.1  26.3  30   0   0  30  30   5   0 | SP+TM
VITVvi_vZin03_v1.1_P240.ver1.0.g338700.p01         -          LRR_6                PF13516.12   3.1e-08   32.1 103.3       1.4    8.2   0.3  24.5  28   0   0  28  28  10   0 | TM
VITVvi_vZin03_v1.1_P572.ver1.0.g463500.p01         -          LRR_6                PF13516.12   3.4e-08   32.0  86.7     0.035   13.2   0.0  19.5  22   0   0  22  22   8   3 | SP+TM
VITVvi_vZin03_v1.1_H000089F_008.ver1.0.g121660.p01 -          LRR_6                PF13516.12   3.6e-08   32.0  66.2      0.19   11.0   0.4  14.2  14   0   0  14  14   6   1 | SP
VITVvi_vZin03_v1.1_P272.ver1.0.g353570.p01         -          LRR_6                PF13516.12   3.6e-08   31.9  70.4      0.23   10.7   0.2  21.7  24   0   0  24  24   2   1 | SP+TM
VITVvi_vZin03_v1.1_P193.ver1.0.g306890.p01         -          LRR_6                PF13516.12   3.6e-08   31.9  12.3     0.027   13.6   0.0   6.8   7   1   0   7   7   2   2 | SP
VITVvi_vZin03_v1.1_P114.ver1.0.g228830.p01         -          LRR_6                PF13516.12     4e-08   31.8 101.5       0.7    9.2   0.1  23.4  26   0   0  26  26   7   0 | SP+TM
VITVvi_vZin03_v1.1_P40.ver1.0.g411700.p01          -          LRR_6                PF13516.12     4e-08   31.8  87.5      0.69    9.2   0.5  22.0  24   0   0  24  24   5   0 | SP+TM
VITVvi_vZin03_v1.1_P88.ver1.0.g518720.p01          -          LRR_6                PF13516.12   4.2e-08   31.7  11.5     0.027   13.6   0.0   6.7   7   1   0   7   7   2   2 | SP
VITVvi_vZin03_v1.1_P368.ver1.0.g393040.p01         -          LRR_6                PF13516.12   4.5e-08   31.6  85.5       1.2    8.4   0.1  21.9  24   0   0  24  24   6   0 | SP+TM
VITVvi_vZin03_v1.1_H000233F_004.ver1.0.g176400.p01 -          LRR_6                PF13516.12   5.4e-08   31.4  45.5       1.1    8.6   0.3  14.4  16   0   0  16  16   5   0 | SP+TM
VITVvi_vZin03_v1.1_P123.ver1.0.g239750.p01         -          LRR_6                PF13516.12   5.6e-08   31.3  13.7       0.8    9.0   0.1   7.6   7   0   0   7   7   3   0 | SP
VITVvi_vZin03_v1.1_P184.ver1.0.g298920.p01         -          LRR_6                PF13516.12     6e-08   31.2  45.5       1.1    8.6   0.3  14.3  16   0   0  16  16   5   0 | SP+TM
VITVvi_vZin03_v1.1_P40.ver1.0.g411680.p01          -          LRR_6                PF13516.12   6.4e-08   31.2  81.6      0.12   11.6   0.0  19.5  22   0   0  22  22   8   2 | SP+TM
VITVvi_vZin03_v1.1_P67.ver1.0.g484190.p01          -          LRR_6                PF13516.12     7e-08   31.0  23.9      0.18   11.0   0.6   9.8  10   0   0  10  10   3   1 | TM
VITVvi_vZin03_v1.1_P171.ver1.0.g289360.p01         -          LRR_6                PF13516.12   7.4e-08   31.0  65.1         2    7.7   0.2  17.7  19   0   0  19  19   6   0 | TM
VITVvi_vZin03_v1.1_P240.ver1.0.g338710.p01         -          LRR_6                PF13516.12   7.5e-08   30.9  66.5      0.35   10.1   0.0  16.2  18   0   0  18  18   7   1 | TM
VITVvi_vZin03_v1.1_P27.ver1.0.g352250.p01          -          LRR_6                PF13516.12   8.6e-08   30.8  85.9       1.3    8.3   0.1  22.6  25   0   0  25  25   5   0 | SP+TM
VITVvi_vZin03_v1.1_P125.ver1.0.g241040.p01         -          LRR_6                PF13516.12   8.6e-08   30.8  57.2      0.75    9.1   0.3  15.1  16   0   0  16  16   7   0 | SP+TM
VITVvi_vZin03_v1.1_P286.ver1.0.g360560.p01         -          LRR_6                PF13516.12   8.8e-08   30.7  45.2      0.48    9.7   0.0  12.8  13   0   0  13  13   5   1 | SP
VITVvi_vZin03_v1.1_H000182F_002.ver1.0.g162400.p01 -          LRR_6                PF13516.12   9.6e-08   30.6  56.5      0.27   10.4   0.0  16.9  21   0   0  21  21   4   1 | SP+TM
VITVvi_vZin03_v1.1_P272.ver1.0.g353690.p01         -          LRR_6                PF13516.12   1.1e-07   30.5  88.9      0.26   10.5   0.2  25.2  28   0   0  28  28   2   1 | SP+TM
VITVvi_vZin03_v1.1_P40.ver1.0.g410640.p01          -          LRR_6                PF13516.12   1.3e-07   30.2  39.5      0.57    9.4   0.2  12.2  12   0   0  12  12   5   1 | SP+TM
VITVvi_vZin03_v1.1_P298.ver1.0.g364000.p01         -          LRR_6                PF13516.12   1.4e-07   30.1  36.1         1    8.6   0.5  12.2  13   0   0  13  13   6   0 | SP+TM
VITVvi_vZin03_v1.1_P87.ver1.0.g517330.p01          -          LRR_6                PF13516.12   1.7e-07   29.9   7.5       2.3    7.5   0.3   6.0   5   0   0   5   5   2   0 | SP
VITVvi_vZin03_v1.1_P152.ver1.0.g271120.p01         -          LRR_6                PF13516.12   2.1e-07   29.6  68.7      0.44    9.8   0.0  17.6  19   0   0  19  19   5   1 | SP+TM
VITVvi_vZin03_v1.1_H000164F_003.ver1.0.g155800.p01 -          LRR_6                PF13516.12   2.2e-07   29.5  66.4      0.76    9.1   0.0  19.3  21   0   0  21  21   5   0 | SP+TM
VITVvi_vZin03_v1.1_P240.ver1.0.g338730.p01         -          LRR_6                PF13516.12   2.2e-07   29.5  42.2       2.8    7.3   0.2  11.8  12   0   0  12  12   5   0 | TM
VITVvi_vZin03_v1.1_H000000F_011.ver1.0.g000350.p01 -          LRR_6                PF13516.12   2.3e-07   29.4  17.4      0.04   13.1   0.2   8.0   8   0   0   8   8   2   1 | SP
VITVvi_vZin03_v1.1_H000000F_019.ver1.0.g001680.p01 -          LRR_6                PF13516.12   2.3e-07   29.4  17.4      0.04   13.1   0.2   8.0   8   0   0   8   8   2   1 | SP
VITVvi_vZin03_v1.1_P61.ver1.0.g474820.p01          -          LRR_6                PF13516.12   2.4e-07   29.4  55.5      0.22   10.7   0.1  13.2  15   0   0  15  15   5   2 | TM
VITVvi_vZin03_v1.1_P76.ver1.0.g497510.p01          -          LRR_6                PF13516.12   2.4e-07   29.4  56.5      0.14   11.4   0.4  12.3  12   0   0  12  12   6   1 | SP
VITVvi_vZin03_v1.1_H000043F_003.ver1.0.g079770.p01 -          LRR_6                PF13516.12   2.5e-07   29.3  39.5      0.61    9.4   0.2  12.1  12   0   0  12  12   5   1 | SP+TM
VITVvi_vZin03_v1.1_H000481F_001.ver1.0.g194610.p01 -          LRR_6                PF13516.12   2.7e-07   29.2  73.7       1.4    8.2   0.4  20.0  22   0   0  22  22   5   0 | TM
VITVvi_vZin03_v1.1_P237.ver1.0.g336770.p01         -          LRR_6                PF13516.12   2.8e-07   29.1  20.8      0.09   12.0   0.2   7.8   8   0   0   8   8   4   1 | SP
VITVvi_vZin03_v1.1_P365.ver1.0.g392600.p01         -          LRR_6                PF13516.12     3e-07   29.1  22.0     0.069   12.3   0.0   7.7   7   0   0   7   7   2   1 | SP+TM
VITVvi_vZin03_v1.1_H000086F_006.ver1.0.g120370.p01 -          LRR_6                PF13516.12   3.1e-07   29.0  35.6       0.4    9.9   0.7   8.9   9   0   0   9   9   6   1 | TM
VITVvi_vZin03_v1.1_P279.ver1.0.g355740.p01         -          LRR_6                PF13516.12   3.1e-07   29.0  21.4      0.28   10.4   0.2   8.0   8   0   0   8   8   4   1 | TM
VITVvi_vZin03_v1.1_P273.ver1.0.g354220.p01         -          LRR_6                PF13516.12   3.3e-07   28.9  74.1    0.0011   17.9   0.1  17.1  22   0   0  22  22   5   4 | SP
VITVvi_vZin03_v1.1_H000024F_012.ver1.0.g059030.p01 -          LRR_6                PF13516.12   3.4e-07   28.9  14.5       0.2   10.9   0.1   8.6   9   0   0   9   9   2   1 | SP
VITVvi_vZin03_v1.1_H000013F_002.ver1.0.g040860.p01 -          LRR_6                PF13516.12   3.4e-07   28.9   5.6     0.018   14.2   0.3   3.9   3   0   0   3   3   2   2 | TM
VITVvi_vZin03_v1.1_P272.ver1.0.g353490.p01         -          LRR_6                PF13516.12   4.1e-07   28.6  88.2       1.9    7.8   0.0  23.2  28   0   0  28  28   3   0 | SP+TM
VITVvi_vZin03_v1.1_P127.ver1.0.g241810.p01         -          LRR_6                PF13516.12   4.1e-07   28.6  91.5       1.3    8.4   0.4  23.6  27   0   0  27  27   5   0 | SP+TM
VITVvi_vZin03_v1.1_H000196F_003.ver1.0.g166120.p01 -          LRR_6                PF13516.12   4.2e-07   28.6  16.5      0.39   10.0   0.1   7.9   8   0   0   8   8   3   1 | SP
VITVvi_vZin03_v1.1_H000122F_003.ver1.0.g137770.p01 -          LRR_6                PF13516.12   4.5e-07   28.5  63.9      0.75    9.1   0.3  15.7  17   0   0  17  17   8   0 | SP+TM
VITVvi_vZin03_v1.1_P272.ver1.0.g353680.p01         -          LRR_6                PF13516.12   4.5e-07   28.5  95.3      0.32   10.2   0.1  23.2  26   0   0  26  26   6   1 | SP
VITVvi_vZin03_v1.1_P165.ver1.0.g284160.p01         -          LRR_6                PF13516.12   4.8e-07   28.4  21.3     0.036   13.2   0.0   7.4   8   0   0   8   8   3   1 | SP
VITVvi_vZin03_v1.1_H000074F_005.ver1.0.g111190.p01 -          LRR_6                PF13516.12   4.9e-07   28.4  36.3      0.66    9.3   0.1  11.9  13   0   0  13  13   5   0 | TM
VITVvi_vZin03_v1.1_P40.ver1.0.g411730.p01          -          LRR_6                PF13516.12   5.2e-07   28.3  37.5      0.35   10.1   0.5  10.5  10   0   0  10  10   5   2 | TM
VITVvi_vZin03_v1.1_P199.ver1.0.g308780.p01         -          LRR_6                PF13516.12   5.4e-07   28.3  55.4     0.046   12.9   0.1  13.6  15   0   0  15  15   6   1 | SP+TM
VITVvi_vZin03_v1.1_H000057F_001.ver1.0.g098140.p01 -          LRR_6                PF13516.12   5.6e-07   28.2   1.2     0.034   13.3   0.0   5.6   6   0   0   6   6   2   1 | SP
VITVvi_vZin03_v1.1_H000233F_004.ver1.0.g176610.p01 -          LRR_6                PF13516.12   6.3e-07   28.0  16.9      0.93    8.8   0.0   6.8   7   0   0   7   7   4   0 | SP
VITVvi_vZin03_v1.1_P184.ver1.0.g299140.p01         -          LRR_6                PF13516.12   6.3e-07   28.0  16.9      0.93    8.8   0.0   6.8   7   0   0   7   7   4   0 | SP
VITVvi_vZin03_v1.1_P240.ver1.0.g338620.p01         -          LRR_6                PF13516.12   6.6e-07   28.0 103.6       1.5    8.1   0.2  26.4  30   0   0  30  30   7   0 | SP+TM
VITVvi_vZin03_v1.1_H000183F_001.ver1.0.g162680.p01 -          LRR_6                PF13516.12   6.8e-07   28.0  20.1      0.18   11.0   0.7   7.3   7   0   0   7   7   4   1 | SP+TM
VITVvi_vZin03_v1.1_P123.ver1.0.g239740.p01         -          LRR_6                PF13516.12   6.9e-07   27.9  22.6       1.1    8.6   0.0   6.6   6   0   0   6   6   5   0 | TM
VITVvi_vZin03_v1.1_P677.ver1.0.g484540.p01         -          LRR_6                PF13516.12   6.9e-07   27.9  28.0     0.091   11.9   0.1   8.7  10   0   0  10  10   4   1 | TM
VITVvi_vZin03_v1.1_P266.ver1.0.g350340.p01         -          LRR_6                PF13516.12     7e-07   27.9  66.3     0.058   12.6   0.2  17.2  20   0   0  20  20   5   1 | SP+TM
VITVvi_vZin03_v1.1_P507.ver1.0.g448150.p01         -          LRR_6                PF13516.12   7.2e-07   27.9  65.4     0.058   12.6   0.2  17.2  20   0   0  20  20   4   1 | SP+TM
VITVvi_vZin03_v1.1_P138.ver1.0.g251740.p01         -          LRR_6                PF13516.12   8.7e-07   27.6 122.9      0.11   11.7   0.3  28.5  32   0   0  32  32   4   1 | SP+TM
VITVvi_vZin03_v1.1_P90.ver1.0.g527010.p01          -          LRR_6                PF13516.12   9.6e-07   27.5   1.3       2.5    7.4   0.1   6.0   6   0   0   6   6   3   0 | SP+TM
VITVvi_vZin03_v1.1_H000188F_003.ver1.0.g164510.p01 -          LRR_6                PF13516.12   1.4e-06   27.0  90.5      0.91    8.8   0.1  23.0  25   0   0  25  25   5   0 | TM
VITVvi_vZin03_v1.1_P26.ver1.0.g347440.p01          -          LRR_6                PF13516.12   1.5e-06   26.9  42.6      0.11   11.7   0.0  12.6  13   0   0  13  13   2   1 | SP+TM
VITVvi_vZin03_v1.1_P398.ver1.0.g403100.p01         -          LRR_6                PF13516.12   1.8e-06   26.6  42.2      0.82    9.0   0.0  12.6  14   0   0  14  14   4   0 | TM
VITVvi_vZin03_v1.1_P135.ver1.0.g250090.p01         -          LRR_6                PF13516.12   1.9e-06   26.6  71.3      0.76    9.1   0.0  19.6  22   0   0  22  22   5   0 | SP+TM
VITVvi_vZin03_v1.1_H000029F_002.ver1.0.g066670.p01 -          LRR_6                PF13516.12   2.1e-06   26.4  59.3      0.45    9.8   0.1  15.6  16   0   0  16  16   5   1 | SP+TM
VITVvi_vZin03_v1.1_P1.ver1.0.g200830.p01           -          LRR_6                PF13516.12   2.1e-06   26.4  75.9      0.17   11.1   0.5  18.8  20   1   1  21  21   4   2 | SP+TM
VITVvi_vZin03_v1.1_P26.ver1.0.g346530.p01          -          LRR_6                PF13516.12   2.2e-06   26.4  27.5      0.13   11.4   0.2   8.2   9   0   0   9   9   2   2 | SP
VITVvi_vZin03_v1.1_P135.ver1.0.g250390.p01         -          LRR_6                PF13516.12   2.2e-06   26.3  63.2      0.93    8.8   0.1  15.9  18   0   0  18  18   8   0 | TM
VITVvi_vZin03_v1.1_P7.ver1.0.g488190.p01           -          LRR_6                PF13516.12   2.5e-06   26.2   9.8       1.8    7.9   0.5   6.5   7   0   0   7   7   2   0 | TM
VITVvi_vZin03_v1.1_P175.ver1.0.g291210.p01         -          LRR_6                PF13516.12   2.8e-06   26.0  56.1      0.34   10.2   0.1  14.4  17   0   0  17  17   6   1 | SP+TM
VITVvi_vZin03_v1.1_P339.ver1.0.g384120.p01         -          LRR_6                PF13516.12   2.8e-06   26.0  28.1     0.026   13.6   0.2   8.1   8   0   0   8   8   3   2 | SP
VITVvi_vZin03_v1.1_P19.ver1.0.g303860.p01          -          LRR_6                PF13516.12     3e-06   26.0  94.0      0.64    9.3   0.3  20.6  23   0   0  23  23   9   0 | TM
VITVvi_vZin03_v1.1_P151.ver1.0.g270660.p01         -          LRR_6                PF13516.12   3.5e-06   25.7  57.6       1.4    8.3   0.0  18.6  23   0   0  23  23   3   0 | SP+TM
VITVvi_vZin03_v1.1_H000186F_004.ver1.0.g163510.p01 -          LRR_6                PF13516.12   3.5e-06   25.7  65.3      0.04   13.1   0.1  16.0  18   0   0  18  18   6   2 | TM
VITVvi_vZin03_v1.1_P138.ver1.0.g251800.p01         -          LRR_6                PF13516.12   3.6e-06   25.7 110.9       0.1   11.8   0.3  25.7  29   0   0  29  29   6   1 | SP+TM
VITVvi_vZin03_v1.1_P249.ver1.0.g341330.p01         -          LRR_6                PF13516.12   4.1e-06   25.5  16.9      0.29   10.3   0.4   6.2   6   0   0   6   6   3   1 | TM
VITVvi_vZin03_v1.1_P155.ver1.0.g273930.p01         -          LRR_6                PF13516.12   4.2e-06   25.5  23.9      0.18   11.0   0.7   7.6   8   0   0   8   8   4   1 | SP+TM
VITVvi_vZin03_v1.1_H000182F_002.ver1.0.g162460.p01 -          LRR_6                PF13516.12   4.7e-06   25.3  19.0      0.92    8.8   0.6   6.5   7   0   0   7   7   4   0 | SP
VITVvi_vZin03_v1.1_P124.ver1.0.g240540.p01         -          LRR_6                PF13516.12   4.8e-06   25.3  64.6     0.042   13.0   0.2  15.9  18   0   0  18  18   6   1 | TM
VITVvi_vZin03_v1.1_H000051F_004.ver1.0.g090330.p01 -          LRR_6                PF13516.12   4.9e-06   25.3  46.0      0.34   10.2   0.1  12.1  13   0   0  13  13   4   1 | SP+TM
VITVvi_vZin03_v1.1_P494.ver1.0.g441470.p01         -          LRR_6                PF13516.12     5e-06   25.3  38.8       1.6    8.1   0.8  10.4  12   0   0  12  12   5   0 | TM
VITVvi_vZin03_v1.1_H000153F_005.ver1.0.g152810.p01 -          LRR_6                PF13516.12   5.5e-06   25.1  36.7       0.3   10.3   0.1  10.4  10   0   0  10  10   3   1 | SP+TM
VITVvi_vZin03_v1.1_P25.ver1.0.g343190.p01          -          LRR_6                PF13516.12   5.7e-06   25.1  46.6      0.34   10.2   0.1  12.1  13   0   0  13  13   4   1 | SP+TM
VITVvi_vZin03_v1.1_P774.ver1.0.g498390.p01         -          LRR_6                PF13516.12     6e-06   25.0  12.1      0.53    9.6   0.0   5.4   5   0   0   5   5   2   1 | TM
VITVvi_vZin03_v1.1_H000464F_001.ver1.0.g194380.p01 -          LRR_6                PF13516.12   6.4e-06   24.9  63.6     0.058   12.6   0.1  17.1  20   0   0  20  20   5   2 | TM
VITVvi_vZin03_v1.1_P25.ver1.0.g342180.p01          -          LRR_6                PF13516.12   6.5e-06   24.9  60.9      0.87    8.9   0.1  18.3  21   0   0  21  21   4   0 | SP+TM
VITVvi_vZin03_v1.1_P128.ver1.0.g242160.p01         -          LRR_6                PF13516.12   6.6e-06   24.9  24.8      0.44    9.8   0.2   8.1   8   0   0   8   8   2   2 | SP
VITVvi_vZin03_v1.1_H000152F_005.ver1.0.g151320.p01 -          LRR_6                PF13516.12   6.6e-06   24.9  24.8      0.44    9.8   0.2   8.1   8   0   0   8   8   2   2 | SP
VITVvi_vZin03_v1.1_P240.ver1.0.g338610.p01         -          LRR_6                PF13516.12   6.6e-06   24.9  79.7      0.33   10.2   0.5  19.4  22   0   0  22  22   7   1 | TM
VITVvi_vZin03_v1.1_P44.ver1.0.g426390.p01          -          LRR_6                PF13516.12   6.9e-06   24.8   2.6     0.065   12.4   0.1   5.5   5   0   0   5   5   1   1 | SP+TM
VITVvi_vZin03_v1.1_P259.ver1.0.g346060.p01         -          LRR_6                PF13516.12   7.6e-06   24.7  97.4      0.37   10.0   0.2  21.2  25   0   0  25  25   7   1 | SP+TM
VITVvi_vZin03_v1.1_P298.ver1.0.g364110.p01         -          LRR_6                PF13516.12   8.2e-06   24.6  29.6      0.18   11.0   0.2  10.7  11   0   0  11  11   2   1 | TM
VITVvi_vZin03_v1.1_P368.ver1.0.g393060.p01         -          LRR_6                PF13516.12   8.2e-06   24.6  40.7      0.24   10.6   0.1   9.9  10   0   0  10  10   5   1 | TM
VITVvi_vZin03_v1.1_P76.ver1.0.g497570.p01          -          LRR_6                PF13516.12   8.3e-06   24.6  55.0      0.58    9.4   0.3  12.0  12   0   0  12  12   6   1 | SP
VITVvi_vZin03_v1.1_P40.ver1.0.g411750.p01          -          LRR_6                PF13516.12   8.3e-06   24.6  67.5     0.031   13.4   0.0  15.2  18   0   0  18  18   6   2 | TM
VITVvi_vZin03_v1.1_P14.ver1.0.g253620.p01          -          LRR_6                PF13516.12   8.4e-06   24.5  11.0       1.1    8.5   0.0   5.9   5   0   0   5   5   3   0 | SP+TM
VITVvi_vZin03_v1.1_P249.ver1.0.g341500.p01         -          LRR_6                PF13516.12   8.5e-06   24.5  19.6      0.29   10.4   0.4   6.3   6   0   0   6   6   3   1 | TM
VITVvi_vZin03_v1.1_P124.ver1.0.g240660.p01         -          LRR_6                PF13516.12   9.1e-06   24.4  82.1         1    8.7   0.2  20.8  24   0   0  24  24   5   0 | SP+TM
VITVvi_vZin03_v1.1_H000037F_013.ver1.0.g074710.p01 -          LRR_6                PF13516.12   9.8e-06   24.3  67.0      0.12   11.6   0.0  16.0  18   0   0  18  18   5   1 | SP+TM
VITVvi_vZin03_v1.1_H000084F_006.ver1.0.g118420.p01 -          LRR_6                PF13516.12     1e-05   24.3  81.5      0.09   12.0   0.0  19.3  23   0   0  23  23   7   2 | SP+TM
VITVvi_vZin03_v1.1_P714.ver1.0.g493080.p01         -          LRR_6                PF13516.12     1e-05   24.3  18.2      0.39   10.0   0.3   8.8   9   1   1  10  10   3   1 | SP
VITVvi_vZin03_v1.1_P301.ver1.0.g371810.p01         -          LRR_6                PF13516.12   1.1e-05   24.2  91.9      0.94    8.8   0.1  23.2  26   0   0  26  26   4   0 | SP+TM
VITVvi_vZin03_v1.1_P279.ver1.0.g355750.p01         -          LRR_6                PF13516.12   1.1e-05   24.2  43.0      0.42    9.9   0.3  12.5  13   0   0  13  13   3   1 | TM
VITVvi_vZin03_v1.1_P273.ver1.0.g354170.p01         -          LRR_6                PF13516.12   1.2e-05   24.1  97.1   0.00034   19.5   0.5  20.5  25   0   0  25  25   6   3 | SP+TM
VITVvi_vZin03_v1.1_H000125F_002.ver1.0.g138380.p01 -          LRR_6                PF13516.12   1.3e-05   24.0  16.4       2.7    7.3   0.0   8.7   9   0   0   9   9   2   0 | SP
VITVvi_vZin03_v1.1_P110.ver1.0.g224860.p01         -          LRR_6                PF13516.12   1.3e-05   24.0  16.4       2.7    7.3   0.0   8.7   9   0   0   9   9   2   0 | SP
VITVvi_vZin03_v1.1_P37.ver1.0.g394300.p01          -          LRR_6                PF13516.12   1.4e-05   23.8  67.1      0.29   10.4   0.0  16.1  18   0   0  18  18   5   1 | TM
VITVvi_vZin03_v1.1_P744.ver1.0.g496250.p01         -          LRR_6                PF13516.12   1.5e-05   23.7  12.9      0.11   11.7   0.3   5.1   5   0   0   5   5   3   1 | TM
VITVvi_vZin03_v1.1_P714.ver1.0.g493090.p01         -          LRR_6                PF13516.12   1.5e-05   23.7  12.9      0.11   11.7   0.3   5.1   5   0   0   5   5   3   1 | TM
VITVvi_vZin03_v1.1_H000001F_017.ver1.0.g003350.p01 -          LRR_6                PF13516.12   1.5e-05   23.7  15.1       1.4    8.2   0.0   7.7  10   0   0  10  10   3   0 | SP
VITVvi_vZin03_v1.1_P127.ver1.0.g241780.p01         -          LRR_6                PF13516.12   1.6e-05   23.7  52.9      0.61    9.4   0.4  14.4  15   0   0  15  15   3   1 | TM
VITVvi_vZin03_v1.1_P12.ver1.0.g234840.p01          -          LRR_6                PF13516.12   1.6e-05   23.7  12.1      0.29   10.4   0.0   6.4   7   0   0   7   7   2   1 | TM
VITVvi_vZin03_v1.1_P52.ver1.0.g450560.p01          -          LRR_6                PF13516.12   1.6e-05   23.7  45.1       1.3    8.3   0.0  12.6  13   0   0  13  13   4   0 | SP+TM
VITVvi_vZin03_v1.1_P518.ver1.0.g450220.p01         -          LRR_6                PF13516.12   1.6e-05   23.7  15.6      0.02   14.0   0.7   4.8   5   0   0   5   5   4   1 | TM
VITVvi_vZin03_v1.1_P142.ver1.0.g259020.p01         -          LRR_6                PF13516.12   1.6e-05   23.6  45.1       1.3    8.3   0.0  12.6  13   0   0  13  13   4   0 | SP+TM
VITVvi_vZin03_v1.1_P249.ver1.0.g341360.p01         -          LRR_6                PF13516.12   1.7e-05   23.6  75.9    0.0014   17.6   0.1  17.7  21   0   0  21  21   4   2 | SP+TM
VITVvi_vZin03_v1.1_P140.ver1.0.g257830.p01         -          LRR_6                PF13516.12   1.8e-05   23.5  87.8       2.7    7.3   0.1  22.6  27   0   0  27  27   4   0 | SP
VITVvi_vZin03_v1.1_H000397F_001.ver1.0.g191480.p01 -          LRR_6                PF13516.12   1.9e-05   23.5  33.5       3.4    7.0   0.0  10.6  11   0   0  11  11   5   0 | SP
VITVvi_vZin03_v1.1_H000146F_009.ver1.0.g148780.p01 -          LRR_6                PF13516.12   1.9e-05   23.5  19.9      0.44    9.8   0.0   6.9   7   0   0   7   7   3   1 | TM
VITVvi_vZin03_v1.1_P272.ver1.0.g353670.p01         -          LRR_6                PF13516.12   1.9e-05   23.5  90.9       1.9    7.8   0.0  23.4  29   0   0  29  29   3   0 | SP+TM
VITVvi_vZin03_v1.1_P26.ver1.0.g346540.p01          -          LRR_6                PF13516.12   2.1e-05   23.3  37.4     0.034   13.3   0.1  11.4  12   0   0  12  12   4   1 | SP+TM
VITVvi_vZin03_v1.1_P138.ver1.0.g251770.p01         -          LRR_6                PF13516.12   2.1e-05   23.3  17.2       1.8    7.9   0.1   6.4   6   0   0   6   6   4   0 | TM
VITVvi_vZin03_v1.1_H000092F_008.ver1.0.g123550.p01 -          LRR_6                PF13516.12   2.1e-05   23.3   0.3       5.7    6.3   0.1   5.5   5   0   0   5   5   1   0 | SP+TM
VITVvi_vZin03_v1.1_H000153F_005.ver1.0.g152800.p01 -          LRR_6                PF13516.12   2.1e-05   23.3  23.3      0.25   10.6   0.0   7.3   8   0   0   8   8   4   1 | SP+TM
VITVvi_vZin03_v1.1_P31.ver1.0.g374080.p01          -          LRR_6                PF13516.12   2.4e-05   23.1  29.9     0.046   12.9   0.1  10.7  11   0   0  11  11   2   1 | SP+TM
VITVvi_vZin03_v1.1_P38.ver1.0.g398050.p01          -          LRR_6                PF13516.12   2.4e-05   23.1  27.1       2.1    7.7   0.0  10.7  13   0   0  13  13   4   0 | SP+TM
VITVvi_vZin03_v1.1_P38.ver1.0.g397860.p01          -          LRR_6                PF13516.12   2.5e-05   23.1   7.5      0.81    9.0   0.1   5.9   6   0   0   6   6   1   0 | SP
VITVvi_vZin03_v1.1_H000001F_021.ver1.0.g004440.p01 -          LRR_6                PF13516.12   2.5e-05   23.1  21.6       3.8    6.9   0.9   7.7   8   0   0   8   8   4   0 | SP+TM
VITVvi_vZin03_v1.1_P400.ver1.0.g412340.p01         -          LRR_6                PF13516.12   2.5e-05   23.0   9.7       1.7    8.0   0.0   6.7   6   0   0   6   6   2   0 | SP
VITVvi_vZin03_v1.1_P17.ver1.0.g287030.p01          -          LRR_6                PF13516.12   2.6e-05   23.0   0.2       2.2    7.6   0.0   4.9   4   0   0   4   4   2   0 | SP
VITVvi_vZin03_v1.1_H000016F_011.ver1.0.g047830.p01 -          LRR_6                PF13516.12   2.6e-05   23.0   0.2       2.2    7.6   0.0   4.9   4   0   0   4   4   2   0 | SP
VITVvi_vZin03_v1.1_H000019F_012.ver1.0.g053930.p01 -          LRR_6                PF13516.12   2.7e-05   23.0  75.4      0.14   11.4   0.2  16.6  17   1   1  18  18   7   1 | TM
VITVvi_vZin03_v1.1_P240.ver1.0.g338570.p01         -          LRR_6                PF13516.12   2.7e-05   22.9  57.2      0.73    9.1   0.3  15.4  17   0   0  17  17   6   0 | TM
VITVvi_vZin03_v1.1_P516.ver1.0.g449980.p01         -          LRR_6                PF13516.12   2.8e-05   22.9  19.9       1.1    8.6   0.2   8.4  10   0   0  10  10   3   0 | SP
VITVvi_vZin03_v1.1_H000005F_004.ver1.0.g020140.p01 -          LRR_6                PF13516.12   2.8e-05   22.9  43.0      0.71    9.1   0.8  13.5  14   0   0  14  14   4   0 | SP+TM
VITVvi_vZin03_v1.1_P155.ver1.0.g274500.p01         -          LRR_6                PF13516.12   2.9e-05   22.9   3.7      0.42    9.9   0.1   5.4   5   0   0   5   5   2   1 | SP+TM
VITVvi_vZin03_v1.1_P6.ver1.0.g471210.p01           -          LRR_6                PF13516.12   2.9e-05   22.9  43.0      0.71    9.1   0.8  13.5  14   0   0  14  14   4   0 | SP+TM
VITVvi_vZin03_v1.1_H000182F_002.ver1.0.g162350.p01 -          LRR_6                PF13516.12   2.9e-05   22.9  59.7       5.1    6.5   0.0  18.4  21   0   0  21  21   5   0 | TM
VITVvi_vZin03_v1.1_P49.ver1.0.g439310.p01          -          LRR_6                PF13516.12     3e-05   22.8   2.5     0.054   12.7   0.0   5.3   6   0   0   6   6   1   1 | SP+TM
VITVvi_vZin03_v1.1_H000012F_008.ver1.0.g038420.p01 -          LRR_6                PF13516.12     3e-05   22.8  29.3      0.73    9.1   0.1   8.9   9   0   0   9   9   3   0 | SP
VITVvi_vZin03_v1.1_P24.ver1.0.g338310.p01          -          LRR_6                PF13516.12   3.5e-05   22.6  23.3      0.55    9.5   0.0   8.9  10   0   0  10  10   2   1 | SP
VITVvi_vZin03_v1.1_P61.ver1.0.g474780.p01          -          LRR_6                PF13516.12   3.6e-05   22.6  20.1       1.3    8.4   0.3   7.3   7   0   0   7   7   3   0 | TM
VITVvi_vZin03_v1.1_H000029F_011.ver1.0.g067750.p01 -          LRR_6                PF13516.12   3.6e-05   22.6  37.4     0.036   13.2   0.1  11.4  12   0   0  12  12   4   1 | SP+TM
VITVvi_vZin03_v1.1_H000464F_001.ver1.0.g194280.p01 -          LRR_6                PF13516.12   3.6e-05   22.6   2.4       1.1    8.6   0.0   4.4   4   0   0   4   4   2   0 | TM
VITVvi_vZin03_v1.1_P572.ver1.0.g463520.p01         -          LRR_6                PF13516.12   3.7e-05   22.5  90.4      0.11   11.6   0.0  19.5  23   0   0  23  23   7   2 | SP+TM
VITVvi_vZin03_v1.1_P240.ver1.0.g338720.p01         -          LRR_6                PF13516.12   4.3e-05   22.3  63.0      0.11   11.7   0.5  14.7  16   0   0  16  16   5   1 | SP
VITVvi_vZin03_v1.1_P71.ver1.0.g491640.p01          -          LRR_6                PF13516.12   4.4e-05   22.3  23.8      0.35   10.1   0.4   7.9   8   0   0   8   8   3   1 | TM
VITVvi_vZin03_v1.1_H000057F_001.ver1.0.g098100.p01 -          LRR_6                PF13516.12   4.5e-05   22.3   1.8      0.06   12.5   0.0   5.2   6   0   0   6   6   1   1 | SP+TM
VITVvi_vZin03_v1.1_P272.ver1.0.g353560.p01         -          LRR_6                PF13516.12   4.7e-05   22.2  84.7       1.8    7.9   0.1  21.4  24   0   0  24  24   6   0 | TM
VITVvi_vZin03_v1.1_P155.ver1.0.g274530.p01         -          LRR_6                PF13516.12   4.8e-05   22.2   4.3      0.34   10.1   0.1   5.2   5   0   0   5   5   2   1 | SP+TM
VITVvi_vZin03_v1.1_P165.ver1.0.g283850.p01         -          LRR_6                PF13516.12   4.9e-05   22.2   9.2       1.6    8.1   0.3   6.5   6   0   0   6   6   1   0 | SP+TM
VITVvi_vZin03_v1.1_P658.ver1.0.g481500.p01         -          LRR_6                PF13516.12   4.9e-05   22.1   1.5      0.67    9.2   0.0   4.4   4   0   0   4   4   2   0 | TM
VITVvi_vZin03_v1.1_P298.ver1.0.g363980.p01         -          LRR_6                PF13516.12   4.9e-05   22.1   6.4       0.4    9.9   0.0   4.8   4   0   0   4   4   2   1 | TM
VITVvi_vZin03_v1.1_P53.ver1.0.g453660.p01          -          LRR_6                PF13516.12     5e-05   22.1   1.5      0.31   10.3   0.1   3.8   4   0   0   4   4   2   1 | SP+TM
VITVvi_vZin03_v1.1_P272.ver1.0.g353700.p01         -          LRR_6                PF13516.12     5e-05   22.1 100.1      0.59    9.4   0.0  23.6  28   0   0  28  28   6   1 | SP+TM
VITVvi_vZin03_v1.1_P298.ver1.0.g364010.p01         -          LRR_6                PF13516.12   5.1e-05   22.1  23.1      0.86    8.9   0.5   8.7   9   0   0   9   9   3   0 | TM
VITVvi_vZin03_v1.1_P53.ver1.0.g456550.p01          -          LRR_6                PF13516.12   5.2e-05   22.1  66.8      0.29   10.3   0.1  17.3  22   0   0  22  22   6   1 | SP+TM
VITVvi_vZin03_v1.1_P272.ver1.0.g353660.p01         -          LRR_6                PF13516.12   5.6e-05   22.0  45.1       0.9    8.8   0.0  12.7  14   1   1  15  15   4   0 | SP+TM
VITVvi_vZin03_v1.1_P89.ver1.0.g519300.p01          -          LRR_6                PF13516.12   5.8e-05   21.9  51.5       1.8    7.9   0.3  14.3  16   0   0  16  16   4   0 | SP
VITVvi_vZin03_v1.1_P237.ver1.0.g336830.p01         -          LRR_6                PF13516.12   6.5e-05   21.8  10.2       2.3    7.6   0.0   4.3   4   0   0   4   4   4   0 | TM
VITVvi_vZin03_v1.1_P74.ver1.0.g495750.p01          -          LRR_6                PF13516.12   6.6e-05   21.7  28.1       3.6    7.0   0.5   8.6   9   0   0   9   9   4   0 | TM
VITVvi_vZin03_v1.1_P2.ver1.0.g311130.p01           -          LRR_6                PF13516.12   6.7e-05   21.7  62.2      0.33   10.2   0.6  14.5  16   0   0  16  16   6   1 | SP+TM
VITVvi_vZin03_v1.1_H000027F_017.ver1.0.g065010.p01 -          LRR_6                PF13516.12   6.7e-05   21.7  46.7      0.95    8.8   0.2  11.8  12   0   0  12  12   5   0 | TM
VITVvi_vZin03_v1.1_P199.ver1.0.g308810.p01         -          LRR_6                PF13516.12     8e-05   21.5  57.6         3    7.2   0.4  14.6  16   0   0  16  16   4   0 | TM
VITVvi_vZin03_v1.1_H000019F_012.ver1.0.g053970.p01 -          LRR_6                PF13516.12   8.1e-05   21.5 117.5     0.094   11.9   0.2  25.6  29   0   0  29  29   8   2 | SP+TM
VITVvi_vZin03_v1.1_P71.ver1.0.g491650.p01          -          LRR_6                PF13516.12   8.3e-05   21.4  49.9      0.15   11.3   0.2  13.2  15   0   0  15  15   4   1 | SP
VITVvi_vZin03_v1.1_H000110F_013.ver1.0.g133630.p01 -          LRR_6                PF13516.12   8.3e-05   21.4  51.9       1.8    7.9   0.3  14.3  16   0   0  16  16   4   0 | SP
VITVvi_vZin03_v1.1_P124.ver1.0.g240680.p01         -          LRR_6                PF13516.12   8.5e-05   21.4  65.4       1.1    8.6   0.4  17.7  21   0   0  21  21   5   0 | TM
VITVvi_vZin03_v1.1_H000464F_001.ver1.0.g194340.p01 -          LRR_6                PF13516.12   8.5e-05   21.4   1.0      0.93    8.8   0.0   3.5   3   0   0   3   3   2   0 | TM
VITVvi_vZin03_v1.1_H000397F_002.ver1.0.g191500.p01 -          LRR_6                PF13516.12   8.6e-05   21.4  27.0       1.3    8.4   0.0   8.7   9   0   0   9   9   4   0 | SP
VITVvi_vZin03_v1.1_H000029F_002.ver1.0.g066700.p01 -          LRR_6                PF13516.12   8.7e-05   21.4  28.4     0.027   13.6   0.1   9.2   9   0   0   9   9   3   1 | TM
VITVvi_vZin03_v1.1_P405.ver1.0.g413080.p01         -          LRR_6                PF13516.12   9.7e-05   21.2  31.9      0.52    9.6   0.0   9.3  10   0   0  10  10   4   1 | TM
VITVvi_vZin03_v1.1_P368.ver1.0.g393020.p01         -          LRR_6                PF13516.12    0.0001   21.2  28.7      0.18   11.0   0.1   8.9   8   0   0   8   8   3   1 | SP
VITVvi_vZin03_v1.1_P53.ver1.0.g453130.p01          -          LRR_6                PF13516.12    0.0001   21.2  37.1       0.4    9.9   0.1  10.2  10   0   0  10  10   3   1 | SP+TM
VITVvi_vZin03_v1.1_P199.ver1.0.g308710.p01         -          LRR_6                PF13516.12    0.0001   21.1  24.4     0.029   13.5   0.1   8.2   9   0   0   9   9   2   1 | SP
VITVvi_vZin03_v1.1_P302.ver1.0.g372040.p01         -          LRR_6                PF13516.12   0.00011   21.1   6.8      0.81    9.0   0.7   3.6   3   0   0   3   3   3   0 | TM
VITVvi_vZin03_v1.1_H000070F_007.ver1.0.g109950.p01 -          LRR_6                PF13516.12   0.00011   21.0  18.9       0.1   11.8   0.5   5.9   6   0   0   6   6   3   2 | SP+TM
VITVvi_vZin03_v1.1_P407.ver1.0.g413240.p01         -          LRR_6                PF13516.12   0.00012   21.0  91.4      0.06   12.5   0.5  20.3  22   0   0  22  22   6   1 | TM
VITVvi_vZin03_v1.1_H000182F_002.ver1.0.g162270.p01 -          LRR_6                PF13516.12   0.00012   20.9  69.4      0.61    9.4   0.4  17.0  20   0   0  20  20   5   1 | SP+TM
VITVvi_vZin03_v1.1_P498.ver1.0.g441560.p01         -          LRR_6                PF13516.12   0.00012   20.9   2.3      0.24   10.6   0.1   4.3   4   0   0   4   4   2   1 | TM
VITVvi_vZin03_v1.1_H000079F_014.ver1.0.g114300.p01 -          LRR_6                PF13516.12   0.00012   20.9  84.0      0.23   10.7   0.4  19.6  22   0   0  22  22   7   1 | SP+TM
VITVvi_vZin03_v1.1_H000079F_010.ver1.0.g113650.p01 -          LRR_6                PF13516.12   0.00012   20.9  84.0      0.23   10.7   0.4  19.6  22   0   0  22  22   7   1 | SP+TM
VITVvi_vZin03_v1.1_H000182F_002.ver1.0.g162340.p01 -          LRR_6                PF13516.12   0.00012   20.9  56.2      0.58    9.4   0.0  15.2  18   0   0  18  18   3   1 | SP
VITVvi_vZin03_v1.1_P14.ver1.0.g255950.p01          -          LRR_6                PF13516.12   0.00013   20.9   4.7      0.46    9.7   0.1   3.7   3   0   0   3   3   2   1 | SP+TM
VITVvi_vZin03_v1.1_P152.ver1.0.g270980.p01         -          LRR_6                PF13516.12   0.00013   20.8  52.9     0.051   12.7   0.1  14.8  19   0   0  19  19   4   1 | TM
VITVvi_vZin03_v1.1_H000013F_002.ver1.0.g040830.p01 -          LRR_6                PF13516.12   0.00013   20.8   4.7      0.46    9.7   0.1   3.6   3   0   0   3   3   2   1 | SP+TM
VITVvi_vZin03_v1.1_H000152F_005.ver1.0.g151210.p01 -          LRR_6                PF13516.12   0.00013   20.8  15.8      0.61    9.4   0.0   7.1   8   0   0   8   8   2   0 | SP
VITVvi_vZin03_v1.1_H000051F_004.ver1.0.g090350.p01 -          LRR_6                PF13516.12   0.00014   20.8   7.7       1.5    8.2   0.2   4.8   4   0   0   4   4   2   0 | SP+TM
VITVvi_vZin03_v1.1_P25.ver1.0.g343230.p01          -          LRR_6                PF13516.12   0.00014   20.7   7.7       1.5    8.2   0.2   4.8   4   0   0   4   4   2   0 | SP+TM
VITVvi_vZin03_v1.1_H000023F_021.ver1.0.g057950.p01 -          LRR_6                PF13516.12   0.00014   20.7  25.9      0.63    9.3   0.0   9.6  11   0   0  11  11   2   0 | SP
VITVvi_vZin03_v1.1_P119.ver1.0.g232200.p01         -          LRR_6                PF13516.12   0.00015   20.6 127.8      0.95    8.7   0.2  27.6  31   1   1  32  32   7   0 | SP+TM
VITVvi_vZin03_v1.1_P49.ver1.0.g439330.p01          -          LRR_6                PF13516.12   0.00015   20.6   0.6     0.099   11.8   0.0   3.9   4   0   0   4   4   1   1 | TM
VITVvi_vZin03_v1.1_P14.ver1.0.g255960.p01          -          LRR_6                PF13516.12   0.00016   20.6   6.0      0.22   10.7   0.1   3.6   3   0   0   3   3   2   1 | TM
VITVvi_vZin03_v1.1_P249.ver1.0.g341390.p01         -          LRR_6                PF13516.12   0.00016   20.5   0.3   0.00016   20.5   0.3  12.0  15   0   0  15  15   3   1 | TM
VITVvi_vZin03_v1.1_H000037F_018.ver1.0.g074900.p01 -          LRR_6                PF13516.12   0.00018   20.4  36.6       1.1    8.6   0.0  10.5  11   0   0  11  11   3   0 | TM
VITVvi_vZin03_v1.1_P14.ver1.0.g256150.p01          -          LRR_6                PF13516.12   0.00018   20.4   7.4      0.22   10.7   1.2   3.8   3   0   0   3   3   2   1 | SP+TM
VITVvi_vZin03_v1.1_H000182F_002.ver1.0.g162320.p01 -          LRR_6                PF13516.12   0.00019   20.3  55.0      0.62    9.3   0.0  16.6  19   0   0  19  19   2   0 | TM
VITVvi_vZin03_v1.1_P779.ver1.0.g498650.p01         -          LRR_6                PF13516.12    0.0002   20.3  16.1     0.039   13.1   0.1   6.3   6   0   0   6   6   2   1 | TM
VITVvi_vZin03_v1.1_P240.ver1.0.g338600.p01         -          LRR_6                PF13516.12    0.0002   20.3  96.3       1.2    8.4   0.2  23.3  27   0   0  27  27   7   0 | SP+TM
VITVvi_vZin03_v1.1_H000001F_003.ver1.0.g002250.p01 -          LRR_6                PF13516.12    0.0002   20.2   9.6     0.011   14.8   0.0   6.5   7   0   0   7   7   1   1 | TM
VITVvi_vZin03_v1.1_P2.ver1.0.g314670.p01           -          LRR_6                PF13516.12    0.0002   20.2   9.6     0.011   14.8   0.0   6.5   7   0   0   7   7   1   1 | TM
VITVvi_vZin03_v1.1_H000041F_010.ver1.0.g076650.p01 -          LRR_6                PF13516.12   0.00022   20.1  34.9      0.14   11.4   0.5  10.5  12   0   0  12  12   3   1 | SP+TM
VITVvi_vZin03_v1.1_H000013F_002.ver1.0.g040840.p01 -          LRR_6                PF13516.12   0.00023   20.1   7.3      0.22   10.7   0.1   3.6   3   0   0   3   3   2   1 | TM
VITVvi_vZin03_v1.1_H000026F_002.ver1.0.g061810.p01 -          LRR_6                PF13516.12   0.00023   20.0   0.3       5.1    6.5   0.0   4.4   4   0   0   4   4   1   0 | SP
VITVvi_vZin03_v1.1_P30.ver1.0.g369600.p01          -          LRR_6                PF13516.12   0.00023   20.0   0.3       5.1    6.5   0.0   4.4   4   0   0   4   4   1   0 | SP
VITVvi_vZin03_v1.1_H000013F_002.ver1.0.g040880.p01 -          LRR_6                PF13516.12   0.00023   20.0   4.8      0.68    9.2   0.3   4.2   3   0   0   3   3   2   0 | TM
VITVvi_vZin03_v1.1_H000010F_003.ver1.0.g034000.p01 -          LRR_6                PF13516.12   0.00024   20.0 101.3      0.42    9.9   0.3  20.2  23   0   0  23  23   8   2 | SP+TM
VITVvi_vZin03_v1.1_P138.ver1.0.g251720.p01         -          LRR_6                PF13516.12   0.00024   20.0  68.4       4.1    6.8   0.0  17.6  19   0   0  19  19   4   0 | TM
VITVvi_vZin03_v1.1_P14.ver1.0.g255980.p01          -          LRR_6                PF13516.12   0.00027   19.8   5.3      0.38   10.0   0.1   3.6   3   0   0   3   3   2   1 | TM
VITVvi_vZin03_v1.1_P14.ver1.0.g255970.p01          -          LRR_6                PF13516.12   0.00027   19.8   3.5      0.67    9.2   0.1   3.9   3   0   0   3   3   2   0 | SP+TM
VITVvi_vZin03_v1.1_P22.ver1.0.g327600.p01          -          LRR_6                PF13516.12   0.00029   19.7  86.7      0.47    9.7   0.5  20.9  24   0   0  24  24   4   1 | SP+TM
VITVvi_vZin03_v1.1_P36.ver1.0.g390290.p01          -          LRR_6                PF13516.12   0.00029   19.7  35.3      0.14   11.4   0.5  10.5  12   0   0  12  12   3   1 | SP+TM
VITVvi_vZin03_v1.1_P830.ver1.0.g509660.p01         -          LRR_6                PF13516.12    0.0003   19.7  20.5         1    8.7   0.5   7.9   9   0   0   9   9   3   0 | SP
VITVvi_vZin03_v1.1_H000019F_012.ver1.0.g053940.p01 -          LRR_6                PF13516.12   0.00031   19.7  86.7      0.47    9.7   0.5  20.9  24   0   0  24  24   4   1 | SP+TM
VITVvi_vZin03_v1.1_H000084F_004.ver1.0.g118330.p01 -          LRR_6                PF13516.12   0.00034   19.5  65.0      0.33   10.2   0.8  18.1  22   0   0  22  22   5   1 | SP
VITVvi_vZin03_v1.1_P368.ver1.0.g393070.p01         -          LRR_6                PF13516.12   0.00034   19.5  25.9      0.43    9.8   0.1   7.7   8   0   0   8   8   4   1 | TM
VITVvi_vZin03_v1.1_P40.ver1.0.g411670.p01          -          LRR_6                PF13516.12   0.00034   19.5  25.9      0.43    9.8   0.1   7.7   8   0   0   8   8   4   1 | TM
VITVvi_vZin03_v1.1_P89.ver1.0.g519140.p01          -          LRR_6                PF13516.12   0.00034   19.5  87.6      0.66    9.2   0.2  22.3  25   0   0  25  25   6   0 | SP+TM
VITVvi_vZin03_v1.1_P71.ver1.0.g491690.p01          -          LRR_6                PF13516.12   0.00034   19.5   0.1   0.00034   19.5   0.1  18.9  24   0   0  24  24   4   1 | SP+TM
VITVvi_vZin03_v1.1_P572.ver1.0.g463470.p01         -          LRR_6                PF13516.12   0.00035   19.5  90.9      0.32   10.2   0.1  19.9  24   0   0  24  24   7   2 | SP+TM
VITVvi_vZin03_v1.1_P49.ver1.0.g439500.p01          -          LRR_6                PF13516.12   0.00037   19.4   6.4       1.1    8.5   0.0   6.1   6   0   0   6   6   1   0 | TM
VITVvi_vZin03_v1.1_P127.ver1.0.g241740.p01         -          LRR_6                PF13516.12   0.00037   19.4 186.5      0.46    9.7   0.0  37.8  45   0   0  45  45  13   1 | TM
VITVvi_vZin03_v1.1_P193.ver1.0.g307010.p01         -          LRR_6                PF13516.12   0.00039   19.3  14.0      0.84    8.9   0.3   5.6   5   0   0   5   5   2   0 | SP+TM
VITVvi_vZin03_v1.1_P298.ver1.0.g364070.p01         -          LRR_6                PF13516.12   0.00039   19.3  35.4       3.6    6.9   0.3  11.1  11   0   0  11  11   3   0 | SP+TM
VITVvi_vZin03_v1.1_P88.ver1.0.g518590.p01          -          LRR_6                PF13516.12   0.00039   19.3  14.0      0.84    8.9   0.3   5.6   5   0   0   5   5   2   0 | SP+TM
VITVvi_vZin03_v1.1_P14.ver1.0.g255910.p01          -          LRR_6                PF13516.12    0.0004   19.3   2.6       0.7    9.2   0.7   2.9   2   0   0   2   2   2   0 | TM
VITVvi_vZin03_v1.1_P44.ver1.0.g426360.p01          -          LRR_6                PF13516.12   0.00041   19.3   2.4     0.049   12.8   0.1   4.0   3   0   0   3   3   1   1 | TM
VITVvi_vZin03_v1.1_H000139F_004.ver1.0.g144560.p01 -          LRR_6                PF13516.12   0.00041   19.3   0.1        11    5.5   0.0   5.4   5   0   0   5   5   1   0 | SP
VITVvi_vZin03_v1.1_H000183F_001.ver1.0.g162760.p01 -          LRR_6                PF13516.12   0.00041   19.3   8.2         2    7.8   0.0   4.7   4   0   0   4   4   2   0 | SP+TM
VITVvi_vZin03_v1.1_P119.ver1.0.g232260.p01         -          LRR_6                PF13516.12   0.00042   19.2   0.1        11    5.5   0.0   5.4   5   0   0   5   5   1   0 | SP
VITVvi_vZin03_v1.1_P155.ver1.0.g273990.p01         -          LRR_6                PF13516.12   0.00042   19.2   8.2         2    7.8   0.0   4.6   4   0   0   4   4   2   0 | SP+TM
VITVvi_vZin03_v1.1_H000182F_002.ver1.0.g162250.p01 -          LRR_6                PF13516.12   0.00043   19.2  62.4      0.63    9.3   0.4  15.7  18   0   0  18  18   4   0 | SP+TM
VITVvi_vZin03_v1.1_P77.ver1.0.g498080.p01          -          LRR_6                PF13516.12   0.00043   19.2  13.9         1    8.7   0.0   7.1   7   0   0   7   7   1   0 | SP+TM
VITVvi_vZin03_v1.1_P14.ver1.0.g256000.p01          -          LRR_6                PF13516.12   0.00046   19.1   4.8      0.83    8.9   0.3   4.0   3   0   0   3   3   2   0 | SP+TM
VITVvi_vZin03_v1.1_P518.ver1.0.g450240.p01         -          LRR_6                PF13516.12   0.00048   19.1  26.8      0.18   11.0   0.4   7.0   8   0   0   8   8   3   2 | SP
VITVvi_vZin03_v1.1_H000182F_002.ver1.0.g162450.p01 -          LRR_6                PF13516.12   0.00052   18.9  39.2      0.47    9.7   0.0  13.1  15   0   0  15  15   1   1 | TM
VITVvi_vZin03_v1.1_P124.ver1.0.g240610.p01         -          LRR_6                PF13516.12   0.00052   18.9  41.5      0.39   10.0   0.2  10.9  14   0   0  14  14   4   1 | SP+TM
VITVvi_vZin03_v1.1_P14.ver1.0.g256030.p01          -          LRR_6                PF13516.12   0.00054   18.9   8.5      0.32   10.2   0.3   4.4   4   0   0   4   4   2   2 | TM
VITVvi_vZin03_v1.1_H000373F_003.ver1.0.g190780.p01 -          LRR_6                PF13516.12   0.00063   18.7   3.2      0.58    9.4   0.0   4.2   3   0   0   3   3   2   1 | TM
VITVvi_vZin03_v1.1_P71.ver1.0.g491620.p01          -          LRR_6                PF13516.12   0.00063   18.7  86.3      0.85    8.9   0.4  20.7  24   0   0  24  24   5   0 | SP+TM
VITVvi_vZin03_v1.1_H000153F_001.ver1.0.g152070.p01 -          LRR_6                PF13516.12   0.00073   18.5   5.8       1.1    8.5   0.0   4.5   5   0   0   5   5   2   0 | SP+TM
VITVvi_vZin03_v1.1_P37.ver1.0.g394480.p01          -          LRR_6                PF13516.12   0.00077   18.4  11.3      0.45    9.8   0.1   5.0   5   0   0   5   5   2   1 | TM
VITVvi_vZin03_v1.1_P122.ver1.0.g239370.p01         -          LRR_6                PF13516.12   0.00077   18.4   6.5     0.021   14.0   0.1   4.2   4   0   0   4   4   1   1 | TM
VITVvi_vZin03_v1.1_P50.ver1.0.g446820.p01          -          LRR_6                PF13516.12   0.00077   18.4   7.5       7.2    6.0   0.1   4.8   5   0   0   5   5   3   0 | TM
VITVvi_vZin03_v1.1_P155.ver1.0.g274350.p01         -          LRR_6                PF13516.12   0.00079   18.4   8.1     0.086   12.0   0.1   5.0   4   0   0   4   4   1   1 | SP+TM
VITVvi_vZin03_v1.1_P182.ver1.0.g297940.p01         -          LRR_6                PF13516.12   0.00081   18.3  14.0      0.14   11.4   0.3   5.3   5   0   0   5   5   2   1 | SP+TM
VITVvi_vZin03_v1.1_P273.ver1.0.g354400.p01         -          LRR_6                PF13516.12   0.00081   18.3   1.2        13    5.3   0.1   4.9   5   0   0   5   5   2   0 | TM
VITVvi_vZin03_v1.1_P152.ver1.0.g270960.p01         -          LRR_6                PF13516.12   0.00082   18.3  73.8     0.064   12.4   0.1  18.1  22   0   0  22  22   4   2 | TM
VITVvi_vZin03_v1.1_H000027F_017.ver1.0.g064950.p01 -          LRR_6                PF13516.12   0.00085   18.3  62.6      0.87    8.9   0.1  17.2  21   0   0  21  21   3   0 | SP+TM
VITVvi_vZin03_v1.1_P214.ver1.0.g323840.p01         -          LRR_6                PF13516.12   0.00088   18.2  13.6      0.21   10.8   0.7   6.5   7   0   0   7   7   2   1 | SP
VITVvi_vZin03_v1.1_P14.ver1.0.g256040.p01          -          LRR_6                PF13516.12   0.00089   18.2   7.9      0.39   10.0   0.3   4.0   4   0   0   4   4   2   1 | SP+TM
VITVvi_vZin03_v1.1_P76.ver1.0.g497560.p01          -          LRR_6                PF13516.12    0.0009   18.2 207.6      0.62    9.3   0.5  35.0  36   1   1  37  37  12   0 | SP+TM
VITVvi_vZin03_v1.1_H000013F_002.ver1.0.g040810.p01 -          LRR_6                PF13516.12   0.00091   18.2   2.6         1    8.7   0.7   2.9   2   0   0   2   2   2   0 | SP+TM
VITVvi_vZin03_v1.1_P13.ver1.0.g245140.p01          -          LRR_6                PF13516.12   0.00092   18.2   8.9        24    4.4   0.3   6.6   7   0   0   7   7   0   0 | TM
VITVvi_vZin03_v1.1_P22.ver1.0.g327880.p01          -          LRR_6                PF13516.12   0.00095   18.1   0.3     0.012   14.7   0.1  24.7  28   0   0  28  28   5   2 | SP
VITVvi_vZin03_v1.1_P32.ver1.0.g377400.p01          -          LRR_6                PF13516.12   0.00098   18.1  32.2       3.3    7.1   0.1  11.2  12   0   0  12  12   3   0 | TM
VITVvi_vZin03_v1.1_P85.ver1.0.g511330.p01          -          LRR_6                PF13516.12   0.00098   18.1  11.5       1.2    8.4   0.2   5.5   5   0   0   5   5   2   0 | TM
VITVvi_vZin03_v1.1_P40.ver1.0.g411810.p01          -          LRR_6                PF13516.12    0.0011   18.0  82.2       1.1    8.5   0.1  20.2  23   0   0  23  23   6   0 | SP+TM
VITVvi_vZin03_v1.1_P423.ver1.0.g421190.p01         -          LRR_6                PF13516.12    0.0011   17.9   0.3     0.013   14.6   0.1  24.6  28   0   0  28  28   6   2 | SP+TM
VITVvi_vZin03_v1.1_P272.ver1.0.g353500.p01         -          LRR_6                PF13516.12    0.0012   17.8  33.3        14    5.1   0.1  12.4  14   0   0  14  14   1   0 | SP
VITVvi_vZin03_v1.1_H000012F_011.ver1.0.g038790.p01 -          LRR_6                PF13516.12    0.0012   17.8  26.4      0.67    9.2   0.1   7.9   8   0   0   8   8   2   0 | SP
VITVvi_vZin03_v1.1_P87.ver1.0.g516360.p01          -          LRR_6                PF13516.12    0.0012   17.8 103.1     0.082   12.1   0.1  21.4  27   1   0  27  27   9   2 | SP+TM
VITVvi_vZin03_v1.1_P113.ver1.0.g227580.p01         -          LRR_6                PF13516.12    0.0012   17.8  22.4      0.14   11.3   0.6   6.5   6   0   0   6   6   3   1 | SP+TM
VITVvi_vZin03_v1.1_P259.ver1.0.g346070.p01         -          LRR_6                PF13516.12    0.0013   17.7  81.3      0.73    9.1   0.1  18.7  21   1   1  22  22   7   0 | SP+TM
VITVvi_vZin03_v1.1_P87.ver1.0.g516380.p01          -          LRR_6                PF13516.12    0.0013   17.7  37.9      0.58    9.4   0.0   9.1  10   0   0  10  10   4   1 | TM
VITVvi_vZin03_v1.1_P14.ver1.0.g254180.p01          -          LRR_6                PF13516.12    0.0013   17.7   3.2      0.63    9.3   0.3   4.0   3   0   0   3   3   1   0 | SP+TM
VITVvi_vZin03_v1.1_H000230F_001.ver1.0.g175070.p01 -          LRR_6                PF13516.12    0.0013   17.7  52.0      0.38   10.0   0.4  12.0  13   0   0  13  13   4   1 | TM
VITVvi_vZin03_v1.1_P34.ver1.0.g385100.p01          -          LRR_6                PF13516.12    0.0014   17.6   8.9        16    4.9   0.1   7.0   8   0   0   8   8   0   0 | SP+TM
VITVvi_vZin03_v1.1_H000040F_001.ver1.0.g075530.p01 -          LRR_6                PF13516.12    0.0014   17.6   8.9        16    4.9   0.1   7.0   8   0   0   8   8   0   0 | SP+TM
VITVvi_vZin03_v1.1_H000041F_010.ver1.0.g076970.p01 -          LRR_6                PF13516.12    0.0014   17.6   0.2       7.4    6.0   0.1   3.7   3   0   0   3   3   1   0 | TM
VITVvi_vZin03_v1.1_H000286F_002.ver1.0.g184300.p01 -          LRR_6                PF13516.12    0.0014   17.6  23.5      0.32   10.2   0.2   8.6  10   0   0  10  10   2   1 | TM
VITVvi_vZin03_v1.1_P7.ver1.0.g490480.p01           -          LRR_6                PF13516.12    0.0015   17.5  21.7         1    8.7   0.5   7.9   9   0   0   9   9   3   0 | SP
VITVvi_vZin03_v1.1_P22.ver1.0.g327470.p01          -          LRR_6                PF13516.12    0.0015   17.5 108.9      0.03   13.5   0.2  22.6  26   0   0  26  26   5   2 | SP+TM
VITVvi_vZin03_v1.1_P478.ver1.0.g436530.p01         -          LRR_6                PF13516.12    0.0015   17.5   4.1      0.34   10.1   0.1   3.8   4   0   0   4   4   2   1 | TM
VITVvi_vZin03_v1.1_P254.ver1.0.g345160.p01         -          LRR_6                PF13516.12    0.0016   17.4  31.0       2.2    7.6   0.1   7.6   8   0   0   8   8   4   0 | TM
VITVvi_vZin03_v1.1_P224.ver1.0.g329680.p01         -          LRR_6                PF13516.12    0.0017   17.4  24.3      0.31   10.3   0.2   8.6  10   0   0  10  10   2   1 | TM
VITVvi_vZin03_v1.1_H000041F_010.ver1.0.g076380.p01 -          LRR_6                PF13516.12    0.0017   17.4   8.9     0.032   13.3   0.6   4.0   4   0   0   4   4   2   1 | SP+TM
VITVvi_vZin03_v1.1_P36.ver1.0.g390010.p01          -          LRR_6                PF13516.12    0.0017   17.4   8.9     0.032   13.3   0.6   4.0   4   0   0   4   4   2   1 | SP+TM
VITVvi_vZin03_v1.1_P155.ver1.0.g274380.p01         -          LRR_6                PF13516.12    0.0017   17.3   9.8        24    4.4   0.2   7.2   7   0   0   7   7   0   0 | SP
VITVvi_vZin03_v1.1_H000286F_001.ver1.0.g184240.p01 -          LRR_6                PF13516.12    0.0017   17.3  20.0     0.029   13.5   0.3   5.9   6   0   0   6   6   2   1 | SP
VITVvi_vZin03_v1.1_P67.ver1.0.g483450.p01          -          LRR_6                PF13516.12    0.0019   17.2  66.4      0.88    8.9   0.0  17.2  19   0   0  19  19   5   0 | SP
VITVvi_vZin03_v1.1_P453.ver1.0.g429260.p01         -          LRR_6                PF13516.12    0.0019   17.2  18.5       2.7    7.3   0.7   7.8   9   0   0   9   9   2   0 | TM
VITVvi_vZin03_v1.1_H000012F_018.ver1.0.g039950.p01 -          LRR_6                PF13516.12    0.0019   17.2   8.9        27    4.2   0.3   6.5   7   0   0   7   7   0   0 | TM
VITVvi_vZin03_v1.1_P516.ver1.0.g449990.p01         -          LRR_6                PF13516.12     0.002   17.1  30.1       1.2    8.5   0.1   8.4   8   0   0   8   8   4   0 | TM
VITVvi_vZin03_v1.1_P14.ver1.0.g256020.p01          -          LRR_6                PF13516.12     0.002   17.1   6.5      0.36   10.1   0.3   3.4   3   0   0   3   3   2   1 | SP+TM
VITVvi_vZin03_v1.1_H000053F_010.ver1.0.g093370.p01 -          LRR_6                PF13516.12    0.0023   16.9   6.3       7.3    6.0   0.0   5.5   6   0   0   6   6   2   0 | SP
VITVvi_vZin03_v1.1_P52.ver1.0.g450870.p01          -          LRR_6                PF13516.12    0.0023   16.9   6.3       7.3    6.0   0.0   5.5   6   0   0   6   6   2   0 | SP
VITVvi_vZin03_v1.1_P22.ver1.0.g327500.p01          -          LRR_6                PF13516.12    0.0024   16.9  89.1      0.26   10.5   0.8  19.6  22   0   0  22  22   6   1 | TM
VITVvi_vZin03_v1.1_H000165F_007.ver1.0.g156210.p01 -          LRR_6                PF13516.12    0.0024   16.9  13.5       9.5    5.6   0.4   7.4   7   0   0   7   7   1   0 | SP+TM
VITVvi_vZin03_v1.1_P131.ver1.0.g246520.p01         -          LRR_6                PF13516.12    0.0024   16.9  13.5       9.5    5.6   0.4   7.4   7   0   0   7   7   1   0 | SP+TM
VITVvi_vZin03_v1.1_P14.ver1.0.g253590.p01          -          LRR_6                PF13516.12    0.0025   16.8  54.5      0.23   10.7   0.9  13.2  13   0   0  13  13   3   2 | SP+TM
VITVvi_vZin03_v1.1_H000182F_002.ver1.0.g162490.p01 -          LRR_6                PF13516.12    0.0025   16.8  68.8      0.28   10.4   0.0  17.7  22   0   0  22  22   3   1 | SP+TM
VITVvi_vZin03_v1.1_P171.ver1.0.g289380.p01         -          LRR_6                PF13516.12    0.0026   16.8  47.5       3.3    7.0   0.1  13.1  14   0   0  14  14   4   0 | TM
VITVvi_vZin03_v1.1_P36.ver1.0.g390570.p01          -          LRR_6                PF13516.12    0.0026   16.7   0.2       9.6    5.6   0.1   3.7   3   0   0   3   3   1   0 | SP+TM
VITVvi_vZin03_v1.1_P397.ver1.0.g402950.p01         -          LRR_6                PF13516.12    0.0029   16.6  10.3      0.12   11.5   0.1   5.1   5   0   0   5   5   1   1 | SP
VITVvi_vZin03_v1.1_H000043F_008.ver1.0.g080940.p01 -          LRR_6                PF13516.12    0.0029   16.6  47.7       1.1    8.6   0.1  14.1  18   0   0  18  18   3   0 | SP+TM
VITVvi_vZin03_v1.1_P2.ver1.0.g309650.p01           -          LRR_6                PF13516.12    0.0031   16.5  42.5      0.18   11.0   0.2  11.6  13   0   0  13  13   3   1 | SP+TM
VITVvi_vZin03_v1.1_P658.ver1.0.g481470.p01         -          LRR_6                PF13516.12    0.0031   16.5  48.8     0.095   11.9   0.0  13.6  16   0   0  16  16   4   1 | TM
VITVvi_vZin03_v1.1_P98.ver1.0.g532800.p01          -          LRR_6                PF13516.12    0.0031   16.5   7.0       2.8    7.3   0.0   4.9   5   0   0   5   5   2   0 | SP
VITVvi_vZin03_v1.1_H000019F_012.ver1.0.g053780.p01 -          LRR_6                PF13516.12    0.0033   16.4   2.7     0.038   13.1   0.1  22.5  26   0   0  26  26   4   2 | SP+TM
VITVvi_vZin03_v1.1_P341.ver1.0.g385630.p01         -          LRR_6                PF13516.12    0.0033   16.4   7.0       2.8    7.3   0.0   4.9   5   0   0   5   5   2   0 | SP
VITVvi_vZin03_v1.1_P272.ver1.0.g353600.p01         -          LRR_6                PF13516.12    0.0035   16.4  24.4       4.7    6.6   0.1   9.4  11   0   0  11  11   3   0 | SP
VITVvi_vZin03_v1.1_H000146F_005.ver1.0.g148610.p01 -          LRR_6                PF13516.12    0.0035   16.4  64.7       1.3    8.3   0.1  18.3  22   0   0  22  22   4   0 | TM
VITVvi_vZin03_v1.1_P133.ver1.0.g248510.p01         -          LRR_6                PF13516.12    0.0035   16.4  12.2       2.3    7.6   0.0   6.0   7   0   0   7   7   2   0 | SP+TM
VITVvi_vZin03_v1.1_P409.ver1.0.g413660.p01         -          LRR_6                PF13516.12    0.0035   16.4  64.4      0.49    9.7   0.1  14.9  17   0   0  17  17   5   1 | SP+TM
VITVvi_vZin03_v1.1_P288.ver1.0.g360900.p01         -          LRR_6                PF13516.12    0.0036   16.3   3.8      0.59    9.4   0.0   4.4   3   0   0   3   3   1   1 | TM
VITVvi_vZin03_v1.1_H000080F_012.ver1.0.g115650.p01 -          LRR_6                PF13516.12    0.0037   16.3  71.5      0.43    9.8   0.6  18.7  21   0   0  21  21   2   1 | SP+TM
VITVvi_vZin03_v1.1_P161.ver1.0.g281210.p01         -          LRR_6                PF13516.12    0.0039   16.2   3.7       1.2    8.4   0.3   2.9   3   0   0   3   3   2   0 | TM
VITVvi_vZin03_v1.1_P231.ver1.0.g335270.p01         -          LRR_6                PF13516.12    0.0039   16.2   3.7       1.2    8.4   0.3   2.9   3   0   0   3   3   2   0 | TM
VITVvi_vZin03_v1.1_P150.ver1.0.g269620.p01         -          LRR_6                PF13516.12    0.0043   16.1   2.1       3.4    7.0   0.1   4.6   4   0   0   4   4   1   0 | SP+TM
VITVvi_vZin03_v1.1_P225.ver1.0.g329790.p01         -          LRR_6                PF13516.12    0.0043   16.1  97.7      0.92    8.8   0.1  22.1  27   0   0  27  27   8   0 | SP+TM
VITVvi_vZin03_v1.1_P240.ver1.0.g338680.p01         -          LRR_6                PF13516.12    0.0043   16.1   8.4       2.3    7.5   0.1   3.7   4   0   0   4   4   3   0 | TM
VITVvi_vZin03_v1.1_H000028F_009.ver1.0.g066050.p01 -          LRR_6                PF13516.12    0.0044   16.0  36.2       4.3    6.7   0.3  12.8  14   0   0  14  14   1   0 | SP
VITVvi_vZin03_v1.1_P40.ver1.0.g410000.p01          -          LRR_6                PF13516.12    0.0045   16.0  47.8       1.1    8.6   0.1  14.1  18   0   0  18  18   3   0 | SP+TM
VITVvi_vZin03_v1.1_H000182F_002.ver1.0.g162420.p01 -          LRR_6                PF13516.12    0.0047   16.0  57.9      0.76    9.1   0.0  16.4  19   0   0  19  19   3   0 | SP+TM
VITVvi_vZin03_v1.1_P6.ver1.0.g471960.p01           -          LRR_6                PF13516.12     0.005   15.9  28.0       5.3    6.4   0.0   9.6  10   0   0  10  10   1   0 | TM
VITVvi_vZin03_v1.1_H000005F_004.ver1.0.g020790.p01 -          LRR_6                PF13516.12     0.005   15.9  28.0       5.3    6.4   0.0   9.6  10   0   0  10  10   1   0 | TM
VITVvi_vZin03_v1.1_P440.ver1.0.g426490.p01         -          LRR_6                PF13516.12    0.0051   15.9  51.9     0.065   12.4   0.0  12.8  14   0   0  14  14   4   1 | TM
VITVvi_vZin03_v1.1_P689.ver1.0.g486520.p01         -          LRR_6                PF13516.12    0.0052   15.8   9.5         1    8.7   0.1   4.4   4   0   0   4   4   1   0 | TM
VITVvi_vZin03_v1.1_H000027F_009.ver1.0.g064000.p01 -          LRR_6                PF13516.12    0.0054   15.8  17.0      0.42    9.9   0.2   5.5   6   0   0   6   6   2   1 | TM
VITVvi_vZin03_v1.1_P4.ver1.0.g408120.p01           -          LRR_6                PF13516.12    0.0054   15.8  23.2       7.2    6.0   0.1   7.5   8   0   0   8   8   3   0 | SP+TM
VITVvi_vZin03_v1.1_P33.ver1.0.g380220.p01          -          LRR_6                PF13516.12    0.0057   15.7   4.9      0.61    9.4   0.1   3.6   3   0   0   3   3   1   1 | SP+TM
VITVvi_vZin03_v1.1_H000208F_004.ver1.0.g170000.p01 -          LRR_6                PF13516.12    0.0059   15.7  22.6      0.46    9.7   0.1   6.6   7   0   0   7   7   2   1 | TM
VITVvi_vZin03_v1.1_P44.ver1.0.g426280.p01          -          LRR_6                PF13516.12    0.0061   15.6   8.4      0.66    9.3   0.1   5.7   5   0   0   5   5   1   0 | TM
VITVvi_vZin03_v1.1_H000146F_009.ver1.0.g148750.p01 -          LRR_6                PF13516.12    0.0062   15.6  37.9      0.57    9.5   0.0   8.8   9   0   0   9   9   3   1 | TM
VITVvi_vZin03_v1.1_P151.ver1.0.g270760.p01         -          LRR_6                PF13516.12    0.0064   15.5  69.5      0.66    9.2   0.0  17.8  22   0   0  22  22   4   0 | SP
VITVvi_vZin03_v1.1_P440.ver1.0.g426500.p01         -          LRR_6                PF13516.12    0.0068   15.5   9.2      0.48    9.7   0.0   4.5   4   0   0   4   4   1   1 | TM
VITVvi_vZin03_v1.1_P12.ver1.0.g233190.p01          -          LRR_6                PF13516.12    0.0071   15.4 103.5      0.46    9.7   0.3  20.1  23   0   0  23  23   8   2 | SP+TM
VITVvi_vZin03_v1.1_P165.ver1.0.g283890.p01         -          LRR_6                PF13516.12    0.0072   15.4  12.7       4.3    6.7   0.0   6.4   6   0   0   6   6   1   0 | SP+TM
VITVvi_vZin03_v1.1_P157.ver1.0.g276070.p01         -          LRR_6                PF13516.12    0.0073   15.4  56.9       2.1    7.7   0.2  14.5  16   0   0  16  16   4   0 | SP+TM
VITVvi_vZin03_v1.1_H000027F_017.ver1.0.g065000.p01 -          LRR_6                PF13516.12    0.0081   15.2  16.6      0.73    9.1   0.0   7.0   8   0   0   8   8   1   0 | SP
VITVvi_vZin03_v1.1_H000027F_009.ver1.0.g063990.p01 -          LRR_6                PF13516.12    0.0082   15.2  14.2      0.67    9.2   0.0   6.1   7   0   0   7   7   1   0 | SP
VITVvi_vZin03_v1.1_P53.ver1.0.g452760.p01          -          LRR_6                PF13516.12    0.0088   15.1  42.4      0.64    9.3   0.4   9.7  10   0   0  10  10   3   0 | SP
VITVvi_vZin03_v1.1_P183.ver1.0.g298460.p01         -          LRR_6                PF13516.12    0.0089   15.1  54.2      0.38   10.0   0.4  11.9  13   0   0  13  13   4   1 | TM
VITVvi_vZin03_v1.1_P494.ver1.0.g441420.p01         -          LRR_6                PF13516.12    0.0092   15.0  12.1       5.3    6.4   0.0   5.6   5   0   0   5   5   2   0 | SP
VITVvi_vZin03_v1.1_H000027F_017.ver1.0.g065030.p01 -          LRR_6                PF13516.12    0.0093   15.0   0.1    0.0093   15.0   0.1  18.1  22   0   0  22  22   3   2 | SP+TM
VITVvi_vZin03_v1.1_P22.ver1.0.g327660.p01          -          LRR_6                PF13516.12    0.0094   15.0  14.2       8.7    5.8   0.5   5.4   5   0   0   5   5   1   0 | TM
VITVvi_vZin03_v1.1_P112.ver1.0.g225360.p01         -          LRR_6                PF13516.12    0.0098   15.0  27.2       6.3    6.2   0.4   8.8   9   0   0   9   9   1   0 | SP+TM
VITVvi_vZin03_v1.1_P25.ver1.0.g342250.p01          -          LRR_6                PF13516.12    0.0099   14.9   0.1    0.0099   14.9   0.1  18.1  22   0   0  22  22   4   1 | SP+TM
VITVvi_vZin03_v1.1_H000013F_002.ver1.0.g040820.p01 -          LRR_6                PF13516.12     0.011   14.9   2.1      0.05   12.7   0.6   2.6   2   0   0   2   2   1   0 | TM
VITVvi_vZin03_v1.1_P405.ver1.0.g413060.p01         -          LRR_6                PF13516.12     0.011   14.8  48.1      0.59    9.4   0.5  12.4  14   0   0  14  14   3   0 | SP+TM
VITVvi_vZin03_v1.1_P2.ver1.0.g309590.p01           -          LRR_6                PF13516.12     0.011   14.8   5.8       3.8    6.9   0.0   4.0   3   0   0   3   3   1   0 | TM
VITVvi_vZin03_v1.1_P71.ver1.0.g491860.p01          -          LRR_6                PF13516.12     0.011   14.8  11.1       8.5    5.8   0.1   6.1   7   0   0   7   7   2   0 | SP+TM
VITVvi_vZin03_v1.1_P273.ver1.0.g354180.p01         -          LRR_6                PF13516.12     0.011   14.7  64.6         1    8.7   0.1  14.1  17   0   0  17  17   4   0 | SP+TM
VITVvi_vZin03_v1.1_P28.ver1.0.g357670.p01          -          LRR_6                PF13516.12     0.012   14.7  75.5     0.033   13.3   0.1  19.9  24   0   0  24  24   4   0 | TM
VITVvi_vZin03_v1.1_H000057F_001.ver1.0.g098310.p01 -          LRR_6                PF13516.12     0.012   14.7  14.9        10    5.5   0.1   7.5   7   0   0   7   7   1   0 | TM
VITVvi_vZin03_v1.1_H000019F_008.ver1.0.g052710.p01 -          LRR_6                PF13516.12     0.012   14.6  36.3      0.61    9.4   0.0  11.7  13   0   0  13  13   2   0 | SP+TM
VITVvi_vZin03_v1.1_H000079F_014.ver1.0.g113840.p01 -          LRR_6                PF13516.12     0.013   14.6   6.3        13    5.2   0.0   4.6   4   0   0   4   4   1   0 | SP
VITVvi_vZin03_v1.1_H000050F_004.ver1.0.g089470.p01 -          LRR_6                PF13516.12     0.014   14.5  11.6       2.6    7.4   0.2   4.8   4   0   0   4   4   1   0 | SP+TM
VITVvi_vZin03_v1.1_P12.ver1.0.g235320.p01          -          LRR_6                PF13516.12     0.014   14.5  11.6       2.6    7.4   0.2   4.8   4   0   0   4   4   1   0 | SP+TM
VITVvi_vZin03_v1.1_P127.ver1.0.g241470.p01         -          LRR_6                PF13516.12     0.014   14.5  26.4         3    7.2   0.1   9.3  10   0   0  10  10   2   0 | TM
VITVvi_vZin03_v1.1_H000080F_006.ver1.0.g115470.p01 -          LRR_6                PF13516.12     0.014   14.5  68.6      0.83    8.9   0.0  16.5  18   0   0  18  18   5   0 | SP+TM
VITVvi_vZin03_v1.1_P67.ver1.0.g483510.p01          -          LRR_6                PF13516.12     0.014   14.5  68.6      0.83    8.9   0.0  16.5  18   0   0  18  18   5   0 | SP+TM
VITVvi_vZin03_v1.1_P645.ver1.0.g480630.p01         -          LRR_6                PF13516.12     0.014   14.5  12.5      0.32   10.3   0.3   5.1   5   0   0   5   5   2   0 | SP+TM
VITVvi_vZin03_v1.1_P409.ver1.0.g413600.p01         -          LRR_6                PF13516.12     0.014   14.4  33.5     0.043   13.0   1.5   8.0   8   0   0   8   8   3   0 | TM
VITVvi_vZin03_v1.1_P157.ver1.0.g276780.p01         -          LRR_6                PF13516.12     0.015   14.4   6.8       1.9    7.8   0.0   4.6   5   0   0   5   5   2   0 | TM
VITVvi_vZin03_v1.1_P273.ver1.0.g354240.p01         -          LRR_6                PF13516.12     0.015   14.4  66.1      0.99    8.7   0.1  14.1  17   0   0  17  17   5   0 | SP+TM
VITVvi_vZin03_v1.1_H000192F_007.ver1.0.g165270.p01 -          LRR_6                PF13516.12     0.015   14.4  12.0       4.3    6.7   0.0   6.3   6   0   0   6   6   1   0 | SP+TM
VITVvi_vZin03_v1.1_H000019F_012.ver1.0.g053440.p01 -          LRR_6                PF13516.12     0.015   14.4   9.1        21    4.6   0.1   5.8   6   0   0   6   6   0   0 | SP+TM
VITVvi_vZin03_v1.1_H000013F_003.ver1.0.g041020.p01 -          LRR_6                PF13516.12     0.015   14.3   1.5         2    7.8   0.1   2.7   2   0   0   2   2   2   0 | TM
VITVvi_vZin03_v1.1_P14.ver1.0.g256110.p01          -          LRR_6                PF13516.12     0.015   14.3   1.5         2    7.8   0.1   2.7   2   0   0   2   2   2   0 | TM
VITVvi_vZin03_v1.1_P165.ver1.0.g283860.p01         -          LRR_6                PF13516.12     0.015   14.3   8.4        63    3.1   0.3   7.2   7   0   0   7   7   0   0 | SP+TM
VITVvi_vZin03_v1.1_H000443F_002.ver1.0.g193500.p01 -          LRR_6                PF13516.12     0.016   14.3   5.5        38    3.7   0.0   6.1   7   1   1   8   8   0   0 | SP
VITVvi_vZin03_v1.1_H000002F_005.ver1.0.g008250.p01 -          LRR_6                PF13516.12     0.018   14.2   0.5       6.1    6.2   0.1   3.3   4   0   0   4   4   1   0 | SP
VITVvi_vZin03_v1.1_H000128F_003.ver1.0.g140000.p01 -          LRR_6                PF13516.12     0.018   14.2  45.2      0.67    9.2   0.1  12.6  13   0   0  13  13   3   0 | SP+TM
VITVvi_vZin03_v1.1_P106.ver1.0.g216340.p01         -          LRR_6                PF13516.12     0.018   14.2  45.2      0.67    9.2   0.1  12.6  13   0   0  13  13   3   0 | SP+TM
VITVvi_vZin03_v1.1_P2.ver1.0.g309580.p01           -          LRR_6                PF13516.12     0.019   14.1  12.6       1.2    8.5   0.1   5.1   5   0   0   5   5   2   0 | SP
VITVvi_vZin03_v1.1_H000074F_005.ver1.0.g111180.p01 -          LRR_6                PF13516.12     0.019   14.1  63.1      0.22   10.7   0.0  12.8  14   1   1  15  15   5   0 | SP
VITVvi_vZin03_v1.1_P279.ver1.0.g355830.p01         -          LRR_6                PF13516.12      0.02   14.0  81.6      0.44    9.8   0.2  17.4  19   0   0  19  19   6   0 | SP+TM
VITVvi_vZin03_v1.1_P194.ver1.0.g307500.p01         -          LRR_6                PF13516.12     0.023   13.8   8.1       1.7    8.0   0.0   4.7   5   0   0   5   5   2   0 | SP+TM
VITVvi_vZin03_v1.1_H000061F_001.ver1.0.g102160.p01 -          LRR_6                PF13516.12     0.024   13.8  12.5      0.17   11.1   0.1   6.3   7   0   0   7   7   1   0 | SP
VITVvi_vZin03_v1.1_P7.ver1.0.g490490.p01           -          LRR_6                PF13516.12     0.025   13.7  50.8      0.24   10.6   0.0  14.1  17   0   0  17  17   2   0 | SP
VITVvi_vZin03_v1.1_H000013F_003.ver1.0.g041000.p01 -          LRR_6                PF13516.12     0.027   13.6   9.1       5.5    6.4   0.8   3.8   3   0   0   3   3   2   0 | SP+TM
VITVvi_vZin03_v1.1_P595.ver1.0.g468130.p01         -          LRR_6                PF13516.12     0.028   13.6   0.2     0.028   13.6   0.2   9.7  13   0   0  13  13   1   0 | TM
VITVvi_vZin03_v1.1_P85.ver1.0.g511310.p01          -          LRR_6                PF13516.12     0.028   13.5  21.8       3.8    6.9   0.3   7.9   8   0   0   8   8   2   0 | TM
VITVvi_vZin03_v1.1_P409.ver1.0.g413650.p01         -          LRR_6                PF13516.12      0.03   13.5  28.9      0.28   10.4   0.8   6.9   8   0   0   8   8   3   0 | TM
VITVvi_vZin03_v1.1_P28.ver1.0.g356210.p01          -          LRR_6                PF13516.12     0.031   13.4  62.1      0.54    9.5   0.5  17.8  22   0   0  22  22   4   0 | SP+TM
VITVvi_vZin03_v1.1_H000013F_003.ver1.0.g040990.p01 -          LRR_6                PF13516.12     0.033   13.3   7.7      0.72    9.1   0.2   3.5   3   0   0   3   3   2   0 | SP+TM
VITVvi_vZin03_v1.1_P127.ver1.0.g241480.p01         -          LRR_6                PF13516.12     0.034   13.3  27.9        23    4.4   0.0   9.7  10   0   0  10  10   0   0 | TM
VITVvi_vZin03_v1.1_H000013F_003.ver1.0.g041060.p01 -          LRR_6                PF13516.12     0.036   13.2   8.7      0.29   10.3   0.7   3.2   3   0   0   3   3   2   0 | SP+TM
VITVvi_vZin03_v1.1_P71.ver1.0.g491670.p01          -          LRR_6                PF13516.12     0.038   13.1  55.1       0.3   10.3   0.2  12.4  15   0   0  15  15   4   0 | SP+TM
VITVvi_vZin03_v1.1_P66.ver1.0.g481640.p01          -          LRR_6                PF13516.12     0.038   13.1 106.1      0.51    9.6   0.0  22.1  26   0   0  26  26   8   0 | SP+TM
VITVvi_vZin03_v1.1_P14.ver1.0.g256090.p01          -          LRR_6                PF13516.12     0.039   13.1   9.1       6.2    6.2   0.8   3.8   3   0   0   3   3   2   0 | SP+TM
VITVvi_vZin03_v1.1_P56.ver1.0.g461560.p01          -          LRR_6                PF13516.12      0.04   13.0  43.2       5.4    6.4   0.1  13.2  14   0   0  14  14   2   0 | SP+TM
VITVvi_vZin03_v1.1_H000244F_004.ver1.0.g178710.p01 -          LRR_6                PF13516.12     0.041   13.0   1.2       5.8    6.3   0.0   4.0   4   0   0   4   4   1   0 | SP
VITVvi_vZin03_v1.1_P551.ver1.0.g461030.p01         -          LRR_6                PF13516.12     0.042   13.0  64.6      0.23   10.7   0.1  15.5  17   0   0  17  17   2   0 | SP
VITVvi_vZin03_v1.1_P2.ver1.0.g309620.p01           -          LRR_6                PF13516.12     0.046   12.9   9.6       3.1    7.1   0.4   4.1   4   0   0   4   4   2   0 | TM
VITVvi_vZin03_v1.1_P654.ver1.0.g481380.p01         -          LRR_6                PF13516.12     0.048   12.8  10.4         6    6.2   0.0   5.8   6   0   0   6   6   1   0 | SP
VITVvi_vZin03_v1.1_P14.ver1.0.g256140.p01          -          LRR_6                PF13516.12     0.048   12.8   8.7      0.33   10.2   0.7   3.1   3   0   0   3   3   2   0 | SP+TM
VITVvi_vZin03_v1.1_P64.ver1.0.g480270.p01          -          LRR_6                PF13516.12     0.051   12.7  65.9       1.2    8.4   0.1  15.3  19   0   0  19  19   7   0 | SP+TM
VITVvi_vZin03_v1.1_P409.ver1.0.g413680.p01         -          LRR_6                PF13516.12     0.052   12.7  21.9      0.12   11.5   0.9   6.4   7   0   0   7   7   2   0 | TM
VITVvi_vZin03_v1.1_P12.ver1.0.g234880.p01          -          LRR_6                PF13516.12     0.052   12.7   5.6        15    5.0   0.1   4.6   5   0   0   5   5   1   0 | TM
VITVvi_vZin03_v1.1_P51.ver1.0.g449180.p01          -          LRR_6                PF13516.12     0.052   12.7  40.0      0.18   11.0   0.0  11.6  14   0   0  14  14   2   0 | SP+TM
VITVvi_vZin03_v1.1_H000033F_008.ver1.0.g070000.p01 -          LRR_6                PF13516.12     0.052   12.7  40.0      0.18   11.0   0.0  11.6  14   0   0  14  14   2   0 | SP+TM
VITVvi_vZin03_v1.1_P140.ver1.0.g257870.p01         -          LRR_6                PF13516.12     0.053   12.7  54.9       1.8    7.9   0.1  12.8  15   0   0  15  15   5   0 | SP+TM
VITVvi_vZin03_v1.1_P49.ver1.0.g439430.p01          -          LRR_6                PF13516.12     0.054   12.7  12.2      0.92    8.8   0.0   6.4   7   0   0   7   7   1   0 | SP+TM
VITVvi_vZin03_v1.1_P479.ver1.0.g436690.p01         -          LRR_6                PF13516.12     0.055   12.6  20.0      0.97    8.7   0.1   6.8   7   0   0   7   7   2   0 | SP
VITVvi_vZin03_v1.1_P49.ver1.0.g439470.p01          -          LRR_6                PF13516.12     0.056   12.6   1.6        17    4.8   0.1   3.9   3   0   0   3   3   0   0 | TM
VITVvi_vZin03_v1.1_H000183F_001.ver1.0.g162810.p01 -          LRR_6                PF13516.12     0.056   12.6  18.6       4.7    6.6   0.3   6.2   6   0   0   6   6   3   0 | SP+TM
VITVvi_vZin03_v1.1_P14.ver1.0.g255870.p01          -          LRR_6                PF13516.12     0.057   12.6   0.4       1.9    7.8   0.1   2.8   2   0   0   2   2   1   0 | TM
VITVvi_vZin03_v1.1_P5.ver1.0.g445190.p01           -          LRR_6                PF13516.12      0.06   12.5  83.8      0.44    9.8   0.1  19.9  23   0   0  23  23   4   0 | SP+TM
VITVvi_vZin03_v1.1_H000006F_006.ver1.0.g024690.p01 -          LRR_6                PF13516.12      0.06   12.5  48.5      0.24   10.6   0.0  13.9  17   0   0  17  17   2   0 | SP
VITVvi_vZin03_v1.1_P3.ver1.0.g364460.p01           -          LRR_6                PF13516.12     0.063   12.4  61.9       6.9    6.1   0.1  15.0  17   0   0  17  17   5   0 | SP+TM
VITVvi_vZin03_v1.1_H000094F_004.ver1.0.g124400.p01 -          LRR_6                PF13516.12     0.066   12.4   0.1       6.3    6.2   0.0   2.7   2   0   0   2   2   1   0 | SP+TM
VITVvi_vZin03_v1.1_P79.ver1.0.g500940.p01          -          LRR_6                PF13516.12     0.066   12.4   0.1       6.3    6.2   0.0   2.7   2   0   0   2   2   1   0 | SP+TM
VITVvi_vZin03_v1.1_P85.ver1.0.g512570.p01          -          LRR_6                PF13516.12     0.067   12.4  13.0       1.1    8.5   0.6   5.2   5   0   0   5   5   1   0 | SP+TM
VITVvi_vZin03_v1.1_P440.ver1.0.g426510.p01         -          LRR_6                PF13516.12     0.067   12.4   0.2     0.067   12.4   0.2  12.0  15   0   0  15  15   2   0 | SP
VITVvi_vZin03_v1.1_H000028F_008.ver1.0.g065970.p01 -          LRR_6                PF13516.12     0.069   12.3  10.0      0.64    9.3   0.0   5.3   6   0   0   6   6   1   0 | SP+TM
VITVvi_vZin03_v1.1_P10.ver1.0.g211750.p01          -          LRR_6                PF13516.12      0.07   12.3  10.5       1.4    8.2   0.1   5.4   5   0   0   5   5   1   0 | SP+TM
VITVvi_vZin03_v1.1_P40.ver1.0.g411710.p01          -          LRR_6                PF13516.12     0.071   12.3  48.6      0.46    9.8   0.2  11.1  12   0   0  12  12   4   0 | TM
VITVvi_vZin03_v1.1_P265.ver1.0.g349510.p01         -          LRR_6                PF13516.12     0.071   12.3  10.5       1.4    8.2   0.1   5.4   5   0   0   5   5   1   0 | SP+TM
VITVvi_vZin03_v1.1_H000092F_001.ver1.0.g122890.p01 -          LRR_6                PF13516.12     0.074   12.2   8.9       1.1    8.5   0.0   3.5   4   0   0   4   4   2   0 | SP+TM
VITVvi_vZin03_v1.1_H000077F_008.ver1.0.g113160.p01 -          LRR_6                PF13516.12     0.076   12.2   6.7       2.1    7.7   0.4   3.9   3   0   0   3   3   1   0 | SP+TM
VITVvi_vZin03_v1.1_P63.ver1.0.g477680.p01          -          LRR_6                PF13516.12     0.076   12.2   6.7       2.1    7.7   0.4   3.9   3   0   0   3   3   1   0 | SP+TM
VITVvi_vZin03_v1.1_P90.ver1.0.g526360.p01          -          LRR_6                PF13516.12     0.078   12.1   8.9       1.1    8.5   0.0   3.5   4   0   0   4   4   2   0 | SP+TM
VITVvi_vZin03_v1.1_P499.ver1.0.g441670.p01         -          LRR_6                PF13516.12     0.083   12.1   6.7       3.6    7.0   1.9   3.0   3   0   0   3   3   2   0 | SP+TM
VITVvi_vZin03_v1.1_P16.ver1.0.g278090.p01          -          LRR_6                PF13516.12     0.086   12.0   0.2     0.086   12.0   0.2   7.2   8   0   0   8   8   1   0 | SP
VITVvi_vZin03_v1.1_P148.ver1.0.g264120.p01         -          LRR_6                PF13516.12     0.087   12.0  11.6      0.94    8.8   1.4   5.6   4   1   1   5   5   1   0 | TM
VITVvi_vZin03_v1.1_H000013F_003.ver1.0.g040980.p01 -          LRR_6                PF13516.12     0.087   12.0  10.2      0.53    9.6   0.5   3.5   3   0   0   3   3   2   0 | SP+TM
VITVvi_vZin03_v1.1_H000181F_005.ver1.0.g161380.p01 -          LRR_6                PF13516.12     0.087   12.0   5.7       3.3    7.1   0.1   4.5   5   0   0   5   5   1   0 | SP+TM
VITVvi_vZin03_v1.1_P28.ver1.0.g357250.p01          -          LRR_6                PF13516.12     0.088   12.0  11.9      0.49    9.7   0.0   5.6   7   0   0   7   7   2   0 | SP+TM
VITVvi_vZin03_v1.1_P209.ver1.0.g319520.p01         -          LRR_6                PF13516.12     0.099   11.8   0.1     0.099   11.8   0.1   3.4   4   0   0   4   4   1   0 | SP+TM
VITVvi_vZin03_v1.1_P260.ver1.0.g347760.p01         -          LRR_6                PF13516.12     0.099   11.8   0.1     0.099   11.8   0.1   3.7   4   0   0   4   4   1   0 | SP+TM
VITVvi_vZin03_v1.1_P101.ver1.0.g213750.p01         -          LRR_6                PF13516.12       0.1   11.8  12.8      0.46    9.7   0.5   4.3   4   0   0   4   4   2   0 | SP+TM
VITVvi_vZin03_v1.1_P58.ver1.0.g464900.p01          -          LRR_6                PF13516.12      0.11   11.7  12.0      0.26   10.5   0.4   4.4   4   0   0   4   4   1   0 | SP+TM
VITVvi_vZin03_v1.1_H000013F_002.ver1.0.g040770.p01 -          LRR_6                PF13516.12      0.12   11.6   1.4       4.4    6.7   0.1   3.3   3   0   0   3   3   1   0 | TM
VITVvi_vZin03_v1.1_P53.ver1.0.g456620.p01          -          LRR_6                PF13516.12      0.12   11.6   0.0      0.12   11.6   0.0  20.3  24   0   0  24  24   6   0 | SP+TM
VITVvi_vZin03_v1.1_P15.ver1.0.g265320.p01          -          LRR_6                PF13516.12      0.12   11.5  21.6       5.4    6.4   0.1   6.0   6   0   0   6   6   2   0 | TM
VITVvi_vZin03_v1.1_H000041F_010.ver1.0.g076670.p01 -          LRR_6                PF13516.12      0.12   11.5  35.5       6.4    6.2   0.0  12.0  14   0   0  14  14   1   0 | SP+TM
VITVvi_vZin03_v1.1_P36.ver1.0.g390310.p01          -          LRR_6                PF13516.12      0.12   11.5  35.5       6.4    6.2   0.0  12.0  14   0   0  14  14   1   0 | SP+TM
VITVvi_vZin03_v1.1_P73.ver1.0.g495430.p01          -          LRR_6                PF13516.12      0.13   11.4  67.0      0.62    9.3   0.5  15.0  17   0   0  17  17   4   0 | SP+TM
VITVvi_vZin03_v1.1_H000057F_001.ver1.0.g098290.p01 -          LRR_6                PF13516.12      0.14   11.4  12.8       1.5    8.1   0.0   6.4   7   0   0   7   7   1   0 | SP+TM
VITVvi_vZin03_v1.1_P259.ver1.0.g346100.p01         -          LRR_6                PF13516.12      0.14   11.3  82.9       1.5    8.1   0.2  19.6  24   0   0  24  24   4   0 | SP+TM
VITVvi_vZin03_v1.1_P3.ver1.0.g364420.p01           -          LRR_6                PF13516.12      0.14   11.3  10.1       3.7    6.9   0.8   4.0   4   0   0   4   4   2   0 | TM
VITVvi_vZin03_v1.1_H000057F_001.ver1.0.g098330.p01 -          LRR_6                PF13516.12      0.14   11.3  17.7        11    5.4   0.0   7.7   8   0   0   8   8   1   0 | SP+TM
VITVvi_vZin03_v1.1_H000060F_006.ver1.0.g101620.p01 -          LRR_6                PF13516.12      0.14   11.3  12.7       2.3    7.6   0.2   6.1   6   0   0   6   6   1   0 | SP+TM
VITVvi_vZin03_v1.1_H000055F_002.ver1.0.g095890.p01 -          LRR_6                PF13516.12      0.15   11.3   3.2       3.9    6.8   0.0   3.5   3   0   0   3   3   1   0 | TM
VITVvi_vZin03_v1.1_P88.ver1.0.g518500.p01          -          LRR_6                PF13516.12      0.16   11.2   0.1      0.16   11.2   0.1   7.7   9   0   0   9   9   2   0 | TM
VITVvi_vZin03_v1.1_P49.ver1.0.g439460.p01          -          LRR_6                PF13516.12      0.16   11.2  16.0        23    4.4   0.1   7.0   7   0   0   7   7   0   0 | TM
VITVvi_vZin03_v1.1_P1.ver1.0.g208420.p01           -          LRR_6                PF13516.12      0.17   11.1  14.2      0.35   10.1   0.4   4.7   4   1   2   6   6   2   0 | SP+TM
VITVvi_vZin03_v1.1_H000057F_001.ver1.0.g098260.p01 -          LRR_6                PF13516.12      0.18   11.0   9.6       8.7    5.7   0.0   6.0   6   0   0   6   6   1   0 | SP+TM
VITVvi_vZin03_v1.1_H000816F_002.ver1.0.g198590.p01 -          LRR_6                PF13516.12      0.19   10.9  53.5       2.7    7.4   0.1  12.4  14   0   0  14  14   3   0 | SP+TM
VITVvi_vZin03_v1.1_P49.ver1.0.g439440.p01          -          LRR_6                PF13516.12      0.19   10.9  15.4        29    4.1   0.0   7.5   8   0   0   8   8   0   0 | SP+TM
VITVvi_vZin03_v1.1_P224.ver1.0.g329650.p01         -          LRR_6                PF13516.12       0.2   10.9  49.1      0.15   11.3   0.3  11.1  12   0   0  12  12   4   0 | SP+TM
VITVvi_vZin03_v1.1_P572.ver1.0.g463530.p01         -          LRR_6                PF13516.12      0.21   10.8  50.4      0.39   10.0   0.3  10.1  11   0   0  11  11   3   0 | TM
VITVvi_vZin03_v1.1_P9.ver1.0.g525040.p01           -          LRR_6                PF13516.12      0.21   10.8   3.2       4.5    6.6   0.0   3.5   3   0   0   3   3   1   0 | SP+TM
VITVvi_vZin03_v1.1_P368.ver1.0.g393010.p01         -          LRR_6                PF13516.12      0.23   10.7   8.4       4.4    6.7   0.1   3.7   4   0   0   4   4   2   0 | TM
VITVvi_vZin03_v1.1_H000120F_003.ver1.0.g135830.p01 -          LRR_6                PF13516.12      0.23   10.7  13.2       6.3    6.2   1.3   4.6   4   0   0   4   4   1   0 | TM
VITVvi_vZin03_v1.1_P32.ver1.0.g377930.p01          -          LRR_6                PF13516.12      0.24   10.6  50.3       3.1    7.2   1.1  12.8  14   0   0  14  14   4   0 | SP+TM
VITVvi_vZin03_v1.1_P407.ver1.0.g413230.p01         -          LRR_6                PF13516.12      0.24   10.6   0.0      0.28   10.4   0.0  18.9  23   0   0  23  23   5   0 | TM
VITVvi_vZin03_v1.1_H000031F_003.ver1.0.g067950.p01 -          LRR_6                PF13516.12      0.24   10.6  50.3       3.1    7.2   1.1  12.8  14   0   0  14  14   4   0 | SP+TM
VITVvi_vZin03_v1.1_P151.ver1.0.g270680.p01         -          LRR_6                PF13516.12      0.24   10.6  53.4       1.4    8.2   0.4  15.3  18   0   0  18  18   2   0 | SP+TM
VITVvi_vZin03_v1.1_H000169F_007.ver1.0.g157590.p01 -          LRR_6                PF13516.12      0.25   10.6  11.4       2.3    7.6   0.0   5.8   7   0   0   7   7   1   0 | SP+TM
VITVvi_vZin03_v1.1_P49.ver1.0.g439400.p01          -          LRR_6                PF13516.12      0.25   10.6  11.3       8.7    5.8   0.0   6.1   6   0   0   6   6   1   0 | SP+TM
VITVvi_vZin03_v1.1_P54.ver1.0.g457670.p01          -          LRR_6                PF13516.12      0.26   10.5  29.4       2.3    7.5   0.0   8.8  10   0   0  10  10   2   0 | TM
VITVvi_vZin03_v1.1_P50.ver1.0.g446880.p01          -          LRR_6                PF13516.12      0.27   10.5  12.9       2.2    7.6   0.2   6.0   6   0   0   6   6   1   0 | SP+TM
VITVvi_vZin03_v1.1_P68.ver1.0.g484900.p01          -          LRR_6                PF13516.12      0.28   10.4   6.5        29    4.1   0.0   4.5   4   0   0   4   4   0   0 | SP+TM
VITVvi_vZin03_v1.1_P110.ver1.0.g223860.p01         -          LRR_6                PF13516.12      0.28   10.4   0.0      0.28   10.4   0.0   9.3  13   0   0  13  13   3   0 | TM
VITVvi_vZin03_v1.1_P9.ver1.0.g520990.p01           -          LRR_6                PF13516.12      0.29   10.4  20.8       6.3    6.2   0.0   8.1  10   0   0  10  10   2   0 | TM
VITVvi_vZin03_v1.1_P32.ver1.0.g377360.p01          -          LRR_6                PF13516.12      0.29   10.4  29.4        24    4.4   0.0   9.6  10   0   0  10  10   0   0 | TM
VITVvi_vZin03_v1.1_H000057F_001.ver1.0.g098320.p01 -          LRR_6                PF13516.12       0.3   10.3  20.8        13    5.2   0.1   7.9   8   0   0   8   8   1   0 | SP+TM
VITVvi_vZin03_v1.1_P479.ver1.0.g436670.p01         -          LRR_6                PF13516.12       0.3   10.3  34.3       1.6    8.1   0.7   7.8   8   0   0   8   8   3   0 | TM
VITVvi_vZin03_v1.1_P261.ver1.0.g347930.p01         -          LRR_6                PF13516.12      0.31   10.3  17.6        22    4.5   0.2   7.0   7   0   0   7   7   0   0 | SP+TM
VITVvi_vZin03_v1.1_P529.ver1.0.g452620.p01         -          LRR_6                PF13516.12      0.31   10.3  17.6        22    4.5   0.2   7.0   7   0   0   7   7   0   0 | SP+TM
VITVvi_vZin03_v1.1_H000013F_002.ver1.0.g040760.p01 -          LRR_6                PF13516.12      0.31   10.3   7.1       1.9    7.8   0.1   3.0   3   0   0   3   3   2   0 | SP+TM
VITVvi_vZin03_v1.1_P14.ver1.0.g255860.p01          -          LRR_6                PF13516.12      0.31   10.3   7.1       1.9    7.8   0.1   3.0   3   0   0   3   3   2   0 | SP+TM
VITVvi_vZin03_v1.1_P30.ver1.0.g370750.p01          -          LRR_6                PF13516.12      0.32   10.3  26.1       3.6    6.9   0.5   8.0   8   0   0   8   8   1   0 | SP+TM
VITVvi_vZin03_v1.1_P109.ver1.0.g220060.p01         -          LRR_6                PF13516.12      0.33   10.2   4.0       9.1    5.7   0.0   3.2   3   0   0   3   3   1   0 | SP+TM
VITVvi_vZin03_v1.1_H000132F_003.ver1.0.g141050.p01 -          LRR_6                PF13516.12      0.33   10.2   4.0       8.8    5.7   0.0   3.1   3   0   0   3   3   1   0 | SP+TM
VITVvi_vZin03_v1.1_P40.ver1.0.g411720.p01          -          LRR_6                PF13516.12      0.34   10.2  39.2      0.97    8.7   0.1   9.6  10   0   0  10  10   4   0 | SP
VITVvi_vZin03_v1.1_H000104F_007.ver1.0.g129350.p01 -          LRR_6                PF13516.12      0.34   10.2  55.0       0.7    9.2   0.2  11.8  14   0   0  14  14   5   0 | SP+TM
VITVvi_vZin03_v1.1_P88.ver1.0.g518050.p01          -          LRR_6                PF13516.12      0.34   10.1  55.0      0.77    9.0   0.2  11.8  14   0   0  14  14   5   0 | SP+TM
VITVvi_vZin03_v1.1_P206.ver1.0.g318700.p01         -          LRR_6                PF13516.12      0.37   10.0   8.7       9.4    5.6   0.2   4.5   4   0   0   4   4   1   0 | SP+TM
VITVvi_vZin03_v1.1_P477.ver1.0.g436510.p01         -          LRR_6                PF13516.12      0.41    9.9  40.2      0.79    9.0   0.7  11.1  14   0   0  14  14   3   0 | SP+TM
VITVvi_vZin03_v1.1_P49.ver1.0.g439480.p01          -          LRR_6                PF13516.12      0.44    9.8  17.1        11    5.5   0.0   7.4   8   0   0   8   8   1   0 | SP+TM
VITVvi_vZin03_v1.1_P64.ver1.0.g479370.p01          -          LRR_6                PF13516.12      0.47    9.7   0.0      0.47    9.7   0.0   9.7  14   0   0  14  14   3   0 | SP+TM
VITVvi_vZin03_v1.1_P1.ver1.0.g208460.p01           -          LRR_6                PF13516.12      0.48    9.7  18.8       5.3    6.4   0.0   6.4   6   0   0   6   6   2   0 | SP+TM
VITVvi_vZin03_v1.1_P2.ver1.0.g309570.p01           -          LRR_6                PF13516.12      0.48    9.7  22.6        13    5.2   0.1   7.2   8   0   0   8   8   1   0 | SP
VITVvi_vZin03_v1.1_H000087F_005.ver1.0.g120530.p01 -          LRR_6                PF13516.12      0.51    9.6  41.7      0.86    8.9   0.3  12.1  15   0   0  15  15   2   0 | SP+TM
VITVvi_vZin03_v1.1_P83.ver1.0.g509080.p01          -          LRR_6                PF13516.12      0.51    9.6  41.7      0.86    8.9   0.3  12.1  15   0   0  15  15   2   0 | SP+TM
VITVvi_vZin03_v1.1_H000286F_002.ver1.0.g184270.p01 -          LRR_6                PF13516.12      0.54    9.5  48.3      0.15   11.3   0.3  11.0  12   0   0  12  12   4   0 | SP+TM
VITVvi_vZin03_v1.1_P44.ver1.0.g425870.p01          -          LRR_6                PF13516.12      0.57    9.4  10.2       2.3    7.6   0.1   3.5   3   0   0   3   3   2   0 | SP+TM
VITVvi_vZin03_v1.1_H000048F_010.ver1.0.g086610.p01 -          LRR_6                PF13516.12      0.63    9.3  11.0       2.3    7.5   0.1   5.0   5   0   0   5   5   1   0 | SP+TM
VITVvi_vZin03_v1.1_P53.ver1.0.g456720.p01          -          LRR_6                PF13516.12      0.63    9.3  91.3         1    8.6   0.1  20.6  24   0   0  24  24   6   0 | SP+TM
VITVvi_vZin03_v1.1_P41.ver1.0.g416750.p01          -          LRR_6                PF13516.12      0.69    9.2  10.9       2.3    7.5   0.1   5.0   5   0   0   5   5   1   0 | SP+TM
VITVvi_vZin03_v1.1_P112.ver1.0.g225350.p01         -          LRR_6                PF13516.12       0.7    9.2  59.2       2.1    7.7   0.6  12.0  13   0   0  13  13   5   0 | SP+TM
VITVvi_vZin03_v1.1_H000060F_006.ver1.0.g101600.p01 -          LRR_6                PF13516.12       0.7    9.2  14.3       2.3    7.6   0.2   5.8   5   0   0   5   5   1   0 | SP+TM
VITVvi_vZin03_v1.1_H000120F_006.ver1.0.g136650.p01 -          LRR_6                PF13516.12      0.72    9.1  12.8      0.81    9.0   0.5   4.2   4   0   0   4   4   2   0 | SP+TM
VITVvi_vZin03_v1.1_P41.ver1.0.g414090.p01          -          LRR_6                PF13516.12      0.75    9.1  19.3      0.91    8.8   0.7   5.6   6   0   0   6   6   1   0 | SP+TM
VITVvi_vZin03_v1.1_P19.ver1.0.g303210.p01          -          LRR_6                PF13516.12      0.77    9.0  41.4      0.79    9.0   0.7  11.3  14   0   0  14  14   3   0 | SP+TM
VITVvi_vZin03_v1.1_P12.ver1.0.g233890.p01          -          LRR_6                PF13516.12      0.83    8.9  59.5      0.57    9.5   0.3  13.4  15   0   0  15  15   4   0 | SP+TM
VITVvi_vZin03_v1.1_P492.ver1.0.g441250.p01         -          LRR_6                PF13516.12      0.83    8.9   8.8       7.8    5.9   1.0   3.5   3   0   0   3   3   2   0 | SP+TM
VITVvi_vZin03_v1.1_H000026F_007.ver1.0.g062370.p01 -          LRR_6                PF13516.12      0.86    8.9  19.1       2.4    7.5   0.5   5.8   6   0   0   6   6   1   0 | SP+TM
VITVvi_vZin03_v1.1_H000298F_005.ver1.0.g186210.p01 -          LRR_6                PF13516.12      0.89    8.8   7.8        15    5.0   0.1   4.4   4   0   0   4   4   1   0 | SP+TM
VITVvi_vZin03_v1.1_P15.ver1.0.g265330.p01          -          LRR_6                PF13516.12      0.93    8.8  23.6       8.4    5.8   0.3   7.1   7   0   0   7   7   1   0 | SP
VITVvi_vZin03_v1.1_H000064F_013.ver1.0.g106080.p01 -          LRR_6                PF13516.12      0.95    8.8  55.9       3.8    6.9   0.0  15.9  19   0   0  19  19   2   0 | SP+TM
VITVvi_vZin03_v1.1_P397.ver1.0.g402930.p01         -          LRR_6                PF13516.12      0.96    8.7  14.7       6.6    6.1   0.6   4.5   4   0   0   4   4   2   0 | TM
VITVvi_vZin03_v1.1_P53.ver1.0.g456560.p01          -          LRR_6                PF13516.12      0.98    8.7  98.5      0.32   10.2   0.1  19.5  25   0   0  25  25   7   0 | SP+TM
VITVvi_vZin03_v1.1_H000182F_002.ver1.0.g162280.p01 -          LRR_6                PF13516.12      0.98    8.7  20.5       2.1    7.7   0.7   6.5   7   0   0   7   7   2   0 | SP
VITVvi_vZin03_v1.1_H000103F_002.ver1.0.g128470.p01 -          LRR_6                PF13516.12         1    8.7  13.0       2.1    7.7   0.6   5.0   5   0   0   5   5   1   0 | SP+TM
#
# Program:         hmmsearch
# Version:         3.4 (Aug 2023)
# Pipeline mode:   SEARCH
# Query file:      pfam_models/PF13516.hmm
# Target file:     filtered_tm_sp_proteins.fasta
# Option settings: hmmsearch -A LRR8_alignment.stk --tblout LRR8_domains.txt -E 1 --domE 1 --incE 0.01 --incdomE 0.04 --cpu 8 pfam_models/PF13516.hmm filtered_tm_sp_proteins.fasta 
# Current dir:     /Users/briansu/workspace/mamp_prediction_ml/11_grape_analysis/Zinfandel_cl_03
# Date:            Tue May 26 16:47:27 2026
# [ok]
