{"train_loss": 0.6924206614494324, "lr": 1.4122396545099138e-09, "train_ce": 0.6924206614494324, "train_acc": 0.7142857142857143, "train_f1_macro": 0.48888888888888893, "train_f1_weighted": 0.7619047619047619, "train_auroc": 0.0, "train_auprc_macro": 0.0, "train_auprc_class0": 0.0, "train_auprc_class1": 0.0, "train_auprc_class2": 0.0, "_timestamp": 1746592643, "_runtime": 20290, "_step": 2679, "_wandb": {"runtime": 20802}}