{"train_loss": 0.6006938219070435, "lr": 1.4122396545099138e-09, "train_ce": 0.6006938219070435, "train_acc": 0.7142857142857143, "train_f1_macro": 0.5523809523809523, "train_f1_weighted": 0.5959183673469387, "train_auroc": 0.0, "train_auprc_macro": 0.0, "train_auprc_class0": 0.0, "train_auprc_class1": 0.0, "train_auprc_class2": 0.0, "_timestamp": 1747033000, "_runtime": 31111, "_step": 2679, "_wandb": {"runtime": 31676}}